filename,class,mfcc_1_mean,mfcc_1_std,mfcc_2_mean,mfcc_2_std,mfcc_3_mean,mfcc_3_std,mfcc_4_mean,mfcc_4_std,mfcc_5_mean,mfcc_5_std,mfcc_6_mean,mfcc_6_std,mfcc_7_mean,mfcc_7_std,mfcc_8_mean,mfcc_8_std,mfcc_9_mean,mfcc_9_std,mfcc_10_mean,mfcc_10_std,mfcc_11_mean,mfcc_11_std,mfcc_12_mean,mfcc_12_std,mfcc_13_mean,mfcc_13_std,delta_1_mean,delta_1_std,delta_2_mean,delta_2_std,delta_3_mean,delta_3_std,delta_4_mean,delta_4_std,delta_5_mean,delta_5_std,delta_6_mean,delta_6_std,delta_7_mean,delta_7_std,delta_8_mean,delta_8_std,delta_9_mean,delta_9_std,delta_10_mean,delta_10_std,delta_11_mean,delta_11_std,delta_12_mean,delta_12_std,delta_13_mean,delta_13_std,delta2_1_mean,delta2_1_std,delta2_2_mean,delta2_2_std,delta2_3_mean,delta2_3_std,delta2_4_mean,delta2_4_std,delta2_5_mean,delta2_5_std,delta2_6_mean,delta2_6_std,delta2_7_mean,delta2_7_std,delta2_8_mean,delta2_8_std,delta2_9_mean,delta2_9_std,delta2_10_mean,delta2_10_std,delta2_11_mean,delta2_11_std,delta2_12_mean,delta2_12_std,delta2_13_mean,delta2_13_std,spectral_centroid_mean,spectral_centroid_std,spectral_bandwidth_mean,spectral_bandwidth_std,spectral_rolloff_mean,spectral_rolloff_std,zero_crossing_rate_mean,zero_crossing_rate_std,rms_energy_mean,rms_energy_std
1-17124-A-43.wav,car_horn,-344.64502,103.69787,6.5411143,16.475721,-5.7043633,14.552651,0.91622174,2.5462797,0.2513262,1.6031079,-0.069675066,1.2624696,0.4519281,1.4326104,0.9524604,2.776894,-0.54901284,2.1942496,0.05350639,1.1780138,0.077200286,1.1472079,-0.056245573,0.94599074,-0.19390109,1.3084781,-1.9303983,8.185134,-0.3084359,1.575755,0.26588953,1.103279,-0.039797224,0.20972593,-0.021459814,0.3014991,-0.016824689,0.21079986,-0.0053866333,0.18155494,-0.00014057395,0.33732423,0.053371932,0.26631725,0.018233804,0.16432346,-0.0026980161,0.16414653,-0.0027239502,0.094919905,-0.015529107,0.21417782,-0.25794086,3.7577767,0.084872395,0.8195616,0.07362879,0.5768907,-0.025360871,0.16960014,0.027735656,0.23038945,0.00057772314,0.16830404,-0.005613478,0.09024349,0.005879261,0.20917767,0.022367379,0.19705452,0.017528143,0.19065523,0.020725938,0.14465363,-0.0017462927,0.077291854,-0.016572496,0.21258117,275.15218949468823,667.2363225707743,200.80351560023385,492.5484092588396,429.6377388535032,1058.7108463068287,0.028531797372611464,0.07183847767429673,0.01321801,0.0449346
1-19026-A-43.wav,car_horn,-313.12894,114.69015,18.165976,26.829283,-1.5153108,12.318264,-0.08505504,5.9996324,-0.9311198,5.744779,-1.1161532,5.950347,1.2548631,4.7483363,-1.9272772,7.311126,-2.7464237,8.054995,-1.7827768,4.7063203,-1.3869355,3.4518511,0.23806855,2.3456259,2.3543642,3.6941864,-1.8199968,6.5917106,-0.12486134,2.427977,0.012430312,1.4249281,0.04151477,0.7684653,0.03264654,0.60012406,0.029165527,0.67703897,0.019205894,0.5912488,0.10374096,0.68635434,0.15080333,0.7960682,0.07174391,0.48354095,-0.020227334,0.5536219,-0.0037089458,0.41817018,-0.0035978593,0.30100444,-0.7663795,5.414383,0.16795182,1.5298377,0.09051055,0.7651549,0.04186253,0.49241376,0.051798686,0.43195066,0.051137522,0.4299295,0.04724459,0.43133634,0.061674234,0.56125903,0.08509522,0.798894,0.042843927,0.42632163,0.0051885047,0.3200505,0.023083469,0.26013324,-0.0037766658,0.19887511,586.2032428296368,857.076933895436,650.0992116785396,825.9491477931386,1172.5716560509554,1772.2092404677187,0.0390562798566879,0.06141226274974704,0.035930835,0.1008045
1-24074-A-43.wav,car_horn,-93.0229,23.528856,61.840458,11.719718,-31.851995,7.7294364,13.182093,10.223302,-2.040716,6.784752,6.338433,5.019007,14.6425905,4.0399384,-2.1366014,4.808169,0.5254334,3.526411,3.766366,4.2145023,-5.652872,3.286835,0.3452116,3.7053423,2.2144923,3.3129203,0.5689782,2.991823,-0.17858319,1.6813446,-0.21012118,0.9878012,0.01913652,0.9833589,-0.12880665,0.89903665,0.0068205935,0.73305273,0.08618646,0.58748806,-0.07170141,0.7236679,0.03511071,0.53084934,0.03409906,0.6475092,-0.04836631,0.44182628,-0.043227762,0.5316738,-0.04462147,0.57313085,-0.15731503,1.127185,0.01784956,0.7517498,0.027490182,0.50664234,-0.015858646,0.48274347,0.06300679,0.5454038,0.0022694473,0.524244,-0.043546483,0.39899954,0.019005295,0.46806487,-0.029505316,0.36195475,-0.0015793921,0.48364887,0.039548118,0.35670254,-0.02456927,0.40861592,-0.008939388,0.41506943,1548.1549388043572,295.71556990200594,1289.7750257291377,103.3173085924585,2701.433121019108,385.1772979571834,0.1715142316878981,0.05894252110071568,0.09873329,0.05799559
1-24076-A-43.wav,car_horn,-64.04222,37.13073,45.447323,14.1961975,-15.941994,8.49054,6.8512774,4.6875386,2.9643707,3.736835,3.3298745,5.169096,6.2833834,4.103181,6.3117485,3.3893495,4.934341,4.4979954,1.194091,4.531853,-4.0633445,5.376742,-1.5257207,3.9956064,1.8753954,3.2445807,0.049372192,4.335933,0.032247093,1.9650539,-0.11464385,1.0056361,0.007927798,0.81291676,0.011148405,0.5701886,-0.022878526,0.7329774,0.0016056178,0.6345352,-0.012994201,0.52749234,0.024839744,0.5537084,0.018277183,0.6485197,0.020076843,0.7679073,0.0066689565,0.5835579,-0.0062136683,0.50287455,0.04596353,1.6851978,-0.06532437,0.89214563,0.04773449,0.5078809,-0.026138976,0.49776623,0.010623568,0.39661217,-0.0043819747,0.3854735,0.011114143,0.4365555,-0.0067640883,0.3635946,-0.006277994,0.32815555,-0.023828963,0.40375456,-0.012907025,0.4270018,0.024529194,0.41794968,0.0041973484,0.35623646,1755.1610225118493,324.42541677405,1699.5450332275752,145.35532355999598,3403.562898089172,540.3174816864287,0.14373507165605096,0.05797613365050868,0.13801907,0.08433975
1-254507-A-43.wav,car_horn,-126.55996,62.775307,73.971436,26.306297,-2.5363479,6.6800714,24.218239,8.432984,8.873516,8.767408,4.717036,11.359283,4.6656084,4.857671,3.0808141,4.0417347,1.7798443,8.6167555,0.12257706,2.6740372,-2.8124325,3.78234,1.1110508,2.7896569,-0.3121905,3.2173107,-0.62793696,2.5504405,0.32833302,1.5889236,0.10884443,0.801912,-0.16293228,1.0878363,0.054287545,1.0797583,0.16720434,1.0137806,-0.11829359,0.8178139,0.0074232887,0.54274946,0.1510389,0.69924724,-0.030791301,0.41120115,0.0072977226,0.34001452,-0.020602511,0.40366748,-0.014278965,0.53981775,-0.033061676,0.62621677,-0.025340557,0.4908282,0.012425011,0.45688394,0.026478343,0.4667722,-0.0046102805,0.48722494,0.016733719,0.42610446,-0.02456925,0.396049,-0.009504864,0.30916843,-0.005223721,0.3706767,-0.017185736,0.3152295,0.013375252,0.3032503,0.0015654431,0.30930465,0.017934978,0.3097063,1056.459747406683,629.3263498317167,1228.5048293806617,247.25371213914318,1945.1632165605095,928.6867084869829,0.08741167396496816,0.10343741046997115,0.15674958,0.15203534
1-26176-A-43.wav,car_horn,-336.18253,147.22615,5.7387476,17.46812,0.5822146,2.9982276,3.2445512,7.414715,-2.6035354,6.391397,-0.13398199,1.8844569,1.4932969,3.69717,-1.3812718,4.4602685,1.8940935,4.0611615,-0.41423097,3.0640194,-0.038308404,2.5063295,-0.24745353,1.9305788,-0.96537596,2.8970408,-2.3320553,8.502396,0.064815246,2.2142582,-0.050800674,0.3357744,-0.114269584,0.6071876,0.1259739,0.4168213,0.02394277,0.38152447,-0.09802179,0.29214725,0.05268648,0.491393,-0.08050468,0.22752109,0.041405458,0.35927692,0.018666375,0.34052122,0.03479248,0.315642,0.014937974,0.3578733,0.006904819,3.7407482,0.025551949,0.89745283,-0.008929118,0.23988731,-0.022538258,0.2581418,0.018093495,0.28337407,-0.019904641,0.2571998,0.003902988,0.19525224,0.023813901,0.23926932,0.017996468,0.18684691,-0.0072200852,0.18834725,0.0054328428,0.22825207,-0.035630554,0.26357096,-0.00019742805,0.17154202,640.1363271774628,1184.0682632167918,471.51051332215053,823.5758707064921,1165.6050955414012,2102.1390100792496,0.06796750597133758,0.13859856568315052,0.03001148,0.06849338
1-26177-A-43.wav,car_horn,-264.43454,172.0338,14.680526,19.368752,-11.344508,15.068762,-3.6311758,5.1460233,-7.430383,9.917325,-3.496082,5.1200852,-3.3022127,4.7527404,-4.0926495,5.8840876,-3.9986525,5.6124654,-4.171847,5.873555,-2.505317,3.731763,-1.7793758,3.0164216,-0.5134869,2.562205,-2.1523933,9.839384,-0.23782392,1.1038659,0.16933261,0.75550973,0.055871695,0.48455742,0.101209916,0.6564743,0.06320195,0.4363281,0.063988775,0.47766203,0.08918774,0.41105846,0.034100752,0.52842724,0.020347167,0.48260894,0.027928546,0.33244213,0.022392655,0.29191628,0.037070062,0.4607393,-0.09858919,4.2858653,-0.004446859,0.5809348,0.0007965185,0.35280734,0.0006487582,0.32157376,0.013899172,0.35458905,0.008470397,0.25838366,0.021737766,0.31665197,0.010747916,0.3228176,0.013215055,0.29419884,0.0050248145,0.24446331,0.0023903877,0.2345566,-0.01487738,0.25811064,-0.014229507,0.27064157,712.3167256034804,929.6275258075335,608.8651147212274,790.5997129134646,1340.1671974522294,1756.0106632232985,0.061710041799363055,0.08157369186748653,0.06545257,0.09064777
1-28808-A-43.wav,car_horn,-42.731308,14.590983,47.67178,9.080895,-23.412708,8.059433,8.899442,3.6814957,-2.3250558,4.4353476,12.573174,5.380627,2.6550572,3.4096322,-2.7671108,4.2993155,-2.3734937,3.6579304,0.09783381,4.5891647,1.090447,3.3203719,1.3435674,2.9344401,0.9521275,3.804272,-0.2353272,2.6872816,0.15954876,1.0963974,0.08232627,0.9017048,0.024214469,0.55086267,0.02777625,0.5464171,0.08266339,0.71906364,-0.02809645,0.5432896,-0.00998412,0.7546144,0.035548776,0.59559464,0.059843466,0.6177125,0.004691165,0.5737738,-0.030642694,0.4631585,-0.007710214,0.6337221,-0.11202562,1.6260803,0.01474888,0.7434799,0.014587244,0.53050005,0.0042523732,0.48179096,-0.01202998,0.40807053,0.00031340806,0.5890683,0.00015214902,0.44300473,0.009583519,0.4249596,0.036723897,0.46586925,0.019935016,0.4482649,0.013426728,0.40314087,0.02611806,0.34642926,0.025573518,0.45654407,1785.5505021443118,196.99116551278058,1558.4074045108412,96.33936049983961,3405.8519108280257,275.6257641574311,0.15769307324840764,0.03129207155100845,0.17102195,0.047016606
2-100648-A-43.wav,car_horn,-54.8152,16.30494,34.419212,17.781921,-0.4729871,5.137287,4.5025263,8.126982,0.36411107,6.5277247,-8.05134,7.5509057,0.21853599,5.57669,-3.0878122,6.1963115,-3.6977637,3.8481684,-0.85342234,4.752601,0.79289293,4.732275,-1.1649417,4.7891135,-3.1077929,3.8888223,0.31664428,2.456204,-0.047103103,2.4290912,0.07756807,0.6518276,-0.014899302,1.2095637,0.03756478,1.0228555,-0.017479446,0.8025451,0.030485244,0.90868354,-0.003107733,1.021096,0.027936304,0.480223,0.002625842,0.6693142,0.0050687,0.6828212,-0.03392592,0.6954376,0.019884951,0.5721138,-0.12108934,1.2645606,0.06908811,1.4504645,0.01056492,0.37789997,-0.05709909,0.7380855,0.01442262,0.563597,-0.008413933,0.40852842,-0.0399048,0.7238539,0.025753142,0.5621458,-0.034747932,0.37327093,-0.03143566,0.39733258,0.0018162336,0.45036358,0.0030394148,0.44612157,0.016586084,0.36764738,2421.7250697202976,420.1671114712505,2109.585155949401,140.57702725884482,5208.897292993631,804.3447255997619,0.2093700238853503,0.0589430849501653,0.15793929,0.20655073
2-125520-A-43.wav,car_horn,-238.26901,108.67377,29.990713,12.488656,-40.6173,19.524462,-19.762346,11.885946,-10.601366,11.104442,0.6147552,9.286851,-4.6460266,8.398737,-0.15193614,6.724526,-10.609537,11.728427,-4.378716,5.1816573,-12.958061,7.222832,-12.920765,9.562896,1.6315335,3.9391782,-1.9414972,14.810935,0.12931728,2.1358712,0.27130452,3.1584728,0.011200425,1.694003,0.1901027,1.6233435,0.15806206,1.4039502,0.18359372,1.1991507,0.114450514,0.93655133,0.15942337,1.4591974,0.14247784,0.98428655,0.13522619,1.1947511,0.07128962,1.332167,-0.0447384,0.6276223,0.027256725,5.454356,0.061891958,1.5264977,0.06571267,1.3196328,0.05571075,0.9361706,0.024620606,0.8386512,0.00091145793,0.6883444,0.004057026,0.7470331,0.037136395,0.4755615,0.05442578,0.64126855,0.043234702,0.63585335,0.01459135,0.61420995,0.014879513,0.6522721,-0.029008746,0.41684496,1591.1750503920678,232.17757988265504,1390.7766445351538,303.3629279520113,2727.8065286624205,775.6429510728098,0.13244551154458598,0.028063243497443883,0.03351312,0.028778853
2-128465-A-43.wav,car_horn,-93.44657,17.43057,56.802902,12.243364,-19.933683,7.964364,30.975496,5.760159,-20.245466,5.759807,8.489046,3.050469,11.885699,3.9573424,-12.84589,3.5728397,6.846329,3.6522188,-1.8687072,3.1154344,-8.02625,2.8900778,3.0497246,2.385548,-1.6836237,2.7698374,0.25706264,1.3282555,-0.15421225,1.3597732,0.15249492,0.786928,0.08031301,0.5580355,-0.08708131,0.6079609,0.025712503,0.39038974,0.09222856,0.44086686,-0.037159488,0.5882286,0.054567758,0.42915195,0.019253306,0.47343573,-0.0037867127,0.37209693,-0.012042607,0.3056739,0.0052730944,0.46536028,-0.037796244,0.7883839,-0.007829652,0.830888,0.0069714566,0.48412085,-0.00957411,0.37674206,0.0013603504,0.38259873,7.101457e-05,0.3616056,-0.00016411551,0.29123226,-0.0029845003,0.4266051,-0.023382647,0.38015407,0.008162743,0.34927353,0.0025556975,0.2990121,0.014311845,0.2517235,0.009630736,0.35402673,1883.1384087736599,322.28232950078734,1418.1708091057542,103.14483224426266,3350.7165605095543,258.4015413361954,0.26027567675159236,0.0740046307468194,0.081052706,0.031359497
2-128465-B-43.wav,car_horn,-70.00742,19.755201,53.786762,9.11466,-19.687185,3.2243931,23.442986,4.2451863,-13.940226,3.9807127,0.065703966,5.5217133,13.926282,6.5513415,-7.4237113,5.130804,-1.0184429,3.0957909,2.638273,3.0085251,-4.686745,2.9828508,-3.392366,3.669513,1.585481,3.0033214,-0.24482137,1.4924203,0.101264745,1.229937,0.001686403,0.4147099,-0.08932387,0.5733561,0.0486868,0.3957715,0.021223024,0.6827034,-0.09719082,0.7514174,0.035562545,0.71968126,0.015056328,0.37904307,-0.045438003,0.39847207,-0.030134229,0.39894417,0.0026096841,0.4591191,-0.03346031,0.3123765,-0.052360296,0.6263826,-0.005328605,0.48015535,-0.010995746,0.27562484,-0.00448127,0.33791947,-0.012608161,0.28985712,-0.0071439045,0.33425117,0.01137859,0.41601673,0.0047977283,0.3781655,0.019324953,0.3128428,0.004771797,0.28143957,0.0034129776,0.2593688,0.009975865,0.29203564,0.0074910987,0.27533802,1877.1495527661848,252.76379127067992,1440.7596178823926,53.90401438996625,3101.9108280254777,155.4776491113746,0.2526062400477707,0.0687240921563935,0.117718056,0.051804263
2-138465-A-43.wav,car_horn,-109.593475,9.685636,55.56889,8.232269,-13.764294,3.86253,19.887768,3.953153,5.598154,3.220535,16.612106,3.4393353,3.910057,3.024708,5.6704273,2.9845128,5.758002,2.5235808,0.79269207,3.1833336,3.8366706,2.7483344,-0.06399475,2.9713967,3.4355345,2.483858,-0.22382948,0.80254763,0.13013676,0.6518747,-0.037756994,0.42559975,-0.02696572,0.44074365,-0.0094069475,0.40958297,-0.029834233,0.42187223,-0.0006541014,0.4142818,0.044239957,0.38041565,0.010003675,0.38023254,-0.072486624,0.41536805,-0.027167248,0.369432,0.0033241215,0.41718185,-0.008458966,0.31728694,-0.035483498,0.5684034,-0.0026367144,0.40312642,-0.0036204946,0.32209063,0.0074640294,0.3190283,0.01573027,0.3550028,-0.00070758,0.32718363,0.004839255,0.32114395,-0.002559869,0.36013082,-0.0085825855,0.3228306,-0.009303603,0.28900483,0.0022812027,0.3007891,0.019084893,0.32336813,0.0040028794,0.2644952,1367.34969564777,213.44660379131798,1578.7487861661127,117.40745715574349,3013.3359872611463,473.6172966867242,0.06517466162420382,0.022889194348022057,0.08514006,0.020104555
2-144137-A-43.wav,car_horn,-257.07092,183.27747,-1.3922569,5.178497,-15.747835,20.552095,-2.289917,3.7221544,-5.3313723,7.264486,-6.9290857,9.255219,-3.0139878,4.8595433,-2.4235659,3.6007915,-5.8372607,7.8682327,-6.5282536,8.687054,-6.897191,9.194731,-1.8322793,2.9252481,2.3962197,3.6419802,-6.803282e-07,15.93843,-4.555769e-09,0.7770977,-2.4297435e-08,1.6905484,-1.5185897e-09,0.3676864,-3.0371794e-09,0.70404106,0.0,0.835967,6.074359e-09,0.6077934,0.0,0.3847017,-6.074359e-09,0.7011441,-6.074359e-09,0.77394813,6.074359e-09,0.75620174,2.2778845e-09,0.267737,1.5185897e-09,0.4152326,-2.4297435e-07,6.767022,-3.986298e-09,0.57623,6.074359e-09,0.6411437,1.5185897e-09,0.26099622,-3.0371794e-09,0.3708166,1.5185897e-09,0.40170908,-3.0371794e-09,0.37678704,1.5185897e-09,0.21899508,1.5185897e-09,0.33783084,0.0,0.37137437,1.5185897e-09,0.35679194,0.0,0.1757303,-3.0371794e-09,0.27436665,972.2942917223461,1237.2526380658503,681.1962587353867,864.3157453454501,1705.7125796178343,2179.4393736857764,0.09597681130573249,0.12210993258278537,0.13361046,0.17788614
2-42101-A-43.wav,car_horn,-92.12786,16.968065,77.70543,3.6006413,-4.4837794,4.312443,13.201566,3.1018527,5.5605035,3.737577,4.5735717,3.009183,3.7005055,3.6839483,4.795522,2.8662486,2.7130861,3.134638,-0.37864324,4.4736395,2.6760807,3.9831545,2.778285,3.0086138,0.40935114,3.2269566,-0.14092836,0.9577897,-0.008731555,0.45414627,-0.02238302,0.55495954,-0.03730618,0.37824556,0.0012497203,0.38177818,-0.010554152,0.3695889,0.06512083,0.4718817,0.02847305,0.3730758,-0.022069639,0.458522,0.020792017,0.40590605,-0.019231554,0.4233431,0.0109124305,0.39471233,0.010546034,0.45413074,-0.019175826,0.4054125,-0.0052189324,0.26915228,0.018079445,0.34174696,-0.0067023016,0.268016,0.020734522,0.29540306,0.008381842,0.27949628,0.0097369095,0.29574844,0.01467817,0.2981319,0.018606404,0.3035877,0.019817825,0.26974124,-0.004110283,0.29880527,-0.0020518478,0.3214399,-0.011823331,0.2827854,1000.6685038243504,110.35283553625545,1342.5801880581646,68.33786901957679,2011.1464968152866,195.236258649743,0.05042670183121019,0.022932942106366434,0.14076811,0.059564702
2-54086-A-43.wav,car_horn,-302.86386,120.142525,-8.308561,15.274797,0.06654737,7.534404,17.096565,17.96033,-8.523534,14.51856,-5.7370915,11.418244,12.5246725,13.335894,-2.109714,5.167042,-1.6716101,6.066322,6.2190375,7.117838,1.1277411,3.3807356,-0.88609624,3.6154125,1.0510159,4.090505,-1.8604602,8.736638,0.16074735,1.7504781,0.07775659,1.1973643,-0.25708356,1.3864703,0.19253781,1.6119986,0.1779003,1.3792813,-0.19142865,1.0141221,0.024108209,0.8492467,0.06870247,0.96863383,-0.13454643,0.8570723,-0.0030783825,0.64669764,0.05681895,0.6053407,-0.011767855,0.68749535,0.054059558,3.294911,0.06584628,0.9787343,0.017315276,0.5127219,-0.0025411746,0.53842986,0.012840259,0.58198905,0.0020132915,0.5104803,-0.012269207,0.4069049,0.0020010106,0.42256886,0.02003462,0.4097568,-0.006260694,0.3436832,-0.01865653,0.3802946,-0.0069053946,0.29209375,0.011148097,0.3296931,1200.2674619554446,1274.1795649118294,915.8713237966854,900.7002038603289,1926.4530254777071,1856.2325928548596,0.10760847929936306,0.1559792332349284,0.062091663,0.101000845
3-145577-A-43.wav,car_horn,-323.1321,105.87992,5.8777065,17.140886,3.4926448,8.343281,5.901177,12.676317,0.84623826,2.6682417,0.62720484,2.782816,3.1628497,6.793584,0.46480265,2.3686018,-0.74849385,2.979213,1.2094531,2.9904966,-0.19735906,1.5199068,-1.1980042,3.659233,0.9557833,2.7690341,-1.9331009,5.8267736,-0.120285474,2.8460262,-0.14114006,0.63418585,-0.22656563,0.672988,0.0065804697,0.34468293,0.011142416,0.41401055,-0.12377191,0.50700486,0.042899553,0.43183997,0.056841128,0.31572834,-0.03702346,0.43507677,0.02210288,0.2180072,0.076122336,0.29643995,-0.05476476,0.43621686,0.014694985,1.6327231,0.024795903,1.1176411,-0.04147129,0.3771681,-0.007296732,0.22608373,-0.0037779778,0.22722232,-0.015836142,0.22592877,-0.011579117,0.30226535,0.0077579627,0.23063216,-0.0021524844,0.1302547,-0.013739003,0.18750404,-0.001917265,0.17123099,0.020170601,0.15631624,-0.006041199,0.22133456,293.9113656889834,683.7709870845046,366.7410662270206,776.8166097970309,669.7850318471337,1582.884640269704,0.01923268312101911,0.04851632914571068,0.042537507,0.09668563
3-146697-A-43.wav,car_horn,-207.50652,28.540308,79.407234,8.685603,7.217611,4.2128463,6.5436053,4.4336104,9.595198,5.0325494,10.372793,3.684146,6.6454144,3.1981354,7.8339224,3.5201974,5.5210986,2.2582505,2.2805233,2.7541637,1.6682379,3.50571,3.4363809,3.2557182,3.484873,2.947419,-0.3197965,1.4088429,-0.08742505,1.1598495,0.05178421,0.54164386,0.025245102,0.6068028,0.00987338,0.46350318,0.07285139,0.45007145,-0.018921714,0.56135267,0.001764258,0.4228851,0.03936081,0.34967318,0.017910868,0.36236238,0.041326728,0.3808923,0.023137342,0.33934975,0.018219935,0.3810065,-0.046318308,0.68234444,-0.00645795,0.58698756,0.008937661,0.30756727,0.006482592,0.37275144,0.011932897,0.34762523,-0.005137166,0.29227042,0.008259769,0.39800847,0.0019763063,0.283874,0.015728412,0.2559193,0.012592853,0.25446534,0.005848278,0.28557605,0.010694328,0.30159235,0.015416112,0.30504194,649.2669801011353,225.11362433495697,1234.5115110490565,178.4857293417081,1245.0238853503186,562.6687153443496,0.01904607882165605,0.013787183026896214,0.047031403,0.014377863
3-153057-A-43.wav,car_horn,-334.68948,103.15911,8.933411,20.839596,-2.1105814,5.717374,6.1835074,12.968217,2.0337832,4.31709,2.2211323,4.572116,1.8244678,3.884557,0.6157452,1.8054143,0.77601427,2.068053,1.5312892,3.2754023,0.16326077,1.7059965,-0.15466851,1.8415056,0.045913227,2.15494,-2.017344,5.3832283,-0.15622196,2.510592,0.10680827,0.3988697,-0.22645068,0.7627372,-0.036240786,0.42962518,-0.06925659,0.33709386,-0.05182663,0.37679443,-0.014935298,0.25270203,-0.021320095,0.25850934,-0.055495203,0.28053764,-0.010774602,0.29067975,0.032547105,0.24740103,0.03218021,0.3368633,0.017624818,1.7043737,0.033551477,1.0224735,-0.028575843,0.359673,-0.043760113,0.4236872,-0.008370529,0.2802416,-0.0059320284,0.15267986,-0.02032851,0.2615277,-0.0049657812,0.16257903,-0.0040639457,0.15502027,0.006731729,0.17909928,0.018191434,0.20735846,0.018537084,0.20887405,0.0055234977,0.15293439,213.05195189927002,519.0612772306382,267.7966310520373,546.3283021994922,440.68471337579615,1032.4883675940162,0.018150378184713375,0.047487830667627434,0.029904082,0.06851482
3-155130-A-43.wav,car_horn,-175.92108,32.760754,62.01552,16.697863,4.565069,6.8771477,7.545589,10.586735,1.3409035,7.384283,5.2624884,6.759514,4.12494,3.9076588,2.0796347,7.5603046,-0.033862248,3.729035,0.5915441,2.530687,-2.37497,4.148436,-1.0844077,6.5131836,1.6806588,2.6104243,0.21634616,4.285276,-0.029804833,2.2064188,0.076294795,0.4655676,0.07061885,1.2947532,-0.01378739,0.8935639,-0.0007983332,0.8516563,-0.016440164,0.39391258,-0.020836787,1.0517508,-0.030062154,0.5328309,-9.243656e-06,0.37342572,-0.050476424,0.5679298,-0.0010528556,0.80650264,-0.007773309,0.36580476,-0.031552292,1.8048899,0.0074198376,0.98218155,-0.011444394,0.33077347,0.018340532,0.60873115,0.0042891596,0.46160734,0.0006524123,0.43003184,0.023654161,0.30343223,0.0009328309,0.49485177,0.014706845,0.32315746,0.01777402,0.268148,0.0053119794,0.29808363,0.0038463848,0.3755932,0.0071394225,0.32512748,1364.5398010851986,398.3828841242509,1662.2563468215078,99.98080045345975,2671.9745222929937,549.4083633411187,0.08293317078025478,0.05701469407027341,0.03241244,0.038926084
3-155234-A-43.wav,car_horn,-141.07146,12.7356,72.25791,7.1281877,-4.590405,6.0011024,17.580221,5.042827,2.476703,3.2862585,3.8758879,3.1158319,3.3013396,2.9948168,3.1720755,3.2546782,4.787907,3.0629563,1.7360653,3.2871387,-0.705793,2.7114394,2.1655502,3.027652,-0.45809326,2.7657893,0.061088916,1.0757766,0.0014801937,0.75908595,-0.026711956,0.6742493,-0.018930266,0.6212154,-0.005887198,0.4454957,-0.029833034,0.5332381,0.006559591,0.44168422,0.015776537,0.5080522,0.060086817,0.484001,0.03179288,0.45228338,0.010632949,0.2884153,-0.030420164,0.47139138,-0.0047018575,0.38888466,-0.042780805,0.58167297,-0.022352595,0.52088827,0.015130086,0.5207125,-0.03649211,0.43674427,-0.009180417,0.35819933,0.025164567,0.42507198,0.018299758,0.3553963,-0.007404241,0.3447896,0.0024458952,0.31047392,0.023434315,0.30222392,0.0025659928,0.24638484,-0.0039779283,0.33738858,-5.242779e-05,0.29999524,1047.0640836812527,129.2966052159104,1385.5201514297867,97.73822634783615,2185.111464968153,335.9307444749925,0.0673952527866242,0.024890964937771237,0.0468666,0.008121577
3-161010-A-43.wav,car_horn,-111.84789,9.893827,37.09726,2.443019,8.772703,6.933521,9.002207,2.9943097,6.736849,2.8095024,8.650694,2.6952145,4.3588448,2.765233,1.2266171,2.8846066,4.0199275,2.4875448,2.2318287,2.6547537,-0.060200516,3.034739,0.41032818,3.1316226,-1.2954564,2.6848264,0.18853879,1.171765,0.01907588,0.37839735,0.02701712,0.784994,-0.005828848,0.4635996,0.021034664,0.4499287,0.008086195,0.39716622,0.011491535,0.45105228,-0.009148845,0.3511637,-0.008831606,0.39531666,-0.032002084,0.38825235,-0.018343406,0.455269,0.00988777,0.4716107,-0.0010702044,0.44075045,-0.040338915,0.61917645,-0.011116512,0.28459898,-0.02717324,0.44224674,-0.009685302,0.31007552,0.011941931,0.3406883,-0.0064496356,0.31804955,0.0057661375,0.36619726,-0.0024425178,0.35437083,-0.0029321052,0.27415818,0.0053619123,0.32369807,0.0041431007,0.32864204,0.0010578306,0.32090926,-0.008992674,0.34306625,2223.720646737387,114.94021431696498,2249.281193520871,76.96811545915044,5194.765127388535,228.36664753564972,0.14786524681528662,0.028069656375841374,0.042417306,0.0075455867
3-174840-A-43.wav,car_horn,-304.30383,101.31002,0.25359252,14.870355,-8.051752,12.845972,16.911545,17.50669,-10.148918,12.842449,0.7627912,4.238079,-4.8920827,6.549699,-10.567479,10.469748,4.420574,6.983738,-9.441581,8.794692,-10.830279,9.294006,-1.9439747,3.3868458,-6.5186133,6.846853,-1.9038903,2.4704359,0.18838748,1.1038017,0.01766456,0.9309853,-0.26705638,0.998527,0.13244356,0.7653909,0.002501254,0.6238584,0.10600345,0.7457208,0.10423925,0.7738962,-0.010451878,0.6747008,0.1681801,0.59617317,0.09053261,0.67978215,-0.013612023,0.54778266,0.10084377,0.56166726,0.029327981,0.8609668,0.024321022,0.60546714,-0.009518418,0.47840512,-0.0049354197,0.47116047,0.0013027176,0.36370426,-0.0007161274,0.40464997,0.0031384784,0.45834425,0.0165412,0.37826595,0.0013668279,0.3676411,0.009292605,0.38714433,0.016754584,0.3634159,0.007765964,0.33294663,0.011249438,0.30855864,1814.7470361644625,1228.9139673244633,1083.2822296452005,732.0585579153595,2815.0875796178343,1831.9524715381442,0.23639032643312102,0.17621142300174014,0.04380493,0.101934776
3-243726-A-43.wav,car_horn,-172.07379,12.88925,53.76257,5.4010224,-7.0494595,6.724771,5.8803167,4.2989964,1.6711589,3.6584117,0.69592994,4.387145,-1.5036924,3.5384128,0.7182249,4.6785607,-2.6216156,4.095396,-3.364774,3.1463048,-5.24102,4.4640927,1.4859782,3.0993583,3.5705676,3.5246043,0.38657835,1.624671,0.0072321435,0.7457267,-0.09448591,0.7797016,-0.058569323,0.6626288,0.02945909,0.5235867,0.024369063,0.64085484,-0.02806179,0.5069203,-0.009422974,0.68331313,-0.039489754,0.70748687,-0.038139187,0.40513477,-0.007473452,0.5786088,-0.0003611343,0.4456116,-0.010664009,0.48401242,-0.11543794,0.6787742,0.011530926,0.5097714,0.02186651,0.55533946,0.020740902,0.48796028,0.0067627975,0.38836518,0.030819913,0.38948488,0.01043871,0.43104127,0.0041489503,0.4665108,0.047137875,0.47037882,0.024615575,0.31070143,0.010902152,0.42930463,0.0055075875,0.4452067,-0.025739014,0.34562132,1736.1307218427144,179.5263541703899,1774.4191451632375,142.1748575982863,3605.891719745223,551.6344832623433,0.13272541799363058,0.022891643498258184,0.014153134,0.0037142895
4-175845-A-43.wav,car_horn,-162.29094,102.320114,61.64299,30.869164,-5.782214,8.781694,6.2357006,5.112111,10.339486,6.360348,10.176464,5.9278035,8.269245,5.017826,7.62884,5.0951147,0.71356505,2.8617477,1.9058216,4.6925154,2.4959874,2.4872448,2.5970404,2.6565769,4.6412497,3.9321706,-1.4850856,7.5551157,-0.4616,2.6503272,0.02376369,1.0189594,-0.023131283,0.51797235,-0.062546626,0.77680427,-0.07293377,0.5583894,-0.09010758,0.49078405,-0.044342443,0.63591737,-0.028234713,0.42191127,-0.03879926,0.5805515,-0.027758036,0.36722922,-0.03216119,0.38247523,-0.02951384,0.46203476,0.00022935032,3.413405,-0.010974298,1.2408441,0.008119916,0.5512458,0.00833019,0.38187748,-0.010629035,0.4764722,0.0057138735,0.41915026,-0.002487945,0.34301785,-0.002662239,0.42155397,0.008308638,0.3196324,0.00089039013,0.38863114,0.0049031056,0.28758734,0.0008484524,0.23038043,-0.0051732217,0.30505675,622.503719686763,361.8431142446098,999.0343872015231,491.86417881177283,1233.7778662420383,738.1943163193843,0.025832255175159236,0.036093780336627974,0.17711708,0.09868019
4-175846-A-43.wav,car_horn,-297.50812,140.88326,42.707565,40.76971,-7.104983,7.7783303,5.499086,7.887395,0.1995143,5.0212193,0.19425867,4.4112988,4.761996,6.1863985,-1.8702762,6.608791,-2.6511247,4.1502743,0.7627523,2.9278438,-2.0933044,3.6790707,1.0131514,2.4431002,3.663419,5.5629463,-0.9569222,8.0457535,-0.66752994,3.4954298,-0.0004494236,0.65619916,0.052704666,0.90519196,-0.060076952,0.6691542,-0.09673354,0.63122404,-0.020212656,0.5044004,-0.054548446,0.9481176,-0.009230234,0.37405536,0.008841693,0.3797317,0.006081574,0.3620327,0.0005921908,0.30876508,0.039008167,0.6374947,-0.2953236,2.6743855,0.028678864,1.5553414,0.029562864,0.4062684,-0.022128923,0.3025844,0.020438857,0.3033454,0.007835719,0.32039243,-0.018098157,0.2737808,0.0066943155,0.45438468,0.010606863,0.2774816,-0.0149079645,0.29607713,-0.007444962,0.20120324,0.003273599,0.20979686,0.010865995,0.30697474,629.4473047825892,606.9486392695733,701.9972908915852,633.1546490923217,1185.0119426751592,1156.892022372799,0.05399084394904458,0.057707840765196985,0.02145021,0.025312807
4-175855-A-43.wav,car_horn,-286.1288,113.53673,39.736626,42.50856,-7.612459,10.443071,2.2927706,5.5994897,0.7067044,3.372884,2.668077,6.283676,0.7202923,4.0456114,0.743349,3.243134,-1.4141424,4.9771504,-2.2878377,4.4635715,-0.102313556,3.6106691,1.0189781,2.4741728,2.6376247,6.2952056,-0.4915618,8.739061,-0.71614164,3.5173292,-0.057551473,1.1886976,0.055069517,0.91587263,-0.057586726,0.46674576,-0.12638026,1.0139406,-0.043492917,0.6814693,-0.04586112,0.48431474,-0.046921145,0.70707893,-0.012576137,0.59876496,-0.023976782,0.50898343,-0.008746279,0.3074234,0.020106133,0.88855696,-0.06830293,2.543623,-0.06828354,1.4371371,-0.00066560163,0.46140838,-0.011806421,0.28635317,0.0022544814,0.2504453,-0.014583612,0.38975772,-0.01938043,0.31142515,-0.02772797,0.34511253,-0.020647211,0.41245922,-0.020853857,0.28311336,-0.009598125,0.21744199,-0.0012362088,0.21360824,0.022542102,0.40862843,548.8448645034715,635.6398298827272,620.4226607752621,638.0530109256487,959.9920382165606,1121.2413680161033,0.04143237460191083,0.050478936794171377,0.024153305,0.051568598
4-175856-A-43.wav,car_horn,-171.74507,96.01144,59.68457,27.271324,-8.713142,11.085132,4.391755,5.023432,2.0515397,3.6405065,2.6398432,6.1634064,1.6606331,2.9189737,6.195059,4.659364,0.5607715,4.556087,3.3362384,3.130312,-0.21582381,2.6544685,0.87525636,3.2778115,0.41885498,2.8816829,-1.503626,7.20537,-0.49394026,3.1861656,0.05763897,1.2687621,-0.043126825,0.63239884,-0.03193633,0.41100073,0.01053456,0.7016036,0.010458346,0.4954568,-0.06250205,0.60717547,0.0063306694,0.7393585,-0.046135247,0.43419462,-0.010525638,0.47170115,0.026477376,0.49238202,-0.002717817,0.37779245,0.04709397,4.838036,-0.0009683014,2.1898365,-0.044732593,0.80678415,0.012693655,0.4448421,-0.007567285,0.30151066,-0.014511257,0.44540203,-0.012249361,0.3996918,0.0015952602,0.4780427,0.013612606,0.5934591,-0.0045038834,0.31927428,0.007120957,0.33545762,0.0073894695,0.45964077,-0.0049302047,0.32349208,1089.8151371106521,557.4883708190803,1276.9348639302432,491.9132859014929,2019.1082802547771,1048.0227373775906,0.07196705812101911,0.05928924971425465,0.059414428,0.06893069
4-176631-A-43.wav,car_horn,-30.966719,42.848873,60.252563,12.935215,-10.465645,8.958433,3.993193,4.003586,5.1238055,5.832402,10.68577,4.874793,6.802742,3.4769688,7.658053,3.3132467,-0.7054789,3.7677631,3.47243,4.4675236,2.0692437,4.155186,6.0410566,3.1302743,4.738016,4.270338,-0.083837815,2.452431,0.05760111,0.8759016,-0.006595812,0.87946737,-0.010239759,0.40425426,0.05454541,0.587097,-0.0069210846,0.47019318,0.027756473,0.35747662,-0.0054193395,0.39551324,-0.04230609,0.4109999,0.011134755,0.5560642,0.0065243654,0.44422773,0.011108742,0.3357885,-0.04139296,0.56954867,-0.038676906,0.78796095,0.0024135106,0.3710004,0.018164815,0.42015433,9.050263e-05,0.26837623,-0.0068129855,0.30714422,0.0028851244,0.30386224,0.0094947675,0.27812403,-0.0013871129,0.2947864,0.00970089,0.28481776,0.017536322,0.31045964,0.036666516,0.27765718,-0.023604406,0.28670174,-0.016254783,0.34545216,1262.3199606372766,500.2161129715681,1520.8456994196902,286.2112146224444,2623.208598726115,1090.5891088657995,0.06875124402866242,0.05358314359169014,0.48146003,0.14795806
4-176638-A-43.wav,car_horn,-165.11893,43.714466,53.697403,12.344639,-0.773087,11.045258,10.817987,3.884913,7.705722,6.1832185,8.084251,4.147666,2.9446216,4.543678,3.1964169,4.469671,-1.0644335,6.238883,3.5822735,5.2528105,2.1501248,4.546432,3.2741559,2.955357,6.8088393,8.711476,0.20742132,6.564324,0.025280891,1.9464047,-0.0015511847,1.3365619,-0.0032350235,0.64980805,-0.00834253,0.8587792,-0.021158567,0.5150739,0.0077190083,0.63116425,-0.007094052,0.5963121,-0.008306091,0.8032109,-0.037186876,0.7902097,-0.051421255,0.64328957,-0.02073997,0.41756573,-0.0206338,1.1586611,-0.040361296,2.885475,-0.00035865366,0.97539467,0.0055666286,0.5905614,-0.013773256,0.37292185,-0.0073315264,0.42740992,0.0057922644,0.35090658,0.007257966,0.39054966,0.003942928,0.39847773,-0.0045770584,0.3947854,-0.0148849655,0.4708658,-0.0028515523,0.38165364,-0.0075835353,0.2612272,-0.005283664,0.6211698,1395.491488318063,157.86937669188023,1702.377439137517,207.98981725453652,2987.1616242038217,439.9439217804173,0.06701582404458599,0.04767464864206237,0.08283466,0.15612946
4-178402-A-43.wav,car_horn,-330.5169,130.67413,21.777393,17.199495,-2.668555,21.693222,7.95032,6.558335,-1.9022297,11.349774,0.03167239,7.662319,3.519326,5.4545174,-2.0607762,7.9723244,-0.53303266,5.184716,-0.8404712,5.4139504,-4.989156,8.643847,-4.084444,7.0019994,-6.753726,10.372808,-0.1473927,13.83501,-0.22347544,2.7710705,-0.026729723,2.1741447,-0.060749702,1.2249631,-0.033898897,1.2924356,-0.009617772,0.81573397,0.004267902,0.8002362,-0.022548953,0.7696508,0.02142846,0.64320594,-0.016699811,0.87609065,0.004877417,0.81786335,0.020994836,0.7739907,-0.014103747,1.2306926,-0.8246704,5.5065913,-0.029578729,1.0998605,0.12841037,1.0403662,-0.027447412,0.93347347,0.031903077,0.8186409,0.04071465,0.4674848,0.01242146,0.49332008,0.012173287,0.5492341,0.03047015,0.63204455,0.020990739,0.41465777,0.055431936,0.46215385,0.039455477,0.52240974,0.030743884,0.47403532,2249.644376731811,667.2103573688269,2000.4522714271332,479.82403548243514,4625.995222929936,1445.96549473342,0.19459096337579618,0.1096286846105895,0.024522446,0.03944431
4-191015-A-43.wav,car_horn,-154.37086,15.624751,46.057373,11.253641,-3.4744341,5.7846856,22.618158,6.699193,8.437904,5.39404,5.5842113,3.9653857,18.155243,5.3169045,0.004465285,5.25504,1.8474482,2.8078384,7.3588696,3.118699,-0.5160413,2.4383993,6.8049054,3.323822,1.6659567,3.0289526,0.19521138,1.725214,-0.18709326,1.330007,0.12389106,0.46149883,0.026298055,1.0194591,-0.014734183,0.7029392,-0.009884492,0.5144678,0.0048707468,0.811431,0.04668385,0.6049979,0.005623207,0.4081906,0.03860809,0.6047266,-0.017257174,0.37314352,-0.008587153,0.476121,-0.05215541,0.34951565,-0.16058944,1.1009266,0.07354084,0.78534186,0.02384121,0.30509058,-0.07370399,0.4633528,0.04696446,0.41738135,0.018298939,0.354825,-0.04635039,0.47856137,0.041836902,0.39304414,0.015120673,0.3078379,-0.01769361,0.3318843,-0.015774377,0.2507629,0.016671076,0.31703112,-0.030740332,0.35431907,1497.285689516674,373.5480047582608,1776.650058003175,218.2475368787337,3170.7802547770702,572.0263154554185,0.08322551751592357,0.06208680221581588,0.046190247,0.016757844
5-179860-A-43.wav,car_horn,-357.48233,131.65962,17.04122,28.432592,-2.4095676,4.5325913,4.1476407,9.769392,-4.516005,8.449459,3.0642385,5.0077057,1.958493,3.6682916,-0.93163896,2.5597825,2.395923,4.4500713,0.39406183,1.4647661,-0.5615678,1.9680575,1.8107035,3.2688932,-1.5849566,3.341925,-2.2131572,7.1946464,-0.077968,2.5332844,0.10902073,0.5172942,-0.18073474,0.6967373,0.1267819,0.5724017,-0.033145584,0.45897105,0.0345602,0.39019603,0.0367893,0.24240598,-0.1336304,0.3769709,-0.013935103,0.17072612,0.047096156,0.33781266,-0.0663457,0.2502466,0.0029345022,0.43731618,-0.014084354,3.1242464,0.005997937,1.0523412,-0.014074544,0.28769752,-0.013797137,0.2928758,0.012847633,0.23067822,-0.021113403,0.30088925,-0.014034326,0.18313184,0.020224093,0.18349701,0.015529092,0.16421114,-0.0049988455,0.14177734,0.01263435,0.23638014,0.007863786,0.19745448,0.0080224965,0.19705555,571.994554802823,900.2176832049213,500.63970762060296,726.3403393405442,1023.984872611465,1534.4106620740772,0.06531150477707007,0.11676097313483448,0.0115136625,0.03023151
5-179863-A-43.wav,car_horn,-321.26303,142.72334,22.20381,37.418674,-0.99455833,4.6989584,6.9910817,12.156924,-6.175225,11.623991,3.1833827,5.2335534,3.1499426,5.285256,-0.4551707,2.846364,0.34970906,2.0762563,1.2126114,4.0006,0.03268702,2.711416,-0.046813518,2.1073918,-0.30522704,1.7068642,-1.0832926,8.912841,-0.7727776,4.9179025,0.043641515,0.6963921,0.07494601,1.40264,-0.10054325,1.5727278,-0.09761601,0.6443967,0.036081865,0.7133931,-0.056502093,0.42704377,-0.0043553147,0.2880419,0.031204827,0.7154979,-0.005569578,0.394557,0.00054372574,0.22972685,-0.0068979347,0.23773694,-0.15352319,3.1838005,0.054015104,1.7759767,-0.006239921,0.2766091,-0.024971321,0.40851742,0.017566845,0.6514343,0.0050098943,0.32011443,-0.015077199,0.28894007,-0.0017110633,0.25103438,-0.0075330106,0.23389421,-0.0022737589,0.3966296,0.011265977,0.32938683,-0.00043011925,0.20467348,-0.002972085,0.19964613,774.5986344025911,1091.6538128737109,624.9501178527258,726.267605492507,1257.8622611464968,1675.9440670145552,0.08028960987261147,0.13041440360952924,0.0228107,0.048908748
5-179865-A-43.wav,car_horn,-294.81522,147.21513,27.281624,29.909105,-4.342169,6.12461,6.064633,6.457754,0.6979772,2.2170334,4.119313,5.535597,1.7933649,2.9240031,1.5886899,3.1001868,-0.024260089,3.3738706,1.3302494,2.5239685,-1.7028917,3.4311864,0.1774435,2.6489432,4.4882226,6.7400875,-1.5884612,7.8039193,-0.43759727,2.5959384,0.031948738,0.6215731,-0.058906283,0.49749956,0.013649746,0.28468034,-0.07669319,0.64102197,-0.022764644,0.4573648,-0.025968654,0.38413444,-0.03426909,0.35055932,-0.004777058,0.35008195,0.004633457,0.36735684,-0.011553406,0.34936276,-0.024640158,0.5811232,-0.032580968,3.5051093,0.0058376407,1.3462833,-0.0050052707,0.4033612,-0.010902543,0.30104637,-0.0029030698,0.27890557,-0.003787364,0.3974981,-0.0008814994,0.25844592,-0.011946989,0.33029005,0.004942527,0.26803902,-0.0021963129,0.23429903,-0.0036417968,0.26334888,-0.015581813,0.26143017,-0.006191574,0.39052898,764.0905928238549,798.0587903756405,782.9612016495594,777.9099328276211,1488.5549363057326,1536.828707236322,0.06103826632165605,0.07317955491160368,0.022442982,0.03158651
5-179866-A-43.wav,car_horn,-375.36038,138.2504,24.141346,34.83229,-6.0586452,10.8114395,2.6348035,4.7147193,1.9211793,4.294105,0.44319168,3.0023952,1.4214926,2.628441,2.9382808,4.268833,0.052578725,2.583801,0.7768154,2.1866703,-0.89595497,3.279867,-0.019055482,1.4981774,0.7709198,2.7872887,-1.6540543,7.9259777,-0.48740986,2.7833056,0.10306651,0.6637814,-0.05742021,0.34016532,-0.05720545,0.5689152,-0.03547337,0.4780135,-0.035258397,0.2599248,-0.054955672,0.33496413,-0.02712969,0.37413093,-0.028889274,0.27838004,-0.014274084,0.46355048,-0.0057577295,0.17971788,-0.014299414,0.42367762,-0.32759693,3.4474058,0.09468932,1.2501614,0.061074365,0.3947206,0.037571855,0.35635433,0.041591603,0.36459935,0.030385235,0.23788108,0.019972414,0.18792175,0.0018672062,0.21554947,-0.014580722,0.29837465,-0.0011862159,0.20160265,0.0429515,0.36503989,0.009772715,0.19198303,-0.033338424,0.36564842,475.33879128476025,732.3317353177134,504.0371667432588,693.0468398270373,857.5835987261147,1320.2281014002913,0.03675482683121019,0.06655346332034918,0.008069415,0.0149391405
5-179868-A-43.wav,car_horn,-167.60315,33.70915,69.65401,21.72018,-12.175745,8.309825,6.3031354,6.4208713,-5.8605676,7.9907017,3.857949,5.261984,5.3170033,5.9355817,-0.37336537,5.5406036,-1.7356364,6.157663,1.3378139,6.2755814,-1.5064664,3.500016,2.3714762,4.024972,4.127731,8.653405,-0.49979392,3.1411648,0.31849948,1.6539723,0.041312687,1.6743648,-0.13341007,0.76091284,0.13641216,1.2742461,0.090022214,0.8169746,0.021922529,0.99652016,0.08700517,0.7955568,0.09567667,0.6727923,0.082836844,0.8974459,0.0034579076,0.61357135,-0.0692982,0.47632664,-0.1078937,0.8037356,-0.08708105,1.3586671,0.049214885,0.6848732,0.017987087,0.9489374,-0.037398692,0.55338925,0.013752713,0.7335764,-0.021105342,0.48369744,-0.02683755,0.68076116,0.016913211,0.50133973,0.01347603,0.48212233,-0.009792065,0.46550888,0.019206777,0.46020454,-0.0022749703,0.34672827,-0.02340101,0.4580399,1305.3049365425645,347.20628660866475,1339.6020796898981,162.8590681028667,2336.0867834394903,593.5158612540991,0.11707553742038217,0.06390720720985543,0.033693947,0.032352377
5-180156-A-43.wav,car_horn,-44.64058,14.36449,52.363674,6.4899154,-11.638965,5.652148,6.474286,4.533029,-3.0642803,3.2196243,8.308801,3.3398998,2.9166949,2.7967563,4.6906056,4.159628,2.4277976,3.6760168,2.106234,3.5421343,1.2351519,2.6069949,2.0245602,2.583658,1.36274,3.4123719,-0.24692342,1.3798876,0.08118044,0.5866621,0.024119873,0.72791004,0.050563622,0.64394414,0.00046489498,0.44026187,0.011149671,0.47907475,-0.0070990287,0.4214759,0.0038796717,0.5266619,0.00093589164,0.44721243,0.015180793,0.48229912,0.039186962,0.35971603,0.010955385,0.34187424,0.002595209,0.5339413,-0.026715275,0.9342022,-0.002470983,0.45205003,0.011000249,0.50231004,0.00056914845,0.42493135,-0.016711496,0.35614768,-0.0017047817,0.32929134,0.017798077,0.327455,-0.034473263,0.41656893,-0.022891456,0.34534296,-0.0013302781,0.361223,-0.0032143926,0.27711943,-0.0008977864,0.26054916,-0.0111723505,0.3717849,1683.6024846311534,181.8604261047269,1700.9831014037818,149.76626739719595,3533.140923566879,475.4933950072121,0.12518038415605096,0.022741344141063817,0.15638138,0.050679088
5-180156-B-43.wav,car_horn,-50.78983,23.386509,52.044518,13.278143,-9.674353,6.2602253,10.797943,6.818987,-1.7241026,5.7191987,9.796668,5.8542175,4.719802,3.6190753,-0.3774881,5.056969,5.961861,7.321019,1.6288953,4.076436,-0.17309894,3.856274,2.7405224,5.4807353,-0.8115033,3.5610845,0.30551308,3.810055,-0.124111176,2.2288296,-0.11055557,0.8345777,-0.09022793,1.0557053,0.038009,0.90006816,-0.070297025,0.85853934,-0.0032291745,0.6028717,0.037562344,0.87309176,-0.030410796,1.031849,-0.0082297465,0.5286843,0.009428758,0.61361927,-0.02580597,0.79995996,-0.079201415,0.556393,-0.19114357,2.7551117,0.070395544,1.6057926,0.04784997,0.5405413,0.0142576555,0.5723214,-0.0235045,0.56746197,0.060063247,0.72685707,0.007949302,0.44593185,-0.026109325,0.58362585,0.009899082,0.61972994,-0.0012385036,0.33952507,0.003808847,0.37081662,0.04320065,0.547413,0.01860206,0.42846334,1634.9359024073542,379.38508261943184,1681.8445948062863,210.64268907380233,3351.4132165605097,750.2707716714855,0.14574417794585987,0.08623726881549316,0.17645076,0.075981796
5-180156-C-43.wav,car_horn,-46.331314,16.180618,59.58845,10.599586,-15.072533,5.7289524,7.9946237,5.7568645,0.6009909,4.864923,10.265843,5.13282,-0.86808497,9.316187,-0.15823111,5.057433,1.024076,4.412613,3.1966043,6.160304,-0.65184414,3.9642015,2.0290077,4.0691967,0.0674877,4.7520633,-0.11213237,1.8794043,0.041699313,1.207485,0.04944767,0.7653442,-0.054638293,0.78662497,-0.0022362813,0.5059157,0.044011492,0.6927946,-0.0048605865,0.80761945,0.0016032906,0.7279226,0.017251564,0.6475483,0.019731961,0.75708675,0.015994923,0.5624632,0.03314616,0.60493267,0.028836684,0.6212528,-0.0123439655,1.3449425,-0.041884575,0.73865575,-0.0126264645,0.44246867,0.0067304773,0.48916396,0.011190779,0.32112074,-0.025065772,0.37517694,-0.0015391362,0.48743698,0.009943863,0.39278072,0.021614848,0.4134629,0.0042165597,0.43446693,0.002325345,0.37749147,-0.0023126556,0.34755275,-0.009221482,0.38322192,1505.6971256745853,271.65199982008573,1536.527978136293,165.6238870651487,2856.687898089172,620.0720791045767,0.15109972133757962,0.0637996767185668,0.19127797,0.07663635
1-31482-A-42.wav,siren,-131.18947,27.838007,78.74398,7.553369,-9.365965,8.140573,10.79597,4.7137213,-5.366791,7.572674,-9.70647,7.36391,-9.582685,5.7489624,0.8681275,6.1096134,9.785891,5.7052274,11.15621,5.04439,8.818337,4.8344293,15.357814,8.60574,7.4650536,9.915949,0.4181544,4.84957,-0.025966235,1.3836515,-0.07797463,1.3287566,0.017864613,0.8594153,-0.09262051,1.1918494,-0.14749663,1.0614103,0.007109411,1.0478541,0.10586477,0.80230343,0.10558166,0.6387542,0.07810669,0.6484293,0.042475898,0.74489695,-0.073348425,1.4477435,-0.13397709,1.408847,-0.23480035,2.0410404,0.036953337,0.91713613,0.045170464,0.66063565,-0.013463298,0.53540826,0.06327966,0.79059625,0.083892725,0.5923016,0.06928513,0.6041355,0.030815037,0.4768107,0.009859302,0.3637579,-0.042356398,0.417349,-0.038335957,0.43996233,-0.06461987,0.5962068,-0.052882165,0.7594468,919.7765918219585,113.72759263845732,1095.2570216176784,148.93983122524844,1647.9896496815286,225.90907248053895,0.06883210589171974,0.019308418945797667,0.19292255,0.14072073
1-31482-B-42.wav,siren,-107.00132,10.540374,79.44025,5.555463,-12.674479,7.2217975,3.25324,5.3776426,-9.547951,6.922544,-0.24797496,12.072855,13.406553,14.248044,17.207973,9.125905,8.58528,12.216582,-0.13797678,13.025719,-0.87787586,11.878279,7.788874,13.831957,3.839974,9.145564,0.088696174,1.2202635,0.014010713,0.6672626,0.083429255,0.66509956,-0.04188821,0.63609546,0.049668726,0.6927981,0.08976923,0.7827714,0.042699132,0.78912234,-0.0370296,0.7815571,-0.059085846,0.82624775,-0.021925628,0.8371435,0.06279819,1.0745281,0.1002367,1.0820624,0.0240782,1.0657924,0.070821464,0.6374505,-0.021660315,0.4555027,0.027126957,0.47263595,-0.020702656,0.41548035,0.009108381,0.3575344,0.011589662,0.3974589,0.020132232,0.39096892,0.0048013707,0.41935322,-0.022562739,0.32333457,-0.027182762,0.354426,-0.006937434,0.34239355,0.013370586,0.3977978,0.016227752,0.44539234,979.2515800072302,106.1962413052418,1037.488152136962,101.77795726793832,1426.0549363057326,284.139998384323,0.0963437997611465,0.02565378797031159,0.23135327,0.069935635
1-54084-A-42.wav,siren,-213.2496,23.00683,83.032555,26.004856,-60.458088,16.321686,-13.115422,11.027272,-24.858088,10.045817,-24.263084,7.153593,-29.318428,7.7063737,-28.945461,4.5813847,-12.265931,7.8270235,7.991655,18.688908,17.42482,20.573748,20.607244,14.866028,2.396075,9.064963,0.32307702,1.3044652,-0.15838207,1.4912928,-0.24786527,1.4247589,-0.07729045,1.0026658,-0.10743213,0.92220134,-0.04878393,0.7716856,-0.09770254,0.73428017,-0.068345256,0.63155127,0.026640626,0.7299798,0.117668636,0.91279024,0.16321704,0.9960808,0.2001866,0.84449804,0.16398317,0.8417549,0.17603686,0.8098106,-0.051995162,0.5801178,0.20879464,0.9061844,0.040867724,0.44735762,0.06273635,0.42646742,0.065528154,0.40076235,0.017871516,0.35087606,0.036883846,0.33148208,0.045216072,0.4970936,0.031224743,0.326492,0.026757015,0.31437293,0.016518136,0.29659367,0.006179899,0.42422655,876.2628687325749,97.80125688225156,608.3526400873752,100.43245923128767,1297.6711783439491,190.4197771712348,0.07668192675159236,0.009360751515180283,0.08130087,0.030883942
1-76831-A-42.wav,siren,-116.55165,34.713642,8.528967,9.761245,-22.797798,12.1593,-2.81435,9.301994,4.514092,17.33059,22.220055,12.863205,1.9474515,18.390701,1.7059573,17.843534,7.958349,18.853495,8.347742,21.175621,-4.0112233,23.052387,3.7276723,18.815102,8.707303,13.633602,0.24991623,2.620435,-0.26900387,1.827565,-0.1446953,1.2414513,0.08384295,1.2911333,0.29383266,2.2568443,0.33393914,1.9967198,-0.052447192,1.7517116,-0.3293013,2.014766,-0.21380408,1.793265,-0.03592131,2.4959033,0.056592077,2.464544,0.19197866,2.6288755,0.075340256,1.9183385,0.14995818,1.7859247,0.14025843,1.3164508,0.0105593875,0.72396046,-0.035955966,0.80132556,0.0048939968,1.4703052,-0.048477475,1.1937994,-0.100002006,0.9665341,-0.08897644,0.93184334,-0.04358383,0.77748615,0.01253471,0.9493397,0.056659967,0.96998,0.04414495,0.84066886,-0.03939414,0.82161236,2038.3415113721912,271.6137682124064,1404.9201330954147,189.2329088001329,3397.890127388535,703.8500964483602,0.17142714968152867,0.03447889793281411,0.40052998,0.16509195
1-76831-B-42.wav,siren,-48.673615,28.140577,30.348747,18.387648,-52.57696,9.930823,-15.576981,9.648078,-6.8207526,18.192652,14.194137,18.888105,0.23229718,14.790213,4.6755404,11.789613,13.821948,8.989341,13.784565,7.5657372,0.79751676,10.127117,0.016593283,6.5738115,4.41589,7.3804812,0.0047777505,4.27872,0.04436991,2.891256,0.049352784,1.3094271,-0.030884616,1.809482,-0.015593608,3.9397178,0.005121632,3.2255914,0.043931726,2.3496087,-0.061104406,2.3440194,-0.026108608,1.1478859,0.044505563,1.247252,0.10189179,1.6380911,0.006112281,0.8376636,-0.007083723,1.2514489,-0.17367357,3.6471465,-0.10683193,2.4593472,0.016232697,1.0094147,0.090081885,1.478468,0.2114802,3.5469873,0.119991034,2.8796916,-0.12805025,1.8441448,-0.13638638,2.118611,-0.0086414125,0.86370313,0.017526992,1.1099625,-0.07593844,1.422342,-0.03176199,0.6118697,0.05922151,1.0774308,1677.9103244694616,203.04677025880372,1170.752401036267,84.85510644826375,2485.9673566878982,349.01237936887895,0.1565485668789809,0.03003516370146667,0.42538014,0.06452709
1-76831-C-42.wav,siren,-54.319542,27.231966,27.65009,18.55388,-54.089333,9.196956,-15.431843,9.902555,-7.740735,19.553871,14.764942,18.5309,1.894712,15.523915,3.8327625,13.042354,13.23727,9.564326,13.770517,7.82898,0.3526969,10.228381,0.43261573,7.3661923,4.3982444,7.556439,-0.17833337,4.207126,-0.10317591,3.0000203,-0.03380439,1.2280418,0.01610194,1.8546656,-0.029146511,4.3089275,0.08473721,3.375281,0.1641576,2.4210267,0.05070592,2.5509467,-0.06418798,1.2552699,0.010306026,1.2505275,0.051103223,1.7095258,-0.07102266,0.893092,-0.029788528,1.3487955,-0.21920827,4.1503906,-0.08575551,2.824975,0.027369754,0.85470784,0.068995334,1.7428731,0.14336373,4.216339,0.10032483,3.150501,-0.073988006,2.0603871,-0.101646245,2.5038035,-0.00053322356,0.806008,0.030434435,1.1833918,-0.03827004,1.4249716,-0.032039132,0.62568426,0.022179112,1.2432246,1683.288533444552,209.7548353739861,1156.7145168054542,77.87730344184864,2498.109076433121,370.13896854593537,0.15550980294585987,0.03179025369281146,0.41986653,0.06637815
1-76831-D-42.wav,siren,-99.45528,42.388504,18.40009,17.353352,-27.714872,13.817756,-4.4012885,8.691412,-5.8041797,17.2566,10.838723,16.101002,0.46339348,17.74705,6.689484,18.466883,14.01732,15.997037,12.476535,18.507288,-1.8527108,21.263622,1.2477973,18.240679,4.0406346,16.978228,-0.30543736,3.3994174,-0.08294609,1.9902939,0.1455635,1.2178649,0.09897535,0.89213675,0.09850425,1.771301,-0.046443053,1.6343855,0.05716716,2.0846148,0.013574795,2.1093009,0.10871916,1.6753112,-0.19611955,2.4214141,-0.077247456,2.705145,0.15754642,2.9171739,-0.004490579,2.1739707,-0.21081395,1.9585404,-0.12613446,1.1421577,-0.06129475,0.6853113,0.060295567,0.6721434,0.07033895,1.2277516,0.056856494,0.9207105,0.053144645,1.0478742,-0.0114973,1.0145019,0.0022828928,0.6610748,-0.031111212,0.7973675,-0.00090766407,0.92652047,-0.032046672,1.0300741,0.019414457,0.7455104,1777.7375495532885,298.61807039380574,1318.539433663911,139.60537569640064,2912.6194267515925,598.9805736219022,0.14543317078025478,0.040904777604232015,0.4358065,0.14876612
1-76831-E-42.wav,siren,-56.82719,43.701473,22.429768,17.153028,-45.746796,17.644415,-16.151165,9.315687,-7.9091663,15.66946,17.173697,13.777049,1.5671127,14.825112,-0.47317782,12.611423,7.8813243,11.894508,7.1821337,13.753831,3.3133662,12.860565,4.828735,14.066782,4.6387973,8.47634,0.37449825,3.2819514,-0.091045044,2.5218403,-0.17000774,1.484023,-0.021411689,1.297985,-0.049335044,3.0143604,-0.005463606,2.3020992,0.00934158,2.0288076,0.06648784,1.9955609,-0.007510668,1.1591483,-0.112766944,1.6534882,0.033408597,1.7635756,0.10382126,1.6793706,-0.038290445,1.4068247,0.06796496,2.2173805,-0.046304345,1.8986882,-0.01572135,0.93747765,0.06430843,1.0441563,0.1657405,2.6429791,0.024769327,1.85326,-0.11014904,1.6747111,-0.0645514,1.4648193,-0.01647653,0.6539899,-0.03870577,0.8491948,-0.07634235,1.1762818,-0.011421252,0.8004853,0.057053257,0.9480855,1836.5924980457935,241.88646313597465,1294.0668786646131,136.17930299623356,3047.8702229299365,529.2019860274488,0.16297397492038215,0.02559505910373192,0.42839435,0.09682175
2-43802-A-42.wav,siren,-46.400658,12.64066,52.378944,7.9131584,-15.690983,7.007241,-4.5393157,5.2691975,2.5673833,4.4432354,12.5583935,4.5602636,4.2238646,4.3001165,4.728853,4.4651914,0.90400064,5.0464287,7.1977043,4.1395254,7.9261527,3.4779055,8.520645,3.674484,-1.2613852,5.4538946,-0.2732191,0.7659229,0.019785559,0.6543767,0.106491916,0.6879044,0.13912244,0.6028066,0.03829062,0.64861596,0.056975834,0.7495896,0.012923198,0.60503876,0.13461812,0.49667126,0.04455578,0.6476384,0.021259487,0.5320531,0.005009147,0.5404206,-0.04788304,0.5682228,0.008021821,0.62829447,-0.031423412,0.35940665,0.023695786,0.4298258,0.004406891,0.41495714,-0.025871137,0.38877654,-0.023006788,0.36099643,0.014320323,0.38479632,0.0027109317,0.3398636,-0.0026890533,0.2583506,0.0010113837,0.3409326,-0.035206914,0.32617524,-0.014693178,0.35339183,-0.0048760907,0.41038275,-0.030032929,0.36100462,1531.0695093376648,146.4390583196667,1581.7113971370618,91.52175429531228,2930.1353503184714,361.06317567922264,0.11976263933121019,0.032406941880508716,0.19861895,0.034540813
2-43806-A-42.wav,siren,-134.468,68.006676,41.340485,14.895807,-2.301832,6.8745294,3.855203,7.1150184,7.530407,12.163296,23.072376,13.327499,-1.4289857,13.793116,4.6604195,13.247695,0.40920067,12.102496,12.428628,12.5493145,0.7416026,13.279465,7.3527675,13.680475,4.6027327,11.41713,-1.5435846,6.952614,-0.34108263,1.4182495,0.10847527,1.1153626,-0.107724816,0.8467523,-0.13122152,1.1309426,-0.15516756,1.3378701,-0.0084677655,1.5440015,-0.012271629,1.4343375,0.09996733,1.3371543,-0.033879917,1.3041168,-0.06272782,1.6009151,0.00036966725,2.0914233,0.077387005,1.9048364,-0.043947726,3.2270398,0.0034220112,0.8894765,-0.025451833,0.7407694,-0.02705365,0.6492731,-0.009946424,0.56082565,0.009452115,0.5395985,0.030091917,0.5864486,0.027674269,0.6671528,0.0014279124,0.4446698,-0.012703734,0.56888264,0.026589224,0.63038576,0.052839484,0.85894614,-0.0655867,0.8656805,1503.3516297218603,498.7349514431393,1442.689526243644,462.5996018254446,2944.3670382165606,1157.9800406821091,0.14673318073248406,0.05717973776876836,0.14973553,0.08004242
2-70052-A-42.wav,siren,-52.619602,18.808678,25.08431,5.3199034,-51.474842,4.240355,-12.326539,5.866461,-11.623364,7.3566227,12.688195,9.4928875,13.565137,10.408301,-6.054017,8.19238,-9.493057,6.4778814,-3.0044105,5.6025267,6.0978713,6.064443,15.462439,8.421845,-7.619268,6.798757,-0.31838444,1.9225148,-0.0006108861,0.82599664,-0.0571181,0.6776374,-0.10499349,0.86216927,-0.003309224,1.063763,0.051149655,1.0542883,0.03323665,1.3645273,-0.01676707,1.3394529,0.047887422,0.96786803,0.1389486,1.121632,0.10190337,1.3206743,0.01235903,1.7328734,-0.119477585,1.4938208,0.070807084,1.19322,0.016712718,0.4618101,0.030791808,0.49624506,-0.030456655,0.440146,-0.010007752,0.52472013,0.01402509,0.4536315,0.0461158,0.5961722,0.060375694,0.6818211,0.03407389,0.55226994,-0.024059882,0.52630246,-0.036255613,0.64828825,-0.053394597,0.9071977,-0.0145141855,0.8260349,1843.1125825201877,137.5581273472889,1284.5019275176705,94.01057734832544,3111.763535031847,308.1916666938123,0.15358777866242038,0.014930240972222421,0.40056157,0.05386648
2-70052-B-42.wav,siren,-130.96104,114.88469,23.42307,13.685868,-39.29733,21.764618,-6.628635,5.891347,-6.8280883,7.2764297,9.255871,9.426699,9.522781,10.146356,-2.0959232,7.0762315,-5.001186,5.9266095,-0.37590033,5.711272,2.8844173,5.810225,8.4885235,10.866437,-2.1568756,6.447458,-1.7298745,5.481307,-0.14273578,1.0020031,0.32135805,1.4214311,0.09800629,0.5554972,0.05439389,0.9118695,-0.16143745,1.1819993,-0.117686495,1.1389279,0.012263095,1.0916897,0.08541724,0.80161077,0.029363463,1.0133164,-0.042256795,0.8590337,-0.104419656,1.902756,0.021579184,1.270267,0.019172853,1.7196133,0.012462297,0.47088248,0.008285281,0.6318304,-0.021681014,0.4033409,-0.02174939,0.38079745,-0.013053738,0.485151,-0.008538774,0.539882,-0.008795929,0.47799936,0.016167533,0.3701158,0.004128151,0.48017988,-0.016968114,0.39392474,-0.014317366,0.58337504,0.0069461544,0.43728456,1443.395820913486,780.4753543852888,1002.8896722865659,545.0144606603061,2361.9625796178343,1310.9468260404792,0.12460813097133758,0.06787308370779403,0.21880455,0.1552273
2-70936-A-42.wav,siren,-154.76291,21.976954,-31.988764,13.336317,-45.040176,4.684556,-36.17812,16.012018,-36.55238,12.314769,-11.813498,24.948156,10.584332,22.303812,27.196354,13.400663,-3.5664778,24.685165,-2.1987903,23.261116,1.8431035,22.350933,10.703144,22.817495,-3.6491811,18.505724,-0.15517402,1.9142816,-0.12368006,1.1447431,-0.112262994,0.7348366,-0.0828124,1.3478826,0.040594745,1.1826906,0.109722,1.4694945,0.080626205,1.6395706,0.032869376,1.4984528,-0.05259514,1.6648176,0.020956464,1.7502449,0.14512013,2.0010247,0.11638561,2.2484474,-0.15258075,2.045748,0.34280926,1.3600978,0.17941576,0.80716866,0.064521514,0.49779502,0.078494124,0.60377187,0.09402763,0.60770506,0.0752113,0.6070493,-0.0029560989,0.5608802,-0.10103494,0.68792844,-0.028421387,0.6443662,0.06471351,0.69596213,-0.016460828,0.60166836,-0.026860304,0.69609135,-0.057445563,0.71652883,1766.6415598242793,126.23247522040981,1406.626707948169,87.41074701624142,2796.875,434.08156071584426,0.14510350318471338,0.03682857717188601,0.35082522,0.06559834
2-70938-A-42.wav,siren,-187.97868,111.1029,-4.4777303,19.711472,-33.865734,23.716143,-4.242561,5.7328844,-21.849403,20.519016,-14.220617,12.167971,-21.365719,14.829535,-11.551882,11.992684,-5.6180997,10.971064,2.523369,9.975462,2.6571887,9.048792,1.3122251,13.636385,-0.99514365,14.987871,-1.8209059,3.2694669,-0.07987524,1.4612716,0.36235085,0.9194875,-0.05672352,0.7433559,0.06451044,1.2075666,-0.058516666,1.3000877,0.12756538,0.8086144,0.19027779,1.1164564,0.23755257,1.2817613,0.14348884,1.01291,0.06346586,0.8656675,-0.06514771,1.4452406,-0.03057279,1.4884647,-0.036041666,1.1371826,0.07219444,0.5588949,0.058583412,0.5312973,0.021339167,0.30513486,0.03994433,0.3890476,0.08280278,0.53788334,0.12145419,0.7421574,0.08262997,0.7875554,0.0030816447,0.53459376,-0.043577753,0.42361405,-0.05977983,0.47672933,-0.065253004,0.6618632,-0.026154967,0.544953,1659.9748137549532,863.4933233088414,1186.8122623327044,615.5691889820374,2930.334394904459,1546.6326999781916,0.11314440684713375,0.07524513457785864,0.15304293,0.15625393
2-70939-A-42.wav,siren,-102.83621,18.353924,-37.4682,9.54729,-87.65102,8.135313,-43.9086,5.6760683,-41.278732,9.316389,11.665826,17.012146,25.65707,9.801382,7.874894,15.292821,-3.7063868,10.996041,7.578352,11.60876,9.767462,14.283564,-5.965171,15.094632,-14.575387,11.660657,-0.16351466,4.532417,-0.06598271,1.7159634,0.08237811,1.6807424,0.019919705,1.0315195,0.054728612,2.2343352,0.16532658,4.1775846,0.11041913,1.5198885,-0.032825593,3.9578574,-0.12118579,2.270382,-0.09356005,2.2157326,-0.021395802,3.1948502,0.093306765,2.0472946,0.039216798,2.0862415,0.42084527,3.8011737,0.25652856,1.3637972,0.08462031,1.2931038,0.15668714,0.8954751,-0.08787479,1.8004643,-0.24210435,3.3522215,-0.033052195,1.0881989,0.23198041,3.25279,0.049528457,1.7403867,-0.1782183,1.8369226,-0.23454979,2.7116392,0.16131213,1.561637,0.16980909,1.8499047,1994.4081758554141,39.39685332843886,1316.1097118258642,38.83493985234303,3385.4498407643314,251.38566854753137,0.14719347133757962,0.017495552679769384,0.4190753,0.062044423
2-72688-A-42.wav,siren,-104.520325,28.252462,72.84974,18.61752,-28.36302,12.3113365,22.157055,6.6185665,-18.715067,9.428412,-10.651079,5.151206,-17.220839,7.085086,-1.8001401,4.6441836,-0.853302,4.684114,-0.3542351,4.7717037,6.1692457,4.593784,2.6204655,3.935344,2.390248,4.566717,0.5005635,2.2802978,-0.121270925,1.4137504,-0.17265363,1.1420641,-0.07157086,0.812638,-0.14597173,0.95556813,-0.13143034,0.7276876,-0.0580734,0.90894014,-0.01315482,0.7532123,-0.06162319,0.7310269,0.015179932,0.5211657,0.024391202,0.6409141,-0.004495794,0.68053836,-0.0016433569,0.5706491,0.055931214,0.7986548,-0.012474186,0.5211046,0.069778115,0.5861107,-0.07059438,0.5669313,0.047861155,0.58166736,0.010572759,0.44872555,-0.017335534,0.4226326,-0.019375032,0.4454649,-0.011753793,0.44435945,0.02615556,0.386059,0.012261496,0.3985492,-0.031771407,0.4126762,0.0054532182,0.352719,1107.496269055023,293.8792168832206,1090.7591432520553,139.65381374595617,2111.3654458598726,534.1799534235726,0.07625895700636942,0.0360826594426728,0.20393367,0.096140236
3-51376-A-42.wav,siren,-104.23758,12.490542,84.32039,7.6655393,-37.84407,6.5203266,14.681866,4.0316925,-8.237096,4.3683405,-2.8061686,5.249706,-12.292208,5.7959166,-8.971109,6.285392,-4.6736794,7.014028,0.20862944,5.5640144,1.8362316,5.9438295,6.2238274,10.019416,14.472008,13.9649725,0.3686624,0.9557652,-0.13802488,0.72591156,-0.102770194,0.8764984,-0.00838511,0.6161681,-0.007449378,0.5522839,0.085986465,0.6895309,-0.020890502,0.6566997,-0.06702812,0.6675892,-0.08569772,0.49842244,-0.06740142,0.530232,0.0006235815,0.5930602,0.08545861,0.60733896,0.14221254,0.591066,0.09065643,0.6573039,-0.0841119,0.53739583,0.06370786,0.5568249,-0.04948399,0.4652624,0.0011056168,0.4066932,-0.03651397,0.43400526,-0.009715391,0.42650208,0.030481325,0.43758848,0.013647857,0.3504216,-0.002024072,0.384472,0.0049101575,0.35642532,-0.028115692,0.4176431,-0.039447177,0.36088428,1066.3808738319779,98.76973046836284,958.9583967365558,83.99601517653657,1887.7388535031846,208.65602903006751,0.08369824840764331,0.015613434473964979,0.21203613,0.11756575
3-51731-A-42.wav,siren,-113.758804,5.5084453,65.18282,5.4389563,-16.976109,6.0734625,18.148796,4.055478,5.6004314,3.8959298,8.2319,4.123832,5.4808483,3.9217978,4.8036504,3.6900349,-1.6708483,3.3013287,1.9913322,2.8904278,5.7022524,3.8841717,3.8249629,3.8125207,6.806276,3.502701,0.02545741,0.8176738,-0.09550226,0.62361807,-0.034851328,0.5697446,-0.03854024,0.51495373,-0.11488577,0.4932021,-0.025207195,0.49749568,0.01289457,0.51895595,-0.0045542535,0.43332902,-0.0086211795,0.46608254,0.012378924,0.4897795,0.011567122,0.50580144,-0.014901453,0.54678804,-0.022387115,0.5096208,-0.039703418,0.45874697,-0.003752347,0.40254846,0.010865841,0.30407414,-0.017847076,0.31605065,-0.010806458,0.34016493,-0.025092077,0.35669976,-0.005919702,0.3459439,0.01144887,0.30854124,-0.03038414,0.38826996,-0.015303633,0.33036593,0.004987068,0.30025446,-0.008080704,0.33993095,-0.016499145,0.37516123,1266.1388524076367,190.5424745247927,1392.3088066078083,57.80261676320647,2456.5087579617834,239.35018356612736,0.09912420382165606,0.048866876566902286,0.07071092,0.02063445
3-51731-B-42.wav,siren,-55.107883,27.980518,42.990578,10.49559,-23.813595,9.028768,9.423347,5.274077,0.36080214,4.414273,1.4331757,3.9425764,-2.0366347,4.8512826,-0.24627472,4.0083895,-8.281892,4.151986,-0.91974103,3.6659558,2.1225357,6.2904615,7.941683,8.436719,8.422861,6.07577,-0.38564786,1.503209,0.17830217,1.0053403,-0.053749256,0.7280691,-0.118136935,0.8252283,0.013585623,0.6682797,0.04118694,0.6966049,-0.024579743,0.5613303,-0.021951795,0.6161253,0.013124334,0.6740005,-0.010533725,0.57716465,0.013627161,0.7734154,-0.034230784,1.1098655,-0.017000053,0.79230756,-0.07006135,0.7594192,-0.024741622,0.45166123,0.041718308,0.41266653,0.033480648,0.44114158,0.032228544,0.40893474,0.0069765453,0.39114842,-0.041110653,0.47837827,-0.0065602665,0.4031774,0.047093563,0.42433003,-0.017865568,0.34377745,-0.05143204,0.41374752,-0.010583825,0.41657203,-0.014684926,0.41851214,1795.6180382481562,176.83628729111518,1484.1653676868848,125.49742017643835,3066.480891719745,360.6509665296337,0.17045680732484075,0.031190744746104223,0.18261406,0.10129449
3-51909-A-42.wav,siren,-87.32993,10.520554,106.21619,8.141437,-28.30888,6.5967813,25.134249,6.7524886,-11.644886,6.3048434,3.3303845,4.9250455,-6.3536925,5.808896,1.0706893,5.238253,1.9709275,4.5908046,0.9843923,5.2971168,2.5120053,4.5482945,3.5577967,4.6268225,-0.7417199,4.083751,-0.059053402,0.9505245,-0.0015865435,0.86068094,-0.11747809,0.86271894,0.035293337,0.7685546,0.07461842,0.8202122,-0.08300594,0.8119237,0.01698545,0.70716965,-0.05248402,0.77059317,-0.009076355,0.746963,0.033567764,0.7414514,0.029419625,0.59535265,-0.013755774,0.73236626,-0.02245951,0.6664869,0.022386113,0.5521738,-0.031877387,0.4399233,0.033669233,0.5422676,-0.035431016,0.42555717,0.030830707,0.46972018,-0.008051667,0.47682902,-0.01220861,0.4950704,-0.030180888,0.50019056,-0.030697761,0.4810298,0.013998364,0.40862483,-0.00883154,0.3793892,0.00047210295,0.39958438,-0.0022813666,0.39733136,846.1503552026733,83.17828584456895,844.0176028703249,60.686558813032455,1559.5143312101911,223.18450582457066,0.0826657046178344,0.012335850568384092,0.25676164,0.06482151
3-51909-B-42.wav,siren,-42.71179,10.22367,42.55535,19.98912,-25.207003,6.3312016,15.212648,6.3086743,-9.776034,4.6414223,-6.862594,5.3004584,-7.3422027,6.0934706,-10.984697,6.524755,-12.957021,5.4242907,-7.03978,5.3374367,-5.5628204,4.9085784,-7.5137067,4.9802837,-7.818284,4.2744856,0.21277654,1.4842001,-0.39374635,0.8834282,0.10677849,0.6882056,0.023604363,0.83526903,0.013422927,0.7036393,-0.071557306,0.886155,0.065227196,0.8711325,0.0628992,0.95701545,-0.0069215614,0.7757992,-0.040160555,0.8237745,-0.052549757,0.79902077,-0.04916031,0.8355868,0.02874559,0.6769648,0.070068575,0.72123593,0.021784656,0.7333303,0.09802055,0.62519145,0.0042677578,0.5519328,-0.002303942,0.44345465,-0.026606405,0.5254948,-0.024579966,0.4312989,0.047067795,0.5100649,0.06900747,0.4985815,-0.023925958,0.43495235,-0.007922886,0.49798968,0.01771285,0.55862725,-0.0007151073,0.47552067,1240.9051925814563,144.96087141077138,1259.5312680740853,121.60828231581587,2303.3439490445858,357.67279203989676,0.06723352906050956,0.022946714835022055,0.61710644,0.08951196
3-58772-A-42.wav,siren,-76.325714,13.994527,52.22915,11.778359,-20.7682,6.0079594,16.388477,5.1105013,-18.221962,5.86282,-6.6603103,4.7831397,-20.777546,4.0274086,2.4675007,5.4967246,5.12608,4.2347093,-1.4868362,8.064165,-8.246367,5.74484,-7.5862875,7.5075946,-7.981497,5.700467,-0.23293762,0.735815,0.17327195,0.78058237,0.0720819,0.844426,-0.019835312,0.7530745,0.11260641,0.61452276,0.10520719,0.7428015,0.020270739,0.67657244,-0.051342078,0.7514509,-0.023353297,0.663994,0.10924208,0.76705474,0.07009847,0.83214784,0.13409066,0.87169236,0.13077877,0.5769112,0.026211146,0.39538366,0.054874852,0.53302413,0.01423847,0.44148263,-0.0134699615,0.4833351,0.004857285,0.4100518,-0.010894768,0.4005949,-0.016443515,0.3971756,-0.017817937,0.43172964,0.023045441,0.39361897,0.0129915085,0.41549098,0.02062068,0.42422116,-0.009146715,0.53086525,-0.021703899,0.3763405,1399.4870147599934,157.35661558480217,1355.0534670165432,140.56698878678807,2798.3678343949045,485.6871847696316,0.10343476313694268,0.023770749483538748,0.20085417,0.09141751
3-62878-A-42.wav,siren,-144.90137,23.15097,6.146098,15.250262,-31.95716,7.003572,-7.1461897,8.780373,-15.886063,15.364184,8.805968,20.25878,8.48834,18.035858,2.672052,23.127117,0.7679504,19.639257,6.451796,24.670439,5.022032,22.430105,1.0243506,25.001244,-1.3997306,18.119349,0.052809283,3.4216137,-0.09154029,1.7780309,-0.02521041,1.1100379,-0.083978206,0.8368852,-0.020953683,1.112978,-0.027083622,1.3950167,0.14021876,1.5301116,0.17327031,1.7996498,0.14997825,1.8775359,0.13574827,2.424608,0.047752805,2.5917516,-0.2725431,2.7031095,-0.30097103,2.5093985,0.09994091,2.114502,0.23752856,1.381389,-0.011123747,0.7102899,0.028730743,0.62533975,-0.025723925,0.76983553,0.0013440856,0.64155096,-0.008044048,0.73383117,-0.019177472,0.793101,-0.033640943,0.8083363,-0.047024272,0.91947275,0.032417037,0.7256927,0.0022022952,0.729331,-0.048581325,0.7730189,1656.9993737639372,377.81734376583483,1142.3545301615782,219.26500374181856,2652.766719745223,739.1705016251924,0.1392876691878981,0.04036554610000952,0.45820102,0.13079381
3-62878-B-42.wav,siren,-238.9528,83.44571,-0.08801978,10.366595,-16.794544,18.054962,-4.3370323,6.597822,-2.6914494,10.605395,10.846194,13.413862,5.342402,10.8987,-3.99577,14.951393,-3.534825,10.754093,5.1325526,19.642862,4.3956575,14.43264,-1.9015814,16.42284,-1.5294116,11.950433,-1.2783519,4.749342,-0.3226476,1.2924757,0.21071668,1.4274468,0.11801976,0.66399753,0.14676864,0.83565915,0.04888598,1.4020672,-0.11768441,0.9376748,-0.18163817,1.2315489,-0.07418082,1.3584093,0.055988323,1.5920812,0.19244224,1.8285311,0.042787448,1.6004968,-0.105903216,1.6089768,0.15791309,2.5299938,0.05632285,0.5934909,0.025465883,0.67987853,0.021270057,0.5052409,-0.007390768,0.6455656,0.016030774,0.6169677,-0.0010069904,0.53836685,-0.071005195,0.69797313,0.009930741,0.67872566,0.040417325,0.6235247,0.051733546,0.6914099,-0.02078331,0.51518863,-0.0035598506,0.5175229,929.7741967141328,986.141916721214,575.7220435289304,615.4422420169284,1445.8598726114649,1581.3212853289426,0.0836609275477707,0.08929771924135621,0.20838547,0.2358274
4-102871-A-42.wav,siren,-68.853226,5.322615,50.387604,4.750739,-31.439186,3.2862144,2.677524,3.2308974,-5.6073527,3.658107,-1.0271807,3.1711457,-7.0903664,3.469106,-4.9573183,3.4302444,-11.493272,3.8844025,-0.77669734,3.0870705,-0.51552373,3.4070652,5.870711,5.077719,2.510585,3.536523,-0.022380916,0.7192946,0.008619113,0.8018541,-0.032237988,0.49897963,0.010141507,0.4707591,-0.0017353501,0.6622698,-0.009856367,0.477425,0.0067233127,0.50128096,0.04088752,0.54131645,0.05512234,0.6188006,0.016346453,0.49929577,-0.019269248,0.51693505,-0.03284481,0.58094704,-0.06209693,0.41589242,-0.034907885,0.4118002,-0.00032482785,0.4424586,-0.02228509,0.34319872,-0.030881714,0.36661807,-0.0072126677,0.4185629,-0.01466379,0.31754324,-0.034262482,0.33715597,0.0062490883,0.35078466,0.0038610264,0.41972864,0.0038630667,0.37987572,0.0073602055,0.3267806,-0.006619196,0.25618097,0.025696306,0.31675053,1745.8303760678866,96.03790708134554,1393.7971280399004,73.69160584607305,2924.6616242038217,215.4660171590579,0.16641371417197454,0.018511244731344842,0.10604061,0.017186556
4-111671-A-42.wav,siren,-220.24115,16.820662,2.9757411,6.3998556,-40.67414,6.666865,-22.2826,6.728825,-3.4832177,13.739733,27.792608,12.482623,10.57926,17.397678,-2.1749942,16.40986,-2.2012477,16.200157,7.1989064,12.142033,-0.78555363,17.456924,-5.176837,15.839886,0.8308124,17.053568,-0.39169592,1.5988923,-0.08201807,0.85328096,0.101690225,0.94434816,0.1340563,0.7417835,0.11590268,1.034905,-0.1151954,1.5890168,-0.17895,1.4512339,0.0774897,1.7418195,0.22009689,1.7226472,-0.047643356,1.4447659,-0.2812544,1.702005,0.078803845,2.1837573,0.21575673,2.0160906,0.20409502,0.92897177,0.14099364,0.7203629,-0.014827599,0.508766,0.034519836,0.513372,0.011105704,0.4643509,-0.056822874,0.67953867,-0.026569992,0.5920185,0.030060485,0.6797702,-0.01154167,0.6628248,-0.034260593,0.5424102,0.0060224216,0.64833874,0.06521703,0.7710029,-0.060771663,0.74913776,1888.984529014247,198.53844854073813,1322.9661135313484,164.10719757182326,2941.3813694267515,689.2770173791793,0.16479025676751594,0.030771645574911438,0.072558515,0.03843979
4-111671-B-42.wav,siren,-149.32085,11.739056,29.533577,9.653507,-62.062916,3.8270173,-34.918404,4.1932406,-25.979134,10.995113,2.7029905,14.041073,-11.427187,13.333494,-2.0441859,10.862478,3.9815102,6.0004416,16.059423,5.9349976,3.8340213,6.9311376,-3.2471411,7.7223587,5.710057,7.5445757,0.056238953,1.9802207,0.06564915,1.74455,0.008588835,0.42690104,0.011704508,0.41559526,0.05467848,1.8654916,-0.034293186,2.4134827,-0.13047662,2.2508996,-0.06348324,1.7026795,0.020915117,0.5735886,0.008425604,0.7215667,-0.003589375,0.60036504,-0.011013884,0.66262496,0.011193588,0.99646634,-0.1449701,2.6305833,-0.0666402,2.2129917,0.06535704,0.53512645,0.07180449,0.5075071,0.17332944,2.5467937,0.1704432,3.2036006,0.002331758,2.8994393,-0.06807862,2.1810844,-0.03945234,0.72643846,-0.012704913,0.7675496,-0.0083216205,0.6152707,-0.013512548,0.8517711,0.01495225,1.334684,1598.2510425307928,172.69550178855332,1138.516687413729,80.76645780641563,2281.548566878981,399.8472326334174,0.15125522492038215,0.032193648325052455,0.07438967,0.01305794
4-121532-A-42.wav,siren,-164.87398,41.895496,103.805695,15.597752,-49.030857,16.408659,-6.834642,7.733147,-9.639103,9.539961,-10.526997,6.3457494,-10.24382,5.9896984,-10.624132,6.527397,-6.2237916,5.083007,-3.7002263,5.350841,-2.6693897,4.781805,-0.8839057,5.036447,-1.157696,6.2800727,0.5946033,1.7568183,-0.014376464,1.1233381,-0.35532767,1.0746543,-0.027632661,0.8811461,-0.043594286,0.8124219,0.07764336,0.79073334,0.050690662,0.82614505,-0.039959498,0.92884815,-0.0633335,0.88609684,-0.058590174,0.8473512,-0.043336406,0.80298007,-0.0043900637,0.9327819,-0.008432868,0.83218956,-0.023407083,0.5044723,-0.041635204,0.5301854,0.05392554,0.5933437,0.01153471,0.48909372,-0.010424577,0.37615207,0.014178233,0.4338838,0.049556624,0.5660662,0.0044767004,0.5110683,-0.0078066494,0.4418556,0.012281101,0.54035646,0.017543748,0.43577915,0.022302985,0.46277964,0.0060015447,0.4401191,958.7463635603881,112.45181812753984,684.8547015652576,86.2466535194878,1475.1194267515923,171.63467033352967,0.09558494227707007,0.02067238591477438,0.09582702,0.06180933
4-67358-A-42.wav,siren,-186.30214,89.02455,-9.578668,8.5939245,-70.911316,36.435074,3.010254,8.932229,-13.274486,10.366055,-11.780453,19.406605,15.958583,14.448805,8.697615,13.835566,5.7695794,15.4777565,10.003113,15.523873,1.2243917,13.477068,-1.1710465,14.455622,-9.290743,11.839189,-1.5741699,6.558402,-0.033376116,0.82841825,0.49958122,2.433835,0.01179406,1.087697,0.12995233,0.8059643,0.00463295,1.3349032,-0.21393505,1.0451286,-0.06334183,0.892722,0.08601682,1.2091504,0.067461625,1.6120524,-0.12556598,1.4676777,-0.05939047,1.5928475,0.10530878,1.3273919,0.08196212,3.0638716,0.04738211,0.56587607,0.070691794,1.0208349,0.032184526,0.6036636,0.004774086,0.3853485,-0.0006386444,0.5131113,-0.026033502,0.4665943,-0.007074219,0.3453416,0.011698351,0.48199117,-0.033099923,0.44514796,-0.027132459,0.4601777,-0.0004524243,0.49889874,0.019216435,0.43001625,1715.3816139517874,844.6041066966033,765.2254584164093,405.5621262622802,2291.998407643312,1169.7650239188085,0.19028662420382167,0.10121140093002175,0.19708171,0.10703093
4-80761-A-42.wav,siren,-106.42536,48.0141,95.6994,29.134832,-19.949127,25.811487,-0.7958166,7.5905404,-9.773071,12.160918,-7.57467,5.2935224,-17.21099,10.968342,-10.21543,6.45348,-13.174809,8.649585,-10.39873,8.684885,-3.78396,6.9879313,0.81368417,10.379022,7.0690546,13.128431,1.2637748,2.041011,-0.11565752,1.4188797,-0.42042902,1.1510516,-0.10772335,0.8435261,-0.055621937,0.6732808,-0.07469784,0.47348905,-0.12428446,0.9638413,-0.08709678,0.58327734,-0.044070754,0.68083906,0.0057020006,0.776317,0.028509377,0.49972275,0.05396074,0.58544964,0.11619689,0.65807813,0.030945586,1.1302838,-0.059065334,0.46745303,-0.02727264,0.7124167,0.021444144,0.51502454,0.01802842,0.37331104,-0.028030269,0.2901945,-0.009978462,0.5841851,-0.0003262445,0.31531078,0.008929985,0.43878797,-0.0068246713,0.49002054,-0.003349628,0.3094785,-0.012157986,0.2699234,-0.027738089,0.31107715,766.1010993809242,245.51889172870878,749.6960476035377,253.69030884207075,1238.8535031847134,417.15837270473673,0.05675880772292994,0.017610698846778957,0.34802887,0.16453156
4-90014-A-42.wav,siren,-151.47755,7.8222127,67.28471,6.0898833,-15.958291,4.345606,9.531565,6.7412963,-5.8284545,7.2561255,8.310411,4.9074483,3.3144581,4.475673,-4.005509,6.1013017,-0.12574676,5.1353936,1.4022356,3.8518538,2.9513252,9.516174,-0.2828372,8.500859,2.8521786,6.7842016,0.039238017,1.363069,0.01147301,0.92224133,-0.0161968,0.77632,0.013064009,1.0293472,0.09684134,1.1618221,0.023256399,0.8410912,-0.06162025,0.9033707,0.0076837796,0.905858,0.03468983,0.9912116,-0.049948074,0.54547083,-0.19010347,1.6688366,-0.08183818,1.5466983,-0.057649564,1.0868447,-0.029631196,0.78697634,0.0008627867,0.5201007,-0.033479743,0.5086441,-0.01783888,0.5989139,0.036814738,0.58974344,0.014371614,0.43874744,-0.0127280075,0.4873634,0.02623313,0.4185174,0.006615646,0.5812961,-0.00697589,0.33549982,-0.033744425,0.7687852,-0.02099715,0.62401503,0.0272479,0.53166807,1257.5662754648718,94.93824011390655,1308.1874849159535,90.07740449212018,2352.209394904459,325.1734021782655,0.12218849522292993,0.020424069545219067,0.038251292,0.009083394
4-90014-B-42.wav,siren,-137.61255,22.556866,56.39188,6.5134454,-16.228973,10.937542,12.611962,5.5602303,-0.03487644,7.3101964,7.925061,5.4994907,1.0432962,5.3896036,-1.8782349,5.1339526,-2.3681695,6.5561614,-0.9724998,4.6355677,4.2368464,12.472612,1.3578773,8.239333,3.2193675,5.1583924,-0.030925872,2.4258952,0.052372787,0.8743623,0.099888,1.1812378,-0.032489236,0.94119245,0.12933923,1.1002953,0.0062918244,0.8409888,-0.023912648,0.96334904,0.06463253,0.81671154,0.03767313,0.976476,-0.053211335,0.79022306,0.013337266,2.1555474,0.10699837,1.3029559,-0.004035874,0.8200104,-0.012588195,1.1918724,0.0011146665,0.5708779,-0.0029088221,0.73836017,-0.018283958,0.573003,0.009149551,0.5341826,0.009118478,0.51438296,0.016423112,0.5801468,-0.0151062375,0.58092374,-0.06316884,0.5865828,0.011989856,0.47539806,-0.012999048,0.8969648,-0.0033124876,0.62850183,-0.0015031282,0.47350514,1422.6872769247882,146.06987684758272,1408.3677373604933,149.82363385549846,2640.4259554140126,266.1366796895108,0.13712305931528662,0.047996126797440856,0.053975936,0.02804823
5-117118-A-42.wav,siren,-93.50224,30.843494,92.72258,15.059577,-53.408688,14.370155,8.289449,9.197729,-18.19588,7.2238994,-4.1675467,5.405147,-13.641617,4.557225,-3.994659,6.181733,-0.42701253,4.0981727,-5.6604013,4.1778736,-7.374655,4.3259478,-3.977605,4.775003,-1.5262773,3.6456401,0.93400246,1.6900373,-0.25072178,0.8176423,-0.40447137,1.0245454,0.10715198,0.8682929,-0.15699872,0.5423186,-0.027741909,0.67250466,0.0019723685,0.793815,0.053304944,0.7443101,0.030359885,0.68286836,0.014347107,0.6387148,-0.011694331,0.6161714,0.023276333,0.85081357,0.036437567,0.6826943,0.052757926,0.7828801,-0.02615958,0.49835095,0.061388295,0.4998109,-0.0062710857,0.5316208,0.032602564,0.41335866,-0.010439115,0.41740814,0.019446429,0.39683136,-0.00665644,0.46453074,0.004393201,0.4242391,-0.004770083,0.43943375,0.017134663,0.4263856,0.0007266917,0.48490724,0.024024297,0.44676828,1136.4404293016744,176.50444468713115,838.0256658152938,106.73322518965155,1859.8726114649683,283.5430473977014,0.10014430732484077,0.022401075623705507,0.24425456,0.0970758
5-117120-A-42.wav,siren,-87.91009,27.100145,-35.68369,22.177032,-34.431343,8.517008,-4.2847843,4.7731013,-14.175786,4.4893503,-0.930077,5.0204916,-6.0585856,6.4067135,13.463108,8.614623,12.84823,11.581312,10.008451,10.634178,-5.07254,14.084291,-12.457774,13.492583,2.1816118,11.253828,1.2778554,4.126732,-0.70493674,2.0994525,-0.021930069,1.1572102,0.04961754,0.7587989,-0.13076892,0.8732827,-0.051189836,0.5750152,-0.059054606,0.91274613,0.08385837,0.6785082,0.14122021,0.86280435,0.04748117,1.0814513,-0.093821675,1.276175,-0.12616931,1.4919182,0.045535702,1.5753522,-0.17376561,1.0404818,0.06916697,0.71199185,0.099372655,0.5676277,-0.018178202,0.545083,0.06893994,0.48696434,0.008318465,0.39206225,0.011429884,0.44509393,-0.018572973,0.40696803,0.003355664,0.41838202,0.017625343,0.42547747,0.027284106,0.49414036,0.0064011766,0.62908804,-0.014845927,0.6277984,2924.085610934298,354.63107839214075,1664.8745493485733,142.10588790858984,4820.5613057324845,566.2406724421636,0.2767777169585987,0.060900703061126875,0.25558493,0.09209512
5-117122-A-42.wav,siren,-116.46126,49.245033,97.294464,15.011471,-39.808784,22.268322,7.384104,7.828733,-20.120722,7.124372,-3.594575,5.2674723,-13.072598,4.410712,-5.3940353,4.202776,-4.9591904,3.7537456,-3.4599617,3.7176743,-4.1370716,3.9927053,-3.9907825,4.132036,-3.378302,4.42972,1.1953605,2.2941206,0.24402858,1.3638254,-0.4782008,1.0678539,0.018395366,0.69428253,-0.10051369,0.57839644,-0.008216025,0.6481703,-0.06643397,0.55241615,-0.025947753,0.5692067,0.0073014693,0.52215433,-0.042167064,0.48577142,-0.031331915,0.5688394,-0.004680524,0.7046487,0.0036058442,0.7101646,-0.06714144,0.40942448,-0.058895987,0.46457565,-0.0018262757,0.3940873,0.03307997,0.39009568,0.03696454,0.428073,-0.0023569902,0.38097194,0.009683255,0.40109065,0.01947402,0.36786202,0.04351853,0.44267136,0.027107531,0.37386477,0.026978064,0.43291384,0.018755129,0.49055016,0.020773627,0.42301515,1019.8063747768191,203.52144557889054,839.9427411931746,121.2423509720749,1691.5804140127389,409.0999164539917,0.08195038813694268,0.019422393258953837,0.18383388,0.08756775
5-133989-A-42.wav,siren,-124.55297,27.179607,29.10398,14.499662,-8.627405,5.035062,-2.9888706,7.1034102,-17.5055,3.8581715,-15.824241,5.831407,-6.1785555,5.668168,12.709928,7.564665,11.8299055,4.7883015,23.628502,7.1536794,11.314945,5.5529885,-10.2560005,9.18513,-17.475088,6.2897196,-0.33432698,1.3742964,-0.2702579,0.87577957,-0.032141503,0.6802405,-0.051998958,0.6462117,-0.0611677,0.61873823,0.051346596,0.6157888,0.108501785,0.55724025,0.161627,0.6317511,0.07158244,0.52444607,0.10176102,0.6709013,0.07250054,0.63061273,-0.15116885,0.53410405,-0.097348824,0.5613073,0.05978701,1.1713,0.07621347,0.63528067,-0.00033785886,0.38851476,-0.0068460954,0.36236033,0.0035037417,0.4299713,0.008173685,0.4234251,0.016492166,0.36860877,-0.010039269,0.44389254,-0.025983319,0.38147578,-0.033451766,0.4535185,-0.03031962,0.4223075,0.021362333,0.29901928,0.027512174,0.36043563,1465.3308132960308,116.17523750880709,1436.3090204752164,87.06705400395192,2595.7404458598726,333.46628054278125,0.09432847332802548,0.006948270382668552,0.15573587,0.011565009
5-133989-B-42.wav,siren,-115.77281,15.266793,41.704735,8.849138,-8.139457,5.294665,7.5955405,7.20494,-12.357217,5.821891,-15.942501,4.707964,-17.014812,8.015141,-0.35719717,11.698712,3.376786,8.17639,12.24656,7.4205832,12.827299,6.405802,10.401219,15.451065,-1.377831,16.804302,0.25764737,1.7095332,0.11260576,1.0397959,0.050071258,0.6766663,0.09701,0.55773926,0.10260765,0.5292597,0.03991199,0.676072,-0.082542896,0.47151044,-0.19876388,0.6566741,-0.13331747,0.48792514,-0.078442335,0.68257666,-0.049982764,0.9171872,0.17796198,0.7704709,0.25930095,0.6234677,0.07779367,1.1838858,0.04773792,0.89397,-0.03179611,0.46001077,-0.0049842475,0.39975402,-0.0027659843,0.3333688,-0.013818102,0.42379913,-0.014124034,0.41915947,-0.0047071544,0.44703415,-0.003059678,0.3830982,-0.01855153,0.52765167,0.018827714,0.629892,0.021705583,0.53528166,0.03032356,0.4500242,1371.7345009080927,142.64579278856823,1379.2890881719295,74.19383736213847,2467.5557324840765,310.325542865421,0.08449442675159236,0.017465659573923008,0.1838741,0.04202365
5-150409-A-42.wav,siren,-86.01432,10.094022,80.995674,10.013688,-9.491916,5.955186,7.448719,4.1071258,-6.632105,4.5585284,-7.992338,4.3301115,-10.19648,3.9505355,6.646292,3.2408476,2.4077551,3.611282,0.74787396,5.23866,-7.8474884,7.245179,-8.965759,4.661203,-4.2815447,4.0532393,0.023416689,1.7328504,-0.095924765,1.2294992,0.0038994635,0.6844553,0.087526985,0.50569093,0.103022,0.4465802,0.07629707,0.46258777,-0.0027529115,0.48519164,-0.014946212,0.4006503,-0.052868653,0.36453116,-0.040849566,0.4816305,-0.10828149,0.41552356,-0.07716915,0.38596186,0.02831606,0.46858218,-0.022802783,0.97649705,-0.019516412,0.5921169,0.0046310434,0.37198976,0.006398371,0.34505695,0.0028942716,0.27244464,-0.0050255796,0.33294243,0.027672306,0.40782297,0.026238281,0.3184628,0.0041914163,0.3112087,-0.0007111191,0.35900846,-0.006021121,0.27135667,0.0013335362,0.28238857,0.008034379,0.3047548,1104.2671828053021,163.75921634928872,1191.164361503778,198.42032373534778,1948.5469745222929,521.4421701264952,0.08693272292993631,0.013135979577894205,0.19131365,0.04022234
5-160551-A-42.wav,siren,-93.47546,6.4727945,59.121853,4.0914464,-18.51897,5.871297,0.4138136,5.8530416,0.41795456,7.032558,10.490935,6.7751694,6.286983,8.284579,-1.7454954,8.352338,-2.4293733,7.9331436,5.935817,8.956333,0.4309777,8.369524,-1.6964309,7.931842,-0.43896568,5.788502,0.10446876,0.83052385,-0.0315953,0.6248123,-0.12310576,0.78647864,0.003693356,0.79816854,0.07807618,0.6645175,0.03048771,0.7477165,0.026198054,0.7815574,-0.08308287,0.7634074,-0.10517727,0.8537878,0.10841348,1.0843039,0.14090657,1.1048244,-0.055669334,1.1129076,-0.09634349,0.8385919,0.012574452,0.51386374,-0.0070437444,0.40003136,-0.0066448473,0.3928828,-0.012781921,0.40881658,-0.010108512,0.3294922,-0.021729955,0.3634746,-0.010014135,0.3635073,-0.008630764,0.31050208,0.016050167,0.3143849,-0.01167686,0.41918582,-0.030432547,0.3771549,-0.029657716,0.4469857,0.01016613,0.33721966,1521.9426845890878,118.24716171485962,1418.0378594284557,166.56623246683992,2629.2794585987263,468.19437433789136,0.1497064092356688,0.02590444082994082,0.15249838,0.09405473
5-184323-A-42.wav,siren,-187.50812,12.525832,85.58736,7.259981,-25.63435,9.441229,-15.87046,6.4100947,-15.313189,4.9098005,-12.462381,4.931303,-3.3739784,4.62466,15.459197,4.604881,13.984019,4.0560718,7.2557125,4.9339614,-5.753142,7.231428,-9.010214,5.5643954,-8.8718405,4.7381644,-0.120726,1.4527171,0.040725168,0.84552115,0.07757652,0.63372403,0.027992375,0.6669942,0.010004068,0.596686,0.025859736,0.5205033,-0.0073360046,0.70738184,-0.059234448,0.6221662,0.02909932,0.7045716,-0.026456838,0.68305534,-0.023855932,0.83665717,-0.023612387,0.6151097,0.017957674,0.7099758,0.23830155,1.1137496,-0.122776225,0.62748533,0.03523639,0.3980641,-0.041068107,0.4124885,-0.0015991114,0.43418944,0.009440185,0.37599114,0.01771102,0.4092889,-0.039898075,0.41866735,-0.0238441,0.4322934,-0.019379877,0.43085903,-0.012686275,0.47127646,0.036679424,0.40532693,0.0026483203,0.4189076,979.099523441872,101.31571652081988,797.108974177045,152.51595379678255,1166.7993630573249,308.51467790120785,0.09871989450636942,0.007902466254956185,0.12459499,0.06540242
1-101336-A-30.wav,door_wood_knock,-275.8449,94.35884,55.647095,51.864758,8.38647,10.257075,12.141032,11.786248,0.484999,5.72179,-0.6705475,4.580001,4.1612964,6.3389344,3.1701915,4.020544,-1.153127,4.047573,0.45172566,3.198497,0.723307,3.497483,-0.081310116,3.4134762,0.17249547,2.6553953,-0.673375,7.1146493,-0.48745358,4.0442877,-0.0934009,1.1387664,-0.06166723,0.9784256,0.008925481,0.9062118,-0.0010515273,0.642647,0.010544194,0.63452363,-0.029886795,0.50486904,-0.033169653,0.56647575,0.0025416408,0.4140669,-0.008349725,0.4515132,-0.008085035,0.47964188,-0.0030524821,0.30386508,-0.17853165,4.6095924,-0.23446167,2.047476,-0.048684146,0.747916,0.0037678198,0.60313714,-0.01789184,0.53975374,-0.043891642,0.5112137,-0.040546574,0.6671198,-0.0008909907,0.37524965,0.03744297,0.42931733,-0.010255487,0.36724573,-0.013150721,0.3070604,0.012018744,0.36134475,7.2710072e-06,0.30390018,446.82068872070226,542.1757486414987,648.5222458240873,667.1591298080958,844.546178343949,1177.5833582985813,0.01698721138535032,0.019707960415722574,0.056018658,0.086292066
1-103995-A-30.wav,door_wood_knock,-362.49103,88.43986,22.594503,39.82331,2.8867085,12.852156,3.1556559,7.8506436,2.8943245,6.676582,1.9549184,4.83007,2.2217023,4.1206923,0.4257871,2.8108473,1.1233714,2.5925727,1.3414367,2.9502819,0.9252686,2.2369227,1.1959362,2.5945325,1.1678543,2.8370426,-1.168015,5.028846,-0.6195996,2.0249236,-0.025808042,1.4813354,-0.0048141344,0.9593191,-0.038655605,0.82144725,0.00080197933,0.57305926,-0.016742347,0.3596779,0.052812584,0.43596122,0.015919827,0.33543146,-0.027899088,0.32179984,-0.031061549,0.316607,-0.06380865,0.33353075,-0.09736462,0.48331738,0.72039664,7.511266,-0.11264712,1.4808865,-0.2099129,1.9945997,-0.10344101,0.9159508,-0.06817128,0.8069171,-0.050052848,0.54494375,-0.004631164,0.2096154,-0.03273731,0.33238977,-0.00044040164,0.20283927,-0.010740052,0.30099094,-0.015767135,0.24856512,0.011845848,0.18196872,0.0037167764,0.21046372,173.24188595279,453.20419110388156,275.39519141240976,511.7575382221144,284.2356687898089,844.2090300033531,0.007930682722929936,0.023297739208031343,0.019412927,0.04128406
1-103999-A-30.wav,door_wood_knock,-399.89,81.06007,22.024544,40.81579,1.7938224,13.796315,1.790353,6.6929717,3.5570445,7.1671495,2.2034402,5.024665,0.8682419,2.96183,0.71802795,3.069703,1.8838884,3.68955,0.9071999,2.3970368,0.71586055,1.9584525,1.2651738,2.6425576,1.8178011,3.6443875,-1.4868639,5.3466845,-0.6850002,2.031267,0.15663747,1.9192768,0.03437019,0.9714612,-0.056090496,0.68748146,-0.0076646563,0.5901165,0.034430005,0.44738242,-0.0028394347,0.5532549,-0.061967243,0.42920548,0.011283313,0.29885426,-0.024625553,0.28761032,-0.028799688,0.31410813,-0.026921296,0.37446037,0.6837791,7.1987753,-0.11961829,1.4214729,-0.24639903,2.1678147,-0.10807188,0.7388922,-0.07615097,0.733968,-0.06016288,0.6275482,-0.050967686,0.36630422,-0.033968464,0.4381063,0.019557705,0.2630223,-0.03302652,0.27439395,0.0028035317,0.13763037,-0.0107849,0.15482178,0.005486547,0.21876357,197.51680070380434,570.0155591512628,273.38108213879946,555.5846371128713,337.6791401273885,1106.08469304276,0.009809166003184714,0.037431967663719375,0.009895125,0.025841191
1-26188-A-30.wav,door_wood_knock,-254.25256,86.28126,56.158413,44.451763,13.444085,11.777081,8.316552,7.9531984,10.18421,6.347979,12.798187,9.180674,2.7706184,6.744079,4.6911435,7.387466,5.5948787,4.711241,7.576516,3.5796885,4.3920445,4.70079,5.2539077,3.189777,5.885941,3.9336767,0.033211727,10.583501,0.29717198,4.1960993,0.13800997,1.6670413,0.087520964,1.0515921,0.07195339,0.7625411,0.052017223,0.95521647,0.03261859,0.8158588,0.043701462,0.7789808,0.06043388,0.7320138,0.0671433,0.53448874,0.063439876,0.59961337,0.040563066,0.52904284,0.01714344,0.568966,0.13439299,6.298558,0.0055075176,1.9671522,-0.025685757,1.187581,-0.012855493,0.6923401,-0.018519912,0.57072294,-0.049577523,0.5691137,0.014586916,0.5942394,-0.027154561,0.6359663,-0.010802805,0.49838132,-0.027385585,0.38056666,-0.02327225,0.3680092,-0.023361683,0.39952907,-0.013743774,0.3878802,878.2070162831196,776.5005416875795,1359.3334595556328,713.0523488324304,1985.46974522293,2086.443988082667,0.02274706409235669,0.03220690860968224,0.11016147,0.109711505
1-52290-A-30.wav,door_wood_knock,-402.12445,110.902115,28.546682,37.570152,1.9795033,10.286355,5.5778904,9.661248,4.7758164,7.242765,5.968771,8.143733,3.4135137,6.564087,2.703151,4.3776083,-0.15449932,2.7122195,2.720588,4.244379,1.5202582,2.978516,2.6605027,4.4261956,1.1297221,2.2309213,-1.2168274,8.022646,-0.42453563,2.2972858,0.008475202,1.815236,0.032055855,1.4797567,-0.018666942,0.87997496,-0.122126706,0.82497424,-0.023980202,1.0511333,-0.08701156,0.48762226,-0.011091619,0.46808305,-5.5029894e-05,0.43806115,-0.053801287,0.4335327,0.006435734,0.6478404,-0.013283954,0.28552067,-0.5755699,6.500799,-0.13293196,1.7885938,0.102802224,1.4704998,0.048985943,1.1760851,0.02501831,0.6371842,-0.021093726,0.3901184,-0.021130243,0.7729607,-0.048277605,0.4240308,-0.0110957185,0.36591294,0.017849738,0.34588203,0.0060746213,0.2877725,-0.00041860229,0.4910934,-0.019585561,0.20966749,356.2532911964451,535.653966838237,539.7542535439449,710.1519843614514,695.7603503184713,1108.3766091879336,0.012359424761146497,0.02280240062278879,0.006466686,0.011617679
1-81001-A-30.wav,door_wood_knock,-151.36984,85.66811,87.876755,19.228165,8.151761,15.918079,9.523254,7.840519,5.8843164,6.059389,5.131562,5.527629,2.2956705,4.566953,3.3347137,4.208381,0.030582452,4.293358,0.5978958,3.6632957,-1.0756394,3.915457,-0.7278961,3.187799,-0.25692856,3.332993,-0.007780816,8.623835,0.15753941,2.727038,0.09905159,2.0913892,-0.098697186,1.2026545,-0.071050495,0.8786893,0.044758122,0.89469004,0.042088587,0.70375806,0.028261743,0.8097558,-0.041346367,0.63330996,-0.014361725,0.54054564,0.0069534946,0.5925915,-0.012604894,0.43320036,0.04022859,0.49056473,0.20415697,9.307662,-0.121762976,2.6697176,0.07271881,1.418384,-0.011654509,0.58133626,-0.030873049,0.5873326,0.058103476,0.68393,0.025548303,0.51832813,-0.006820339,0.53189695,0.0028639508,0.45307326,0.013063209,0.4315992,0.00034564012,0.43360794,-0.017849514,0.40814188,0.014578921,0.3537437,761.4197582604733,364.4809713546157,1144.8337469243756,322.56171447139525,1367.6353503184714,871.0949179527782,0.03791799363057325,0.020051229899915434,0.15069145,0.15290855
1-81001-B-30.wav,door_wood_knock,-189.66537,103.651955,58.09716,36.744167,8.527947,12.944699,10.094918,8.337134,8.062528,7.013807,6.9295692,6.5464516,1.2859622,4.274349,2.523402,4.67632,0.47003514,3.9888036,0.7489789,3.8825438,0.2126579,2.7431896,0.018529296,3.6516833,-0.85044724,2.757679,-1.2510487,10.634759,-0.5266826,3.232024,-0.09247391,1.5038218,-0.031222932,1.2130659,-0.05364647,0.9581269,-0.09122762,1.114717,0.002287634,0.6734982,0.0024905873,0.8901399,-0.0063535757,0.7306516,-0.00989592,0.54963946,0.006554664,0.4866692,-0.018295467,0.7054844,-0.011698799,0.4859046,-0.50562,9.4522085,0.12543215,2.3010714,0.0255134,1.1962404,-0.015571912,0.6423406,0.017261723,0.6663942,0.01788701,0.7210684,0.0018534072,0.41511378,-0.014714806,0.5879183,-0.013296561,0.4231384,-0.015105416,0.3337191,-0.00089411065,0.31808862,0.0007085671,0.37967432,-0.00065405504,0.33836037,722.2385635250525,717.2676729587401,1071.4564062849108,712.795217566265,1494.4267515923566,1596.32380527596,0.03251268909235669,0.0612211424027141,0.13506295,0.1579492
1-82817-A-30.wav,door_wood_knock,-378.74106,79.96948,12.423369,31.147799,0.9396923,6.0720053,1.2250086,3.6271164,1.1917806,3.8115838,0.5270077,2.4966002,-0.20774911,1.7270362,-0.12741053,1.2405981,0.31510898,1.3442056,-0.16428411,1.5697914,-0.3519246,1.496877,-0.03950357,0.9233891,-0.01150238,0.9456731,-1.4450417,6.253455,-0.5856273,2.6593626,0.0062759607,0.7547586,-0.043818876,0.45633635,-0.07870514,0.457948,0.0030897378,0.4426092,0.0018526791,0.16960096,0.018167319,0.14972612,-0.009881005,0.15917957,0.02284835,0.17147934,0.015626917,0.16206746,-0.0047415365,0.09292436,0.004793374,0.12299338,0.22823966,4.333508,-0.040213164,1.1123626,-0.036407106,0.7997552,-0.017700586,0.38317728,-0.06572165,0.549716,0.0054107155,0.34962103,-0.0013683586,0.17814538,-0.0024331831,0.17119099,-0.011178636,0.18938261,-0.0034099626,0.17412187,0.016450228,0.2033385,-0.0054317,0.11164047,-0.006391565,0.11121227,151.78277232171286,432.20359535058884,202.52310471115814,501.8461814390337,278.7619426751592,809.8036576416687,0.007433071257961783,0.021585539204973074,0.009948206,0.03601457
2-114254-A-30.wav,door_wood_knock,-417.81943,78.06592,24.69394,44.712048,-0.12377774,12.279075,0.29778826,5.303091,3.7071476,7.354878,3.4763129,6.8936486,1.6926707,4.890932,1.9699023,4.2824483,2.404262,4.600559,1.8306139,3.5887003,1.1372051,2.7667768,1.7518771,3.735181,1.3357122,2.8089695,0.19884038,9.352017,-0.25505823,3.4769921,-0.29830584,2.8068926,-0.15021117,1.2757455,-0.08873974,0.79039496,-0.0543607,0.86188537,-0.08268858,0.8030963,-0.037544116,0.5758822,-0.024907377,0.5118343,-0.029756097,0.35687426,-0.015078889,0.38887593,-0.004131422,0.35728544,-0.0003621244,0.27409646,0.38093087,6.5505815,0.06140132,1.5048789,-0.09028233,1.8158995,-0.011906293,0.574722,-0.026451211,0.50962526,-0.0013977722,0.3608642,-0.013343237,0.46199247,0.008966097,0.31411898,0.008048076,0.30413625,0.0053799017,0.20711091,0.006656323,0.20212387,0.011890384,0.2571757,0.015785627,0.1892838,172.3000524349322,437.77982762474966,248.51886542995328,472.7734684565037,309.11624203821657,858.6940311398333,0.006829717356687898,0.019484386208003742,0.005502585,0.015244788
2-118624-A-30.wav,door_wood_knock,-334.21884,82.08733,23.393944,30.66188,5.865828,8.3732395,4.2864685,5.5069904,5.6796875,7.520272,4.9212017,6.344018,2.1314259,3.4543808,2.8561914,3.9569204,2.509549,3.7571025,2.664934,3.8760402,0.9955242,2.4172485,0.87471235,2.5466504,2.3229396,3.709189,-0.22256353,7.228249,-0.25070518,1.9227161,-0.040850844,0.9576242,-0.04771139,0.5341269,-0.026279926,0.5373871,-0.03883911,0.50249887,-0.022916831,0.4963424,-0.031603597,0.50606203,-0.014800076,0.54348874,0.011686935,0.4080255,0.028882759,0.32684633,0.014019723,0.31627405,-0.00854633,0.37559044,0.16117181,4.301206,-0.08166196,0.98156947,0.011170641,0.5582886,0.054663304,0.30834773,-0.011133098,0.26046145,0.0009343926,0.27780256,-0.017149525,0.3076502,-0.032922532,0.3107841,-0.029439218,0.29048696,0.005493139,0.26977074,0.03418629,0.24731177,0.028956134,0.23348767,-0.003555136,0.22518669,531.9002862546023,821.4347761785418,747.9172490810096,862.9838608002252,1088.7738853503186,1639.1509701952136,0.021496815286624203,0.05883294331363576,0.020667607,0.05229852
2-118625-A-30.wav,door_wood_knock,-274.001,86.70326,29.627594,34.841095,4.5392127,6.3958306,2.5567918,3.801826,4.173548,5.1963587,3.659369,5.090385,1.3400085,3.1006603,1.935001,3.4281383,1.4088099,3.016241,2.1331792,2.9902248,0.84079427,2.3348997,0.48391962,1.978656,2.357823,3.613448,-0.9971575,5.845512,-0.2341299,2.5536895,0.013073976,0.79037994,-0.06436993,0.47471413,-0.0075383703,0.4393794,-0.0034223422,0.5396986,5.1039797e-06,0.5211285,-0.023439186,0.60408354,-0.04485247,0.49084076,0.010873053,0.38392177,0.037603732,0.34674928,0.024566608,0.32519194,-0.021609344,0.4055424,-0.19383644,3.7514398,-0.06808613,1.1362637,0.013863636,0.42324838,0.026891943,0.29926986,-0.013107415,0.23493928,0.009426935,0.33157924,-0.02477602,0.27858245,-0.04309469,0.31054282,-0.04142675,0.2925037,-0.020641662,0.23523742,0.0041009123,0.18290122,0.017341938,0.23856102,-0.009763753,0.2388355,505.29620357909164,706.4344526578329,714.4385721402442,798.0564687946927,1028.9609872611466,1466.9477687161268,0.023425059713375797,0.04868222969597779,0.048582748,0.13127217
2-120218-A-30.wav,door_wood_knock,-322.4793,71.979805,54.758583,26.187628,25.05048,8.773026,20.718258,7.757284,12.358799,6.4334745,8.923102,4.5511136,6.357215,4.970238,7.4910865,4.5382156,5.7941227,3.7395194,3.9936419,4.5918527,4.9947796,3.7842426,3.6143386,3.509562,3.1400785,3.1545517,0.94573617,8.763917,0.22568975,3.2969117,0.06533052,1.3623325,0.07113261,1.1120821,0.015417389,1.0483519,0.007660252,0.60316265,-0.0012644051,0.6219245,-0.01148686,0.66001564,-0.034707725,0.5251223,-0.013915,0.5779949,0.0015365105,0.55705714,-0.030209234,0.49269655,-0.0541477,0.46424434,-0.27677923,5.6772647,-0.17455333,2.769404,-0.08923111,1.1603696,0.030814711,0.7621893,0.020553848,0.76693755,0.013801885,0.4145401,0.04031958,0.58614933,0.05042002,0.6411074,0.022138268,0.46259317,0.021408452,0.45911452,0.044315442,0.57529885,0.024255227,0.40244582,0.015850635,0.33381307,822.8197093644828,603.1853685976587,1489.1155916264313,620.9643378080207,1939.4904458598726,1983.3326621006406,0.01903985867834395,0.01913810637564383,0.02952041,0.03148667
2-120218-B-30.wav,door_wood_knock,-255.03607,90.30045,68.079704,25.530693,24.478067,9.3146715,21.155529,8.252319,14.1856165,5.6216416,9.579022,5.0413074,7.228283,5.067631,6.471295,4.1268907,3.716409,4.338858,3.5596738,3.9231057,2.2753532,4.0918136,1.346583,3.692034,0.65805036,4.1243067,-0.13535324,13.664198,0.23569821,3.6390207,-0.04123502,1.5108497,0.03250496,1.1448928,0.022446193,0.7216466,-0.04783733,0.8071754,0.02328301,0.74817735,0.017417956,0.5717818,0.0031653787,0.62997615,-0.0029210045,0.54419374,0.007493514,0.61023706,0.016784914,0.4841787,0.029869596,0.63828605,-0.076412454,7.612768,-0.22478276,1.827848,-0.07325937,0.96758133,-0.12482297,0.90281993,-0.057018243,0.5696015,0.012204708,0.5500163,-0.0019420469,0.46411934,-0.011619202,0.4587634,0.012100082,0.38491854,0.009680631,0.3730848,0.007251305,0.45670816,0.029653208,0.3552483,0.027556743,0.4228971,541.7521944955691,357.6399638379203,1162.689064594948,456.3758247057397,1002.0899681528663,1133.3854258169629,0.01246516719745223,0.009455374861003805,0.06884288,0.058019366
2-133889-A-30.wav,door_wood_knock,-360.97745,60.58558,44.412525,55.958572,16.506279,21.056982,5.572645,7.505393,3.256111,4.431056,2.1101165,3.3049815,1.3562385,2.3246677,1.3619634,2.435916,1.7778311,2.7309628,2.111206,3.0263474,2.3577852,3.2390745,2.3508928,3.2769392,2.0310543,3.1466355,-0.85217345,4.191056,-0.6053431,3.2383068,-0.2901192,1.4743171,-0.12364542,0.6554943,-0.036590636,0.38332164,-0.02285899,0.3770027,-0.023025734,0.24380071,-0.025684107,0.29423034,-0.008586135,0.3027398,-0.027923891,0.2608247,-0.033227365,0.25008303,-0.04053186,0.31369752,-0.04115968,0.34364265,0.48840502,4.5955143,0.08584984,2.3898785,-0.094288155,1.03889,0.00018747294,0.4878097,-0.0035820403,0.27518082,-0.007819795,0.3240641,-0.017991722,0.27324036,-0.019035015,0.30468655,-0.025042621,0.2823924,-0.021492483,0.24937236,-0.009094564,0.1873065,-0.011301421,0.24005038,-0.018107135,0.29586476,84.90320929859885,270.2235665844946,190.99539250361605,316.067847008803,142.81449044585986,558.9570687436259,0.00403687300955414,0.013745472484079266,0.040286604,0.054353025
2-134915-A-30.wav,door_wood_knock,-357.83847,62.812252,51.250313,58.301765,18.622375,21.440668,6.4852552,7.8666973,3.8238657,4.8151674,2.4913692,3.4686015,1.6614876,2.62423,1.7354324,2.6422665,2.149879,2.8840468,2.3351681,3.13987,2.6224217,3.4115589,2.5993173,3.3942044,2.0820324,2.968934,-0.81557584,4.3773746,-0.73568046,3.2636604,-0.30255052,1.5497482,-0.12213531,0.6530969,-0.03477033,0.43912813,-0.005032521,0.41602656,-0.015140216,0.28626674,-0.049407065,0.33079016,-0.03899644,0.31134224,-0.021724569,0.30547428,-0.015207391,0.31384337,-0.03554149,0.28775078,-0.03543039,0.2582258,0.34931564,4.515004,0.1766235,2.7229123,-0.01851089,0.9551353,-0.017958764,0.52414745,-0.043159176,0.39633554,-0.019895162,0.33343714,-0.025205482,0.29722044,-0.010120513,0.29659304,-0.011115808,0.27416936,-0.02434356,0.29891446,-0.019862328,0.2544701,-0.029795758,0.31252185,-0.029541742,0.32443285,90.07638677069434,279.5124963577438,203.3009898752227,302.89063658552294,147.7906050955414,552.4032186065384,0.004777070063694267,0.01944977645669184,0.04679544,0.05681872
2-140841-A-30.wav,door_wood_knock,-372.25476,85.19251,24.07434,43.175808,0.4702828,5.8293,-0.086749256,3.5210934,0.36044914,4.170644,-0.042625025,2.847553,-1.2085484,3.1643,-1.7513778,3.5267074,-0.6996595,2.3283277,-0.492551,1.5931118,0.004702951,1.312213,-0.33240712,1.4360658,-0.3771059,1.443886,-1.2714216,5.665447,-0.7504604,2.6392334,-0.08145571,1.2308179,0.011181003,0.60987616,-0.073697925,0.9409431,-0.015641134,0.5429937,0.07268557,0.3953358,0.032759093,0.37134746,-0.0012263044,0.31753105,0.019259578,0.21060124,0.008092578,0.22282162,-0.0062891087,0.19613966,0.022408836,0.27348325,0.21832946,3.8569613,0.06620958,1.4069585,-0.0509931,0.87533766,0.03537082,0.49458647,0.021908317,0.56972855,-0.0008126824,0.4317635,0.009236047,0.2501817,0.004039272,0.26535973,0.0077034943,0.26067224,0.016645936,0.21545391,-0.0013540155,0.15806384,-0.008219733,0.1333581,-0.004459179,0.19202453,469.3370032456588,888.8154654586128,460.49672403387433,807.0521225015475,947.452229299363,1884.3831638358204,0.037289759156050956,0.07203534998793128,0.0091364,0.026337475
3-144510-A-30.wav,door_wood_knock,-290.8349,84.89346,19.831413,37.301365,5.105089,9.52419,4.244321,6.538559,3.3972902,5.189478,2.634579,3.9943438,0.23670483,3.815486,0.8084692,2.7650208,1.6159062,2.581127,1.5351448,2.5112278,0.4753622,2.278223,0.6570946,1.9437481,1.1013638,2.1151927,-0.85416156,6.829698,-0.3644554,2.5510027,-0.10992614,1.1193898,-0.104553245,0.51011723,-0.03844736,0.35508394,-0.060812186,0.30271143,0.015413934,0.46989694,-0.022272764,0.40348512,-0.0056820684,0.22604287,-4.5690187e-05,0.20351054,0.01680307,0.36311322,-0.0022735011,0.32029396,-0.013454928,0.2522745,-0.24163522,3.146085,-0.18993995,1.3455752,-0.042344052,0.6996375,-0.008708431,0.31233534,-0.00036688216,0.18918373,0.009320343,0.19875917,0.036378756,0.2722984,0.022073746,0.22907099,0.0130426325,0.17063345,0.006542697,0.15754417,0.013038137,0.23061252,0.00011466871,0.20064169,-0.01960228,0.18381754,318.64202443331186,625.9692385116397,514.149872023396,744.507328382993,630.7722929936306,1357.2510983930017,0.013360867834394904,0.04210869525294807,0.050824925,0.13150351
3-151089-A-30.wav,door_wood_knock,-371.57248,75.13985,27.732864,33.731495,7.835999,11.307196,4.000638,7.5993114,3.8524349,5.8121676,3.4558709,6.519073,4.2967005,5.353743,4.771708,5.6205006,4.9802337,5.3651743,3.5646558,4.9179177,3.3327274,4.849843,3.8527672,4.6843677,3.923452,4.7366085,-0.1567307,10.063082,-0.18091147,2.6325316,-0.14416894,1.4578261,-0.12435717,0.9180327,-0.10634703,0.706873,-0.12948334,1.0538832,-0.06454019,0.51879257,-0.054603845,0.571894,-0.061579626,0.42725262,-0.08530922,0.6696608,-0.07442551,0.62562656,-0.0823686,0.59316254,-0.073307976,0.62181586,0.35356662,8.78244,0.09952287,1.9556206,-0.018521238,1.1188514,-0.0024964423,0.5252143,-0.023134656,0.48743242,-0.020565335,0.7159687,-0.018872397,0.31571653,-0.009712644,0.35783425,-0.005302648,0.26951388,-0.00753432,0.3850638,-0.014579795,0.35415193,-0.02598879,0.3682641,-0.032024097,0.43971467,276.3190981025315,578.3616639627973,563.3506332106558,656.3385348687334,436.8033439490446,1237.8205207384751,0.009180931528662421,0.032388512596968975,0.014371617,0.025921004
3-152594-A-30.wav,door_wood_knock,-465.25024,74.13437,20.639809,36.892498,6.4146886,11.468089,3.8427594,7.5270414,1.9008781,4.9426856,1.891997,4.200287,1.2353768,3.9760296,1.8041693,3.7752192,1.257606,3.0457313,1.5002738,3.018845,0.8993843,2.6163657,0.99558866,2.365014,0.6344548,2.1313677,-0.8037452,6.64883,-0.37760672,2.5083199,-0.13030311,0.94510627,-0.13995272,0.88628566,-0.072186425,0.74933827,-0.09084389,0.54725534,-0.08731405,0.61815673,-0.07742131,0.44780502,-0.051257472,0.41276467,-0.06091622,0.29261425,-0.06596626,0.36760223,-0.05440353,0.23334193,-0.044522602,0.279851,0.2244635,5.6456466,0.011910675,1.2919469,-0.027130904,0.5526659,-0.009052735,0.517052,-0.019179417,0.536861,-0.020081853,0.3532297,-0.033340584,0.49011716,-0.024385776,0.30775797,-0.025340185,0.30630323,-0.014620656,0.21172808,-0.023992844,0.28366423,-0.013682915,0.19788681,-0.02421419,0.31346107,131.51524341402612,379.2504277264266,270.62877165753326,503.07809527443106,202.12977707006368,723.2569541957175,0.004801950636942675,0.017506433952415787,0.0030141051,0.006948762
3-154378-A-30.wav,door_wood_knock,-364.71524,78.8573,16.522837,36.168858,2.3829887,8.195852,-0.7581271,5.2498507,-0.5710904,3.017961,0.07743537,2.08607,-0.010405182,2.3148508,0.49761245,2.259828,0.45963675,2.2534833,0.10709794,1.5052369,-0.29577696,1.4724447,0.049639758,0.9208232,0.16707522,1.1933193,-1.5943383,6.999073,-0.536075,3.2571688,0.121010005,1.2718703,0.08343518,0.98635495,-0.00984261,0.63612795,0.0067063873,0.15843086,-0.0021208122,0.23646528,-0.087170385,0.3856757,-0.06648358,0.29667798,-0.020213181,0.23323841,0.023223685,0.20063016,-0.0001516008,0.11033118,-0.0255095,0.15517618,-0.17967613,3.4338417,-0.028049426,1.7403461,0.006271891,0.53817713,0.022867246,0.7460132,0.006374684,0.3868823,-0.025736682,0.2353701,-0.02759293,0.2840268,-0.0081219915,0.22705303,-0.019586746,0.20057593,-0.01403944,0.17436107,-0.002222853,0.16253345,0.0023901698,0.13157423,0.016846532,0.13665493,177.84129818973338,400.20368729358506,249.50524040882686,553.5141646061288,323.546974522293,850.4307293605325,0.011015873805732485,0.026145866146895593,0.00930422,0.030832795
3-170574-A-30.wav,door_wood_knock,-351.87936,68.202354,19.509804,37.77916,4.92449,10.821447,2.1780763,6.457841,1.4214543,4.2124825,0.41281095,2.730331,-1.2483915,4.1195583,-1.6067433,3.6405509,-1.6660006,3.221416,-1.5837275,2.8023977,-1.1342756,1.9506779,-1.0178508,1.7995561,-1.1015067,1.9018613,0.69022906,14.096961,0.07448387,6.843167,-0.19526191,2.2361765,-0.104674555,1.4590135,-0.09823346,0.89554703,-0.048736595,0.6214555,-0.04650636,0.9656151,-0.009753682,0.6960474,-0.0020399455,0.48818037,0.015752908,0.32915264,0.030256556,0.18422566,0.032047052,0.22073801,0.030408807,0.20209876,0.4544322,8.601828,0.17332056,3.6091323,-0.00074271794,1.2043056,0.007485056,0.8175296,-0.017360987,0.5563107,-0.023263186,0.42237574,-0.035737317,0.5478064,-0.028275076,0.38186717,-0.025279017,0.30157724,-0.011751036,0.24899645,-0.009513573,0.17920096,-0.014347852,0.12313288,-0.010352966,0.13522212,558.192910832209,932.463169442099,643.2568962597917,922.6689511124817,1167.2969745222929,2039.7355075028909,0.054053045382165606,0.13328958184404252,0.014691815,0.0548048
3-180147-A-30.wav,door_wood_knock,-339.65118,77.80149,66.41694,27.685627,20.662903,16.872816,18.506308,10.936877,13.248037,7.2998157,9.959235,7.001396,8.087913,5.326063,4.773409,4.8441577,4.7272296,3.5392814,4.5422654,3.5750988,4.574428,3.1361194,3.367859,3.0493526,3.1004088,2.8165762,-0.8165021,12.1090555,0.04972509,3.4560437,0.13001533,2.5473418,-0.0055214707,1.6130748,0.0411728,1.1735073,0.069318615,1.189819,0.040169477,0.8061315,0.016743481,0.6835179,0.013184504,0.47940588,0.019534288,0.51019824,0.026947532,0.4348664,-0.0014156543,0.43149644,-0.0007668745,0.42921722,-0.10397863,13.527298,-0.13028157,3.5371146,-0.02795596,3.2334657,0.011541665,2.0514839,0.0023938743,1.3538954,0.011877018,1.2787383,-0.030691257,0.8776113,-0.00051972823,0.66039795,0.0083233835,0.43167123,0.014366494,0.5326915,-0.0020764219,0.42951727,-0.0112061035,0.34225422,-0.0095391255,0.33599836,811.7298109580947,677.2203515211618,1319.3031376786284,661.5853834414305,1825.5374203821657,1948.9280920277938,0.030080613057324842,0.030844702896592587,0.016120877,0.01602695
3-182023-A-30.wav,door_wood_knock,-273.5227,69.71033,31.019892,38.976383,16.18267,17.242607,9.026432,9.110609,7.0257964,6.4424467,6.820505,5.93919,4.357114,4.2093186,2.532745,4.133921,1.6986848,3.9678028,2.6301782,3.2187479,2.6639013,3.090616,2.8589225,3.3351479,1.8205221,3.022915,-0.5169596,4.4312754,-0.073621,3.3435073,-0.07416323,1.3810531,-0.0585481,1.0575054,-0.053667653,0.70449585,-0.042402375,0.38065392,-0.023289487,0.3777987,-0.040358447,0.42503992,-0.046122804,0.454102,-0.03363117,0.31552327,-0.024519531,0.31476283,-0.00018425353,0.30836213,0.0027037426,0.35991952,-0.057213724,2.4694867,-0.014497663,1.8294201,0.003734357,0.6978263,0.008187395,0.64450634,-0.0054339427,0.4597835,-0.0052981763,0.30560535,-0.013086753,0.2654511,0.004726304,0.24843526,0.017482715,0.2927151,0.0010975045,0.20821622,0.005071043,0.19825606,-0.027805498,0.24385668,-0.0024877628,0.2536847,793.1583197919999,1106.3260671329308,1021.4136243623612,976.4634082369879,1681.6281847133757,2441.1199324228915,0.03779359076433121,0.07463583888639658,0.086405806,0.13263166
3-182025-A-30.wav,door_wood_knock,-326.533,92.897064,37.682674,47.12914,15.477368,17.49633,3.031211,8.402367,1.7921685,4.807401,4.506091,5.2557178,3.8928235,4.882994,2.6677282,4.2826705,1.4684169,3.674839,0.9167878,3.7893965,0.1749174,4.092701,0.7080256,3.6224842,1.1636187,3.031413,-0.5480421,5.71881,0.094557844,4.1203766,0.021244887,1.4975084,-0.056563042,1.4412811,-0.08028069,0.7563819,-0.081560776,0.6186885,-0.077795796,0.5802412,-0.04346885,0.54593056,-0.03930226,0.42999,-0.04992451,0.44582587,-0.038139977,0.49517575,-0.044998128,0.4309636,-0.04002049,0.3818667,0.15389039,2.820229,0.1865009,2.2223969,0.06143094,1.0158554,-0.01683691,0.8631357,-0.018343484,0.39389482,-0.008751875,0.35263565,-0.022882342,0.3726304,-0.015292979,0.35289043,-0.014680034,0.25635946,-0.01819625,0.27696428,-0.021937558,0.31457898,-0.0076912316,0.20539476,-0.0055385414,0.19627282,431.4504721627713,672.9487931414633,727.7947303612076,817.8240452253152,899.9800955414013,1578.9134530364383,0.01630921576433121,0.03587619704473896,0.029740658,0.040859718
4-182034-A-30.wav,door_wood_knock,-289.62308,52.354164,33.64807,37.7323,18.966402,14.453038,10.558154,6.1171284,7.477601,4.762692,7.254599,4.0272207,6.2228045,4.0661755,5.4333916,3.9208217,3.4266918,4.1539917,3.5146527,3.3133526,2.8216708,2.8113706,3.3960671,3.0848966,2.7927659,3.2260468,-0.57408786,4.846879,-0.08183795,3.526574,-0.064052336,1.2767103,-0.057294026,0.7231849,-0.022526177,0.58584297,-0.042579997,0.41644233,-0.040124226,0.4212946,-0.047336046,0.4103276,-0.030323328,0.45759025,-0.017760605,0.34198293,-0.01800096,0.2786966,-0.013086432,0.31992298,-0.019968845,0.32197127,-0.025961284,3.694879,0.020603541,2.6361203,-0.0026144343,0.7555433,-0.0062078,0.7930604,-0.0035600434,0.39395615,-0.004065297,0.33229008,0.014875342,0.4594005,0.00035317233,0.36161628,-0.018531034,0.37649557,-0.019766014,0.28528923,-0.003027217,0.25182572,-0.0012607093,0.2539647,0.0066687423,0.25266,1596.7756653084086,1258.7327843110143,1732.7472891612456,886.6846890122316,3370.7205414012737,2791.27006587341,0.07371491839171974,0.08585324680078353,0.03960599,0.05953114
4-182039-A-30.wav,door_wood_knock,-338.51758,51.82791,28.003498,41.48193,14.550707,18.15314,9.748954,11.063359,6.845305,7.985552,5.982159,6.848645,4.7141156,5.8086658,3.850837,5.3293157,3.432635,4.978694,3.452492,4.4281373,3.0298162,4.096212,2.8003986,3.7296617,2.2790806,3.2411928,-0.99477345,3.6116576,-0.6994938,2.0202336,-0.18005532,1.2787814,-0.09549853,0.7983593,-0.008778936,0.71283424,-0.044425808,0.5685108,-0.024385992,0.52231395,-0.02641833,0.48569533,-0.0022324726,0.45471933,0.0037125326,0.36065286,0.004145431,0.3733672,0.004722981,0.3818028,0.026839737,0.39159346,-0.12660676,4.1505938,-0.19470896,1.9799432,-0.115937054,1.0641834,-0.023421226,0.45758277,-0.0024005668,0.47084802,0.012448349,0.3426437,0.012648838,0.2648255,0.008840961,0.24169883,0.0039338428,0.26347345,0.006177164,0.21413063,0.013323922,0.32646903,0.011896466,0.294273,0.00457164,0.29677066,393.9125970830906,647.2707340366433,683.1459001515237,896.9077710256779,998.4076433121019,1813.5542733916516,0.012359424761146497,0.024125789469858307,0.03418301,0.07335797
4-182041-A-30.wav,door_wood_knock,-349.055,79.660736,24.432114,44.67085,8.489348,14.83132,0.90113735,4.2874494,0.31777278,2.473005,1.3226647,2.7614655,0.9429889,2.4358802,0.8099103,2.3347163,0.80345196,2.042702,1.1923212,2.4163222,0.54894805,2.0697868,0.5340308,2.1172953,0.5270332,1.8664721,-1.0120292,4.2153707,-0.4740395,2.6027112,-0.087043956,1.0474352,-0.017238704,0.69423056,-0.0611025,0.5108328,-0.05257042,0.24091694,0.0025987246,0.31162807,-0.0012176826,0.31552497,-0.030320128,0.3143725,-0.03426124,0.27629083,0.012093514,0.31628555,0.003480609,0.2916227,-0.0051811584,0.27749938,-0.42679796,3.2440813,-0.34829152,2.300607,-0.045508463,0.47938615,0.062382556,0.5410496,0.020437451,0.29351205,-0.00084919116,0.19411296,0.018189741,0.27745953,0.02744142,0.236,0.012799787,0.21249343,0.0054652235,0.1742556,0.0034776751,0.19564049,0.010256694,0.1887434,0.011015954,0.15519157,208.0805448420805,553.3659497850701,327.75812966909086,613.956961535727,398.1886942675159,1130.9701552919923,0.009330214968152867,0.033080764261437294,0.023708275,0.047318283
4-186518-A-30.wav,door_wood_knock,-250.53526,119.05743,73.535355,32.604935,-11.944612,28.173695,5.282545,7.8845887,0.498032,9.090994,7.0682974,3.707084,4.1206546,5.2664623,5.642534,5.12433,6.4154687,4.81734,2.9151957,4.361934,1.661979,2.9182105,2.7174413,2.8423839,2.9498932,3.0642326,0.9849705,12.193777,0.3546675,3.4460204,-0.30366904,2.7880645,0.0147840185,1.0647207,0.051282518,1.3157344,-0.004338015,0.6050815,-0.094818674,0.8843324,-0.09108963,0.91983813,-0.005215422,0.71527195,0.018747102,0.66196525,0.017236074,0.4810793,0.025557816,0.45614985,0.044111818,0.45676583,-0.4402827,8.302747,-0.07714817,1.6548555,0.012159223,1.1538384,-0.044992488,0.62242264,-0.0018038596,0.80001116,0.0061857356,0.46297655,0.038571563,0.62221324,0.0138874175,0.521061,0.0038381838,0.41215873,-0.0053387857,0.48945516,0.009793098,0.35139716,0.005279559,0.320471,-0.0051578754,0.33140853,1147.9153761338664,270.3430749395714,1347.1852588623785,564.3460020707546,2439.291401273885,1152.7789505345283,0.07532593550955415,0.036088335568596606,0.041943707,0.05852151
4-187284-A-30.wav,door_wood_knock,-286.28702,76.14464,81.22563,7.435505,-1.6569659,8.242881,3.4049041,2.8818643,5.4813776,2.8631918,5.414833,2.9326446,5.747917,3.2516446,4.5582027,2.587306,4.073386,2.6212795,2.789697,2.259388,2.1164908,2.3038871,0.5416598,2.733083,1.0765837,2.5833979,0.017466526,6.7317166,0.00854528,0.8297158,0.008522981,0.7269746,0.011591285,0.3161598,0.003314101,0.32781574,0.009336761,0.36907768,-0.0023994932,0.31335098,0.0075609507,0.31284562,0.022628509,0.3365343,0.003148867,0.29048067,-0.00062550267,0.27702764,0.011379709,0.29508492,0.023894368,0.31015024,-0.03767792,5.044436,-0.0124537535,0.39195493,-0.003635121,0.5832376,-0.010482511,0.28543484,0.020127818,0.2394705,0.009368271,0.2908407,0.0014863572,0.27976894,0.014984737,0.27533853,0.019409917,0.30563587,0.012176945,0.23356837,0.018727275,0.27299505,0.015407848,0.325724,-0.009625925,0.2657378,931.1069301075356,238.74499762438924,1261.5688010919762,187.74887254396052,1680.7324840764331,489.18524641106023,0.05284633757961783,0.019614103273109217,0.010221561,0.018759623
4-188878-A-30.wav,door_wood_knock,-302.77667,49.599728,49.949356,37.153454,3.114643,5.2929626,11.584798,9.251741,5.4181104,3.6612546,4.2740717,3.7978172,4.3977647,2.9174166,3.392501,2.8801517,1.8375219,2.9020185,0.9087534,2.8354244,0.48021692,2.427041,1.5182029,3.107698,1.0950212,3.0389512,0.008187215,5.7453504,0.059773814,4.281208,-0.020011507,1.0623215,-0.03416915,1.1395893,0.024872916,0.63218814,0.047917925,0.5729862,0.03305359,0.4823007,0.00030164127,0.42260683,0.031433366,0.4198861,0.013331881,0.46657193,0.0018982545,0.3509211,-0.0031484524,0.3772827,0.020915402,0.44373775,-0.043347906,3.3893309,0.021271471,2.5439148,0.011125656,0.6227567,0.0085995905,0.8158177,-4.00566e-06,0.38550797,-0.014673214,0.3730974,-0.010031543,0.33549124,0.014318703,0.29969528,0.0050801723,0.3018527,-0.023318477,0.33670148,0.0007528131,0.23947765,-0.008640307,0.31876558,-0.001836891,0.3212443,1865.4108149911651,609.1569393663901,1907.2251357386979,539.3645577449919,4124.004777070064,1449.0841072819685,0.12009852707006369,0.053063301437431806,0.0142819835,0.039373573
4-211502-A-30.wav,door_wood_knock,-314.48532,108.10613,27.59873,40.12654,6.90335,13.501974,4.840217,8.138454,4.1411543,6.4405603,1.7614417,5.655593,2.6077573,4.3119125,3.3179216,4.781001,2.5201163,3.7573314,1.9706417,3.357106,1.9788027,2.9899485,1.0754192,2.0787213,0.714923,1.8148317,-1.6584498,5.403038,-0.62290007,2.0096798,-0.04033558,1.3646704,-0.020041773,0.69974214,-0.06766571,0.55641365,0.016736733,0.57432073,-0.039102446,0.4119082,-0.070503235,0.3633581,-0.03786966,0.29591987,-0.030509278,0.2946163,-0.039703745,0.23209092,-0.009140921,0.20814647,-0.002670257,0.1816316,0.27555642,3.4981265,-0.10198897,1.3457882,-0.005528834,0.4657535,-0.015159622,0.29249576,0.003506592,0.22869486,-0.0113568185,0.32223594,-0.01753741,0.23376836,-0.008521456,0.20693108,-0.022020927,0.19433267,-0.010050954,0.22355373,0.0004301876,0.16499044,-0.0028121183,0.117926076,-0.010505187,0.15102944,251.82177494672015,511.3442874313447,426.1125988560975,643.6271509962792,422.2730891719745,1022.4742240165253,0.012378085191082803,0.0346586095106611,0.04365596,0.08584554
4-261068-A-30.wav,door_wood_knock,-304.2514,60.4223,31.430931,32.453472,16.755693,15.333184,14.838214,13.334055,9.974634,8.53754,9.333714,7.825863,8.3470545,7.3417277,7.4917545,6.5018177,4.37499,3.8344638,4.528776,3.89941,3.317244,3.329043,3.5085697,3.180163,3.1165066,3.1795714,0.027184121,8.835542,0.03833382,4.0300207,0.03800209,1.6615473,0.037457835,1.4092255,0.036713697,0.8618586,0.03578671,0.752255,0.034697805,0.85820067,0.03347107,0.7941947,0.03213293,0.46911225,0.030711344,0.50926393,0.029234746,0.50655574,0.0277313,0.39397776,0.02622787,0.45813918,-0.0030767878,7.828644,-0.0043536923,2.4705603,-0.0043600174,0.79182506,-0.004370279,0.7700079,-0.0043841316,0.3728676,-0.0044009597,0.39318395,-0.0044201524,0.57241637,-0.0044409144,0.53852665,-0.004462384,0.24880043,-0.004483572,0.32866758,-0.0045035137,0.31130204,-0.0045211385,0.22551002,-0.004535349,0.35154584,1398.6809885706552,1506.65245797508,1503.8294746479596,915.1534657062622,2672.0740445859874,3095.0108550159052,0.13437375597133758,0.18066656263980516,0.06879413,0.11076462
5-218980-A-30.wav,door_wood_knock,-388.77408,93.419586,27.088923,37.464188,2.2134857,10.257426,2.5347703,4.71883,0.15631892,3.1916153,-1.0562443,4.0166526,-0.9224351,3.649158,-0.023628807,1.8455776,0.39036265,1.688409,-0.10522474,1.475369,-0.015145308,1.665677,0.36819074,1.751233,0.3963246,1.7578986,-1.4239446,5.259042,-0.5872383,1.9561628,0.034898568,1.2546799,-0.02841659,0.5348386,0.047400463,0.45179948,0.044328794,0.45443052,0.04917356,0.36455986,0.0034838212,0.358542,0.012734269,0.23608324,-0.001134404,0.18535188,-0.025904583,0.2427034,-0.023329312,0.25974503,-0.041409098,0.27538222,0.4419215,4.287575,-0.087996624,1.0819744,0.04645182,0.7323973,-0.03155481,0.43493468,0.00090708287,0.23981431,-0.03419859,0.3857763,-0.029131196,0.28373787,-0.021213343,0.29672152,0.0033415747,0.169946,-0.013657072,0.20312418,0.011886551,0.16811118,0.0029665912,0.15299116,-0.017779712,0.2663143,405.3101881193008,554.9202357825567,526.9783754703825,719.6261856241925,786.2261146496816,1155.6675647993118,0.02320735469745223,0.031892646777989184,0.004669291,0.014304678
5-218981-A-30.wav,door_wood_knock,-366.1501,82.41898,16.5931,29.507256,5.9302573,11.055863,3.4074202,6.623852,2.923214,5.536898,1.4677411,3.071655,0.8318222,1.9114795,0.057477575,1.0192739,0.08357398,1.7302709,-0.4206822,1.7053877,-0.19542344,1.6437093,-0.5469509,1.6428874,-0.7780086,1.7782795,-1.7872348,6.7430463,-0.38694066,1.9281551,-0.13441329,1.2170129,-0.029145468,0.7800668,-0.042741045,0.49536386,-0.010898027,0.32050863,-0.017819654,0.21180706,-0.0039707534,0.120354764,-0.0037118956,0.28364784,-0.0042542457,0.22514042,-0.011284296,0.23952879,0.005682281,0.19262896,0.003961003,0.16917427,0.09756944,3.6198792,-0.006544295,0.9364474,0.00013357514,0.47451726,-0.0062758117,0.32702234,-0.024776328,0.30476254,-0.009819608,0.18952145,0.004847885,0.18191421,0.004181343,0.12480782,-0.0014226588,0.15492912,0.010983515,0.14389,-0.010060249,0.14964394,-0.002569516,0.11893788,0.015534407,0.14129089,274.1166579666888,566.630723333607,415.1081981777574,741.623266338102,553.0453821656051,1240.3047048922615,0.012384305334394904,0.026176330428907078,0.0065520615,0.025447926
5-235644-A-30.wav,door_wood_knock,-329.06824,95.518715,33.49725,41.40858,6.0056796,8.614837,5.8458915,9.722653,4.5044923,6.756342,3.0141797,3.9663172,2.191336,3.8200128,2.4422472,3.953538,2.4354384,3.5555115,2.1062164,3.6347246,0.9472408,2.8539686,1.3723351,2.5335042,0.7972813,2.0182552,-0.82631445,5.5933466,-0.28450713,2.666346,-0.06253049,0.7821151,-0.13028608,0.9470938,-0.08637822,0.6030524,-0.020833338,0.35219082,-0.03705766,0.51361924,-0.043501988,0.65899116,-0.040407322,0.5091641,0.015134826,0.4928751,0.04762883,0.60768026,0.011288786,0.30652472,-0.012309051,0.20558435,-0.3082295,4.0021553,-0.0701817,1.7643412,0.05057423,0.75701547,0.03603039,0.8908287,0.036498573,0.57613605,0.009449276,0.27470636,0.0052832565,0.37913886,0.027795533,0.45630917,0.008358731,0.3486095,-0.00035467307,0.31165525,-0.016735917,0.30749413,-0.016178036,0.19373798,-0.009048107,0.19128408,386.67165413634126,558.3407668587753,632.5280335175474,762.2476245996692,794.6855095541401,1198.3318662478382,0.01698721138535032,0.04104727005796745,0.022456009,0.04697173
5-250026-A-30.wav,door_wood_knock,-392.6224,89.16611,61.815754,61.807037,8.895359,19.429909,-1.2875227,11.32507,1.3450416,5.297722,1.9596881,3.6426117,0.5638275,3.8713877,-0.067454904,3.9256651,0.31095162,3.4695582,0.15519622,3.271272,0.597344,2.9174685,1.0439161,2.656992,-0.819963,4.0759096,1.2694098,13.421294,0.961945,8.87816,-0.11250141,3.779556,-0.24512462,2.278277,-0.04714751,0.9828474,-0.0037791398,0.45866916,-0.03678374,0.49088472,-0.044247802,0.605596,-0.032431036,0.52229965,-0.018881269,0.547799,-0.0044499733,0.48558518,-0.012371259,0.37266988,-0.044229515,0.67355317,-0.5943693,10.966979,-0.2761209,6.6501417,0.18377978,3.1332793,0.018115984,1.4347106,-0.026715562,0.5769634,0.042384114,0.5399034,0.022745673,0.47541106,-0.007510513,0.42443222,-0.005267119,0.3993445,0.006854451,0.43809608,0.0028899142,0.3248849,-0.011155714,0.29665676,0.0045058355,0.5539794,1902.9123412765823,1336.5821521868752,1690.7385934505176,964.0369642987614,3774.084394904459,2768.3343848539616,0.213562400477707,0.20325623413481292,0.008052481,0.014998869
5-250026-B-30.wav,door_wood_knock,-200.3124,72.72084,74.17171,32.208138,9.094097,13.298064,5.597044,8.6072035,11.45953,5.7806067,2.7385955,6.4160604,2.7009354,5.464035,0.6985312,4.244992,0.6477455,4.7581844,3.6807504,4.1643176,1.1601254,4.0117035,2.828644,4.0088096,3.1510174,4.105841,0.6838112,10.352539,0.32754406,4.345158,-0.02711248,1.722944,-0.09837698,1.1888022,-0.06532076,1.0945274,-0.0051086177,0.9627194,0.003817241,0.72344863,0.023940042,0.7099864,0.024143305,0.61422586,0.037469536,0.56352866,-0.009497278,0.46840578,-0.055787772,0.5477023,-0.017300535,0.48439404,0.09748335,9.470682,-0.24267177,2.431156,-0.10056769,1.4292703,-0.030302497,0.8409305,-0.06625295,0.77719647,-0.03739349,0.7549213,-0.0032317685,0.5818475,0.008211022,0.5129007,0.008447016,0.5230756,0.012633493,0.44629273,0.018428931,0.35739315,-0.008137138,0.45403403,0.019315762,0.4349708,1106.0512833879582,614.4246588147299,1512.4209290887954,660.6076759835086,2523.0891719745223,1785.1145936522769,0.04324243630573248,0.03280444140621433,0.04532862,0.030462466
5-251426-A-30.wav,door_wood_knock,-288.42203,99.44593,90.17393,49.53342,-6.161878,19.672731,-3.221991,13.380517,10.331389,4.941473,1.1748444,6.2256966,2.6435924,4.4323664,6.904334,3.6035347,3.4271636,2.6754193,-0.19118385,3.1131656,1.3013966,2.2361996,1.4977772,1.9863404,-0.11367492,2.1709294,0.49351665,7.82855,0.030304004,4.012389,-0.14414237,1.694326,0.034835123,1.2388836,0.04462489,0.7159519,-0.048711378,0.6072605,0.011670513,0.48643637,-0.0018736967,0.36268833,0.0024851053,0.34230822,-0.015193602,0.33145833,0.032108642,0.26497236,-0.0059350124,0.2621319,0.0029028123,0.2729123,-0.19462326,9.192417,-0.107599705,2.7484026,0.065270394,1.1327608,0.032358646,1.1406001,-0.015701266,0.6768567,0.03767971,0.44645247,0.029887026,0.4739134,0.009369848,0.56515723,-0.012697998,0.3787101,0.01254566,0.33345243,-0.003340782,0.31113067,-0.0069778482,0.30743125,-0.011947084,0.2596161,1260.3312116289208,737.706079878577,1329.8331499918759,792.7738646111915,2685.4100318471337,2035.472319942883,0.0826905851910828,0.03223254017444392,0.028005078,0.04405953
5-251426-B-30.wav,door_wood_knock,-319.40207,80.26603,54.060883,48.974167,15.352508,8.720107,7.1439714,9.964685,8.494495,6.010102,7.8058352,4.3128247,6.4578013,3.5114212,5.3621974,3.7458935,5.0396037,2.8248332,4.8354063,2.576781,3.8974302,3.5666833,3.4865696,2.775987,2.171778,2.5080163,-0.1603169,6.90584,-0.17702231,3.9133322,-0.11953451,1.2591212,-0.11545236,1.095978,-0.10249833,0.90150404,-0.06879797,0.7466224,-0.04594422,0.5399195,-0.02905469,0.4459838,-0.015086393,0.41781718,-0.012782078,0.36364356,-0.014812752,0.45106992,-0.0123467175,0.35742927,-0.012888499,0.3454424,-0.13088688,6.642398,-0.12885877,2.3133829,-0.066840865,0.927555,-0.06959392,0.8081478,-0.0630417,0.7295597,-0.03209618,0.4621561,-0.012860801,0.3403709,0.0006725469,0.4539969,0.01190159,0.368389,0.010192658,0.24183919,0.0036864677,0.3489306,0.0024525702,0.29987064,-0.0022949618,0.3205291,1259.625258855933,843.8482403770014,1622.74039031274,847.8479878445772,3144.9044585987263,2246.6556467717087,0.05166451035031847,0.04382992018965982,0.029635767,0.0550443
5-256512-A-30.wav,door_wood_knock,-244.71542,71.57479,52.68449,36.66957,18.06279,12.272471,9.234187,5.404104,5.0139,4.7706866,3.7366307,4.750393,3.6842504,4.8823113,5.0969486,4.6424885,4.185787,3.9377334,4.0722814,3.8718286,3.79496,4.073632,3.454323,3.8983378,2.3169572,3.0648427,0.39981046,12.202264,-0.07650849,5.2761455,-0.16322112,2.2828107,-0.017784428,0.7543372,0.0058223945,0.7184653,-0.027342942,0.70199174,-0.028002108,0.60778403,-0.028642641,0.5093724,-0.015404373,0.5619545,-0.00149411,0.54401314,-0.0030015714,0.39090967,0.008470386,0.46174574,0.012446504,0.42838848,0.7335637,9.608153,0.19042934,3.916228,-0.099851,1.5057982,-0.0111649735,0.56896013,-0.011093774,0.54639876,-0.0262448,0.5546685,-0.015114919,0.43169314,0.002427187,0.40391293,-0.020222003,0.42532182,-0.017222984,0.37983108,-0.014298135,0.313506,-0.011858624,0.35950413,-0.004106198,0.3153936,638.7100631732729,397.0577532929618,1076.6120259006045,413.2111911757132,1137.1417197452229,825.4205229026534,0.028052846337579616,0.028047697351741674,0.12911183,0.20679009
1-187207-A-20.wav,crying_baby,-179.01236,91.66718,54.100952,31.525906,-5.16418,24.651615,0.13622813,15.634511,-11.617724,16.052137,5.460041,9.040453,-6.961104,9.624537,1.4952333,7.5794187,3.1700182,6.572183,0.0105323065,6.60132,-4.303715,9.624491,-4.0146036,9.905857,-1.5069724,7.778328,0.6624893,12.156577,0.5076855,5.5090885,-0.01577163,4.079653,-0.11237514,2.3809788,-0.16671833,2.276775,-0.019381369,1.4557161,-0.07441098,1.6300279,-0.04293051,1.1849655,0.044179495,1.0581715,-0.084469594,1.0645736,-0.0939308,1.4469503,-0.09064357,1.3494838,-0.02519244,1.4335575,-0.39821205,4.8827925,-0.18244664,3.053337,0.01197503,2.161938,-0.016476275,1.7394196,0.03854065,1.2713546,-0.049047012,0.93306977,0.06123777,1.0092314,-0.002958514,0.83771914,-0.05008205,0.6615424,0.016049795,0.7047616,0.02342725,0.79028916,-0.013423777,0.8117193,-0.0018392368,1.0608892,1295.2866595400346,576.8877047015845,1288.472256363626,439.1750657694881,2369.7253184713377,1389.4112534659637,0.09656150477707007,0.05283441868694061,0.11722359,0.107341476
1-211527-A-20.wav,crying_baby,-181.45212,55.684586,-7.7133417,41.97396,-22.065863,16.581982,16.414522,10.877256,-13.375448,10.206838,4.974538,5.804535,2.5221045,7.6550536,4.504983,5.242923,-8.161518,7.920461,-0.52672434,5.7315526,0.22038886,10.078861,7.10128,12.354026,21.882412,11.6195545,0.051342327,8.395698,0.008556233,4.18843,-0.23204762,2.9764318,0.15794756,1.2254661,-0.12434158,2.0040503,-0.0077180318,0.97126037,0.04867147,1.3866704,0.028776048,0.8227198,-0.060146358,1.310617,-0.00936587,0.9123524,0.024817491,1.3779852,-0.045099553,1.7827318,0.06370506,1.7618157,-0.119801514,3.2064047,0.03797982,1.6050493,-0.052122667,1.528042,0.013207724,0.7458646,0.004881224,1.1160619,-0.008720851,0.62067527,0.050757397,0.86352956,0.004760971,0.49689415,0.0063182367,0.75901836,-0.026450148,0.49984863,-0.01652074,0.60746336,5.4553817e-05,0.81528884,-0.0028176561,0.8776514,2702.9286880598893,857.1782749466363,1532.172168030543,244.0606486537405,4294.1878980891715,931.3361902387603,0.26709917396496813,0.13095475991943303,0.053192735,0.053377118
1-211527-B-20.wav,crying_baby,-131.57289,55.658054,31.485918,16.741774,-22.837475,14.90169,2.199377,8.510711,-13.299533,11.885544,11.589294,6.023461,4.196935,4.9092026,1.1264101,6.8570604,-4.343026,5.7266254,2.691579,4.2324166,-0.014532684,5.4602327,1.2555641,5.630024,4.543478,6.373944,-0.43229708,9.853424,0.20167834,2.4342697,0.10335878,2.7526875,-0.10617425,1.3432242,0.0996014,2.2075438,0.08301615,0.88230634,0.0051922463,0.8075563,-0.012305813,1.1323143,0.044959042,1.1465877,-0.03255217,0.6655647,-0.019768773,0.93817884,0.024375705,0.88153297,0.011773652,0.9927305,0.07019856,4.870582,-0.089942954,1.7606725,-0.04536572,1.3827932,-0.010206678,0.71486366,-0.009386843,1.0015075,0.004132632,0.70848143,-0.0013992635,0.57016045,0.014657018,0.5289816,0.0038790589,0.63546103,-0.0035939603,0.52437633,0.008384694,0.6132031,0.007636932,0.56963336,0.0025548025,0.63479924,2028.190413313748,469.44127149235004,1670.7997817618136,258.7104288589499,3876.5923566878982,656.6815590628656,0.1522877687101911,0.08452359695420772,0.06584387,0.05426234
1-211527-C-20.wav,crying_baby,-158.06752,47.336426,-14.991701,34.76019,-30.478634,10.557469,7.335586,9.147067,-21.881775,7.8612833,8.665154,7.930615,2.6459253,5.7531013,-3.2750812,6.5006566,-9.84302,7.924518,-1.2256321,6.6999607,-0.07206882,8.144877,7.3521404,12.063297,31.583107,15.052663,0.26053274,9.028166,-0.14709681,5.6163473,-0.024845166,2.0583308,-0.030700866,1.4842794,0.07883369,1.579844,0.025297204,1.252486,-0.160137,1.1003634,-0.09107991,0.999991,0.037072685,1.4030954,-0.0777274,1.0384802,-0.0136113195,1.5170482,-0.122543395,2.105488,-0.06264479,2.8779597,-0.33412796,4.034783,0.09279734,1.9852092,0.15699027,1.4295756,-0.063549474,0.78203243,0.033678968,0.932873,0.05263998,0.70162475,0.017944096,0.6191491,0.013060828,0.62303746,0.033254527,0.57362324,0.02816504,0.724337,0.020756679,0.78898317,0.025671009,0.99093497,-0.05537774,1.1813271,2703.095355128654,636.4727697095254,1547.9202427941702,143.50811241225648,4320.16321656051,673.4957626661829,0.26059912420382164,0.09185454641613251,0.07003667,0.058137704
1-22694-A-20.wav,crying_baby,-186.62056,81.80198,21.339298,31.699877,-13.958417,17.58236,2.8322246,10.056609,3.3399892,8.495533,0.25238368,5.424025,5.770549,11.093632,2.192657,9.282213,-2.7394793,7.5118403,0.83642405,6.3771725,-2.6700404,6.2924066,-4.810711,6.0584917,-1.761851,5.109838,0.18916228,8.346562,-0.023111783,2.7899907,0.02901307,2.8748024,-0.026238982,1.7393155,-0.0033709228,1.5160747,0.03633303,1.0353779,0.019286586,1.6883253,0.024173746,1.2155478,0.014523299,1.0807173,0.037095416,0.7074725,0.027656771,0.92937106,0.037416324,1.0304593,0.062346864,0.8898705,-0.03819689,3.6942124,0.016224459,1.1590523,-0.0027107128,1.3089617,-0.01946716,0.83004457,0.006286384,0.7412924,-0.015550924,0.60278845,0.002030233,0.81860495,-0.006856326,0.61325085,-0.00059885054,0.5165598,0.013190807,0.46254468,-0.0037560167,0.49092585,-0.018941835,0.53323394,-0.008368967,0.60245603,2446.5447902408314,685.3910275756073,1975.2768981937782,321.78602459310986,4928.144904458599,1302.4964497052329,0.19709768113057324,0.07985093272093428,0.054195933,0.07576026
1-22694-B-20.wav,crying_baby,-215.17703,72.697525,36.91505,32.870674,-5.901068,20.046917,4.279914,11.161649,6.0231285,8.427851,1.5053087,8.198572,3.1466017,8.373225,4.338561,11.114102,0.32091755,6.0966015,-1.0396999,5.3563967,-0.83050597,5.8216815,-0.63197124,4.2906218,-0.7156938,5.3172917,0.43174005,10.211665,0.14663859,3.717648,-0.08565974,2.8840888,-0.03672499,1.3901529,-0.029052218,1.3653985,-0.061287034,1.279691,0.020656833,1.2343792,0.0033834816,1.2726301,0.01087582,0.7728856,-0.024199683,0.8044779,0.004787137,0.8402989,-0.040545225,0.6594006,-0.002210073,0.83114594,-0.14897273,4.952804,0.03667405,1.7906823,0.060466833,1.5222924,-0.032389402,0.8364354,0.023573501,0.7967699,0.032620437,0.65396035,0.04407791,0.5928489,-0.0067746015,0.5656692,-0.011124307,0.51012814,0.030892912,0.5009114,0.01816867,0.4851783,0.044619102,0.44777367,0.004461423,0.43048277,2062.3601859040277,835.6032540695988,1892.380061395086,397.7082651140301,4293.391719745223,1623.465865738011,0.15467630374203822,0.1024885276549029,0.032254804,0.054163605
1-60997-A-20.wav,crying_baby,-195.39713,88.1823,-15.449217,35.89216,-23.57727,16.23967,-7.3164935,11.061533,-20.39757,10.327088,3.8257725,10.501027,-7.071818,5.5715327,-1.8372005,5.114435,-5.6884522,10.326852,-7.614808,7.622864,-10.012007,9.712972,1.5483311,7.906386,-1.7140931,9.106076,1.5529875,10.181753,-0.0050574015,3.6950252,-0.07871324,2.4080226,-0.102898955,1.962386,-0.19057652,1.4818745,-0.20667914,1.936566,-0.11259978,0.9709331,0.01884284,0.9729867,0.047403537,1.3448133,0.0689356,1.2805387,-0.044976417,1.7930133,0.039660707,1.3538764,-0.019587696,1.5932457,0.03352687,3.9312625,-0.1356874,1.6474049,-0.056670923,1.1160014,0.012791758,0.9707706,-0.0013236392,0.6988851,-0.040827446,0.777022,0.0153885465,0.5434101,0.008309695,0.59305024,0.033032946,0.67402375,0.044135626,0.6903382,-0.0013167167,0.7712475,-0.015203664,0.59960693,-0.041598726,0.73968077,3061.051697861581,509.5272946066288,1843.2635647257457,214.1609368327367,5244.327229299363,528.7006578924016,0.276976761544586,0.08896302951252541,0.05467811,0.06116185
1-60997-B-20.wav,crying_baby,-177.20915,62.674263,-36.478012,29.85796,-30.863394,14.042141,-5.616549,13.044699,-19.472464,9.587509,0.5033782,8.286783,-5.8987484,9.478215,-1.3593804,7.239291,-6.9205604,8.731736,-11.947562,7.190224,-12.342843,9.408735,2.4942021,7.5676193,0.95806396,11.527914,0.7203554,12.237305,-0.14282615,5.362732,-0.12047841,2.6623423,-0.045972813,2.1860797,-0.07992543,1.6512878,0.14036122,1.5233555,0.05767985,1.5720657,-0.023552205,1.2769483,-0.14015047,1.3605226,-0.047242705,1.4487101,-0.05589902,1.942287,0.06377686,1.6391251,-0.0131816985,2.2267172,-0.61424077,4.815028,0.07975781,1.7769154,0.08922085,1.2704563,0.078590974,1.0410012,0.05108702,0.7122111,0.0045691463,0.7855989,0.063943416,0.67047316,0.034494095,0.6481514,-0.040967833,0.6870473,0.013740567,0.8110792,0.060684945,0.9372726,0.041343845,0.91067195,0.07854776,1.0564914,3303.514813557603,479.4728737868106,1764.9801998600374,202.57209171990058,5333.598726114649,479.56559804140494,0.299742486066879,0.08912710886921181,0.053600676,0.049569
2-107351-A-20.wav,crying_baby,-124.34302,84.284454,-2.0482657,30.614645,-30.527767,18.29114,4.7499747,12.50277,-10.356142,8.928564,-17.005476,10.489821,0.49346787,7.048883,7.0428934,9.359089,-4.831689,8.989794,-0.7835874,9.56352,0.8720046,12.340051,9.033483,11.729003,3.3180158,9.549922,-0.37702224,12.048607,-0.41140378,4.1490993,-0.104891114,3.286219,0.08957518,1.8226905,0.043016165,1.3560026,0.15440954,1.5919151,0.028492248,1.1677066,0.0010112927,1.4324536,0.07996428,1.6374098,0.042547304,1.7478713,0.06875087,2.090971,0.0146941375,2.0018175,-0.04467115,1.8855747,-0.38068113,5.081944,0.043338217,2.1315134,0.12800205,1.5923026,-0.017416395,0.99459505,0.0042774556,0.7005436,-0.010125174,0.77474,-0.016619788,0.8262773,-0.08609412,0.8260993,-0.0439235,1.0525905,0.049168814,0.954848,0.086610064,1.2774329,-0.0055917143,1.4932225,0.08180355,1.4718356,2649.8830454942768,591.6607253726945,1647.928867958452,251.78713668651102,4367.535828025478,1039.484390349775,0.2567488554936306,0.08892771935040919,0.13941948,0.123404406
2-107351-B-20.wav,crying_baby,-118.237114,84.225975,-13.91313,33.307583,-35.870857,17.670301,5.325687,15.165896,-2.7541378,8.563801,-9.598597,12.113909,-0.6227368,9.828542,10.585788,8.123902,-6.802865,8.912476,-2.9217463,7.649332,4.370638,7.3060694,10.625624,11.20243,0.56617105,11.721788,-1.4885968,11.483923,-0.21517429,5.0060077,0.30412915,2.8931317,0.15720676,2.1713011,0.022994095,1.344161,0.1699687,1.6804135,-0.019707995,1.559063,0.011137483,1.5667114,0.060212057,1.6227359,-0.06007922,1.2909052,0.019606676,1.4329325,-0.13453983,1.9780806,-0.15593053,1.6569471,-0.083832175,5.3932633,0.14027056,2.540957,-0.0008552317,1.5130327,-0.004223985,1.0087708,0.04780547,0.7915413,-0.014152147,1.0214182,0.04660075,0.9679361,0.0005838689,0.77485394,0.014802191,1.0335091,-0.00678609,0.75172424,-0.06625914,1.0147989,-0.036337957,1.2535766,-0.038283307,1.1750767,2766.5586863172553,618.5672967996404,1600.1576672926935,268.00569068609514,4374.004777070064,1105.3886021488638,0.26933842555732485,0.08403126175576107,0.18993844,0.16162314
2-151079-A-20.wav,crying_baby,-207.22362,104.63209,21.181232,24.142914,-24.528616,20.63103,-13.342603,18.211344,-4.9139776,8.057374,2.949698,9.681131,3.7223012,9.5825205,-0.16848694,7.3214345,0.56262964,7.759243,-5.684237,7.250588,-0.1134455,6.643581,-2.2225325,6.7451057,0.10614482,6.1595807,-0.7898479,9.29187,-0.2173925,4.1092844,0.09686809,2.4120016,-0.019421754,2.1818905,0.01730628,1.2215581,0.03333688,1.8218471,-0.0044886763,1.3221272,-0.031839285,1.1851531,-0.0155673055,1.3367714,0.01279752,0.9122987,-0.074156776,0.9602259,-0.047299147,0.73311573,-0.05732399,1.1829726,-0.41657665,6.9717484,0.038309406,1.8100836,0.11641948,1.7233473,0.03672525,1.2274588,0.035584554,0.76320463,-0.045836788,0.8655345,-0.03941111,0.6684619,-0.00013256073,0.70675415,0.010759791,0.65031946,0.05754679,0.62370837,0.016132334,0.62283665,0.027175011,0.49979183,0.011976639,0.64873725,2113.863812641827,841.6021844635425,1761.1823581622425,574.9651250721108,4104.498407643312,1720.716569553603,0.14392167595541402,0.0910368840624196,0.044442482,0.044437993
2-50665-A-20.wav,crying_baby,-260.3287,100.6996,1.8007175,20.394619,-12.271541,17.851786,2.647995,11.028253,-13.24489,16.05287,1.2057328,6.5889096,-9.657026,11.395461,7.7386265,9.307904,-6.8272166,10.912647,-1.224982,7.368089,4.8687797,13.417267,12.845182,17.930868,11.187383,13.944659,-0.49924338,6.0198045,-0.39519903,3.1334794,0.018357065,2.0928683,0.15691458,1.7036971,0.050764207,1.4744612,0.08902762,1.3616117,-0.009894037,1.123396,-0.1746698,0.9558791,-0.04441774,1.3476181,-0.020771744,1.0750204,0.045499578,1.4095126,0.035718672,1.5104454,0.06807829,1.5871463,-0.39737758,2.0896318,0.027034499,0.9710798,0.068035446,0.7691326,0.09488632,1.1067847,0.04381991,0.7277965,-0.006983127,0.6434018,-0.012298904,0.57526195,-0.0384321,0.53668875,0.045957338,0.46859393,0.02165931,0.4409704,0.007460114,0.56480515,-0.052377287,0.45495555,-0.028319353,0.54612595,1472.0877913803454,1088.4407302208956,1227.0749471117044,871.1940301916037,2906.8471337579617,2185.7312609794185,0.11140276671974522,0.1141005548260133,0.047219746,0.06753719
2-50666-A-20.wav,crying_baby,-175.77751,67.23759,19.686474,15.534051,-10.701426,16.165075,8.240249,12.656739,-14.94273,11.066461,-7.1384254,7.820223,-12.429952,9.596502,16.077957,8.265009,3.7730615,6.8068104,-1.1849667,7.240363,-2.7825675,8.038429,-6.2852917,7.661723,-10.401464,8.09162,-1.0515567,5.6852574,-0.36168164,2.9255426,0.08931336,2.043908,-0.09571702,1.7933042,0.07715148,1.5813999,0.016303485,1.1899985,0.01359292,1.2689098,-0.080083765,1.1959172,-0.059661247,0.923328,0.05146928,0.9820225,0.04615474,1.2939317,0.05796764,0.95602125,0.004897622,1.2514565,-0.01548498,2.3057952,0.10012986,1.4273804,-0.020230299,0.82102025,-0.016116524,0.76024646,0.049872324,0.84196055,0.017038934,0.6324991,0.027716266,0.68439865,-0.027974676,0.62866104,-0.0083275605,0.5456066,0.008444122,0.47238234,-0.0060155788,0.6764567,0.027931994,0.54022896,0.0076873787,0.6661686,1979.369314636078,383.4922547761825,1788.3946684518603,256.0125762859212,4106.488853503185,862.3867348521799,0.13329767117834396,0.06342372902727478,0.08070586,0.08011392
2-66637-A-20.wav,crying_baby,-141.90726,59.371353,15.417786,18.7363,-5.6555023,14.852217,-7.3975215,15.54367,-4.7003536,11.369549,-10.1979065,12.7900915,4.2129045,10.226267,3.4036212,6.400013,1.8450354,5.8461576,2.0671518,6.598055,-0.24155746,6.9917583,5.888336,7.8467617,2.3634953,8.036269,0.42392552,8.917187,0.08663518,2.9145002,-0.12862654,2.21621,-0.18337314,1.7231082,-0.033765614,1.5180831,-0.12768891,2.0553694,0.015631257,1.6475008,-0.046956737,1.068983,0.0220551,1.2016953,0.057923045,1.1365116,0.008583327,1.279904,-0.0645314,1.4777334,-0.01033742,1.1309637,0.32808346,4.787691,-0.038865287,1.584444,-0.011913536,0.9904796,-0.094231196,1.1637138,-0.028714772,0.91961557,-0.033125173,1.0411617,0.003583179,0.8435492,-0.041268375,0.7112495,-0.010865421,0.7304543,0.0384833,0.7110894,-0.032282263,0.77023613,-0.00045854118,0.8872363,0.0032279203,0.6835863,3090.658757344782,731.2298866240493,2206.7164735103697,259.44026758849435,5816.1823248407645,1040.6693509217705,0.2887888136942675,0.13116111415500514,0.063538566,0.06959444
2-66637-B-20.wav,crying_baby,-149.6807,50.88335,24.125013,17.52722,-7.5897675,16.19393,-8.960728,10.307036,-0.21038857,11.059863,-1.9217024,7.3511443,1.0686636,4.615165,4.364693,4.965169,-0.3860959,5.5655346,0.15869388,5.2279606,-1.5215812,6.424084,0.5012857,7.025952,3.660901,8.488976,-0.16413645,7.7208085,-0.062426355,2.805165,0.113828644,2.1688898,-0.054436866,1.5855222,0.012538652,1.7335683,0.043981027,1.3034906,-0.01736126,0.7495749,-0.0058831507,0.961922,0.014764169,0.94307655,0.0056436984,1.0442623,-0.014191749,1.0271521,-0.032296397,1.3773754,0.0009056656,1.795653,-0.084316984,3.7883112,0.08422367,1.6256149,-0.014201781,1.3366665,0.010868572,0.96474725,0.009044556,0.9067045,0.0066758706,0.7234508,0.0050079655,0.51844364,-0.000771226,0.6757893,-0.0052837585,0.5746646,0.034100205,0.60401773,0.01219539,0.6957579,0.012026804,0.8373406,-0.0038430432,1.087286,2762.0745473481284,724.0066623325871,2148.1725052979355,274.87168132361666,5422.96974522293,1145.4146648523636,0.23771521695859874,0.11871885260840201,0.04530084,0.057264484
2-80482-A-20.wav,crying_baby,-231.23367,115.52138,-27.91612,28.45506,-42.78626,23.393215,-16.518618,11.834597,-12.697142,10.286227,-14.116031,11.701203,-2.7009254,13.5378895,-13.610914,11.204842,-5.773687,6.9397116,-6.4469833,9.899291,-1.2749746,6.0657234,-6.9108877,7.7798004,-7.779821,9.845954,0.33180237,18.309858,0.10528875,4.709795,-0.13729839,3.7974048,-0.07357073,2.3881493,-0.045090493,1.9992411,-0.07097427,2.2127306,0.042285427,2.228985,-0.0052722883,1.9873314,-0.059582777,1.4219933,-0.021394383,1.633499,0.008853635,1.0760795,-0.035601366,1.4219786,-0.013031984,1.7897679,-0.09688198,10.329965,0.060826916,2.5273442,-0.022859264,2.0436342,0.0378278,1.5999603,0.06493938,1.3768059,0.028177472,1.3838447,-0.08132613,1.2700247,0.026029851,1.1946882,0.006638269,0.9615882,-0.0068971794,0.9280571,-0.0015729187,0.71239805,-0.018737702,1.0021492,-0.07543911,1.2236576,3209.130308308187,739.3243578935568,1977.6363294039443,384.67034749809113,5729.100318471337,1371.659178498251,0.2953261843152866,0.08812288544201152,0.033532258,0.029693145
3-151080-A-20.wav,crying_baby,-131.35512,89.30494,15.861434,30.616999,-29.543324,16.000517,-13.099022,11.087727,-10.460208,8.605198,4.5734053,6.0560985,9.02016,6.446311,-3.3928401,12.286861,4.3548293,6.2687626,-5.3247676,8.14147,1.1244639,7.2582536,-3.8996978,6.2910285,-11.804078,6.7018375,-1.6383449,17.295305,0.5023004,6.2882667,0.09203173,3.140526,0.09880669,1.723287,0.08991068,1.4390687,0.02484424,1.1198932,0.046793092,1.3051848,0.07911477,2.649149,0.120962664,1.3005172,-0.07140187,1.4143682,0.022312693,1.4152201,0.05094002,0.9995536,0.07793613,1.1013045,-0.392926,8.141416,0.14956558,2.7740912,0.15563145,2.0936947,-0.14748271,1.1450602,-0.042775832,1.2025344,-0.019858086,0.80121607,-0.01824286,0.8227718,0.089117706,1.3722022,0.092120565,0.8905143,-0.051179387,1.0169728,0.025101205,1.0290817,0.09441681,0.8656747,-0.035927,0.56390417,2461.483703627305,845.494386461006,1779.333923672855,321.2155456553935,4453.423566878981,1575.4444616430224,0.19018710191082802,0.08997148692857282,0.08336395,0.059177592
3-151081-A-20.wav,crying_baby,-127.38863,80.1561,6.901641,24.068695,-18.675165,15.010705,-8.832931,10.005509,-3.038376,7.509374,12.158609,8.72717,7.037484,7.2404184,4.6151013,10.8039875,-2.5211341,6.4313016,2.076119,6.3952217,1.9684561,6.745047,-3.6724663,7.6037626,-7.085775,5.3946943,-0.6223838,10.9483185,0.4677753,4.250461,0.19739303,2.0771184,0.019685214,1.6340399,-0.17673555,1.3765284,-0.2526497,1.721497,-0.007889574,1.1510147,0.105667494,1.5173404,0.122865394,1.044019,0.1388316,0.983349,0.1501112,1.1825156,0.09632221,1.224348,-0.08924591,0.9534326,-0.31528,6.4165373,0.03327078,2.21904,0.03641032,1.2431449,0.01061775,1.1335692,0.025351971,0.86785954,-0.0004516316,1.0143142,0.00018143198,0.7900281,-0.026944282,0.8311238,-0.023748904,0.6382842,0.0271953,0.5137092,0.098292254,0.7614253,0.09922002,0.81188434,0.06002134,0.6117484,2732.1245850959517,744.4804299869402,1972.9504669355845,221.71706237408847,5169.1878980891715,1071.588172531591,0.1986153960987261,0.09546611921928264,0.08453999,0.06247531
3-151081-B-20.wav,crying_baby,-152.57814,78.06468,46.36538,14.895366,-17.049006,20.454647,-3.4414039,11.353281,-6.778635,10.565488,4.1875606,7.481062,12.408947,6.090119,10.573206,7.099664,-4.5650673,8.242172,2.2085373,5.1077905,-4.714303,5.9263344,-2.8350203,5.491438,-5.8002415,4.7418365,-0.36076733,10.654824,-0.1661123,2.4212682,0.12295727,2.5597997,0.11665847,1.6708272,0.14746407,1.5728991,0.09584123,1.2462484,0.011647738,0.8164931,-0.04203355,0.9556794,-0.004940282,1.0723536,0.052234467,0.73702914,0.031823643,1.0144975,0.0008046946,0.76313424,0.038940568,0.68626404,-0.04541866,4.2574496,-0.041066855,1.8801683,0.030075694,1.027558,0.022744438,0.76752055,0.013587156,0.82533276,-0.011215983,0.77570546,0.031758193,0.52357805,-0.008324384,0.51857436,-0.0046609542,0.47738314,-0.020191398,0.4394349,-0.026104903,0.5484112,-0.019441247,0.46786514,-0.016729873,0.4334558,1628.160258108981,413.090824424182,1570.8698728402153,246.3754340511064,3061.9028662420383,985.0215014909207,0.11578796775477707,0.041347691403248434,0.07887826,0.089701585
3-152007-A-20.wav,crying_baby,-196.23572,91.32084,-4.0589485,31.845848,-19.079071,15.782565,-0.7953161,7.130853,-10.931717,10.46028,-15.005819,12.946988,-17.380785,11.603272,1.1162114,7.46584,-8.160062,13.528741,-4.333211,12.648241,-0.18442473,14.596019,5.6924033,9.986998,7.439132,16.322752,2.4125478,12.57919,0.019274086,3.1280026,-0.10160015,2.5756989,-0.14858875,1.3101753,-0.1757198,1.4191824,-0.2522599,1.9631608,-0.26242998,1.5474068,-0.007090175,0.91558236,-0.09945127,1.4535195,-0.18135923,1.66474,0.014388467,1.799297,0.108290486,1.8922222,0.115139686,1.9770026,-0.37336224,7.9090705,0.06882489,1.6438966,0.057977337,1.5750091,0.033177625,0.88501656,0.0717405,1.0330724,0.05650191,1.2753291,0.045278452,1.0021703,0.012436708,0.546105,0.016631413,0.74070334,0.0059235827,0.8520177,-0.053570658,0.84910566,-0.008290715,0.8527389,0.010823716,0.9633371,2571.90498694678,806.8581756269907,1853.835341090631,385.04381566903544,4822.651273885351,1299.846911156327,0.22505100517515925,0.1255729541351067,0.07870511,0.093916655
3-152007-B-20.wav,crying_baby,-107.487015,75.05308,18.037897,13.688509,-33.544094,19.908066,-12.4175205,8.7949,-20.279882,11.224412,-10.656648,8.103361,-23.363008,7.5563087,13.829269,7.3542905,-9.338625,8.257643,-10.816714,7.299173,-6.645406,7.2990656,-4.873795,9.636749,1.440206,9.880517,0.8139739,11.813975,0.17627862,2.4534612,-0.22692871,2.65818,0.15038121,1.2983489,8.763477e-05,1.7494054,0.105469815,1.3065313,0.07027122,1.3623319,0.14011635,1.4000607,-0.06985609,1.3871042,0.05746047,1.0915166,0.044164576,1.2741175,-0.109948404,1.3022071,0.03556809,1.6194204,-0.50122714,6.19098,0.015886951,1.2374616,0.15009896,1.2031487,0.021928474,0.9177041,0.05974259,0.84238124,0.016923817,0.73999304,0.06360475,0.9030347,0.0041958783,0.76631665,0.072500385,0.75440735,-0.023687633,0.79658943,0.002321626,0.7703624,0.011457236,0.80045605,0.017990978,0.90415233,2365.9006652646176,602.0728800499386,1700.1979133975922,284.39020834127825,4525.179140127389,958.0640889947783,0.19490819068471338,0.10023303757457391,0.16214514,0.12628658
3-152007-C-20.wav,crying_baby,-171.81885,65.417366,9.69728,15.1836605,-16.78102,16.53566,5.933812,13.496651,-17.794104,15.226715,-16.772688,10.999197,-16.856712,10.502689,0.57072496,11.927219,-14.48697,12.417062,-7.7602997,12.192104,-2.2122602,10.228413,-2.4216259,8.909138,3.0381963,12.356531,-0.13343361,9.666522,0.059749044,2.3757958,-0.008420316,2.0377269,0.043136522,1.623939,0.01524814,1.793734,0.16548492,1.7185899,0.16473255,1.5932984,0.0114608295,1.3985994,-0.047627,1.7091398,-0.037286893,1.9217037,0.0150381075,1.5783522,-0.032317895,1.9024861,0.031003298,1.8422607,-0.1320466,4.308427,-0.10256981,1.3013322,-0.009399322,1.0883249,-0.008006172,0.6446929,0.0017350707,0.6643683,0.013008014,0.707064,0.10460619,0.78534,0.09004571,0.7609196,0.009862767,0.79981244,0.026175238,0.9018634,0.03521935,0.8453335,0.03218287,1.1395204,-0.046648134,1.1736958,2193.9977679920253,638.7937754444033,1751.7188070381867,284.1828139326784,4053.4434713375795,1220.9236793760037,0.18180856886942676,0.10594634200187251,0.10609397,0.10595136
3-152007-D-20.wav,crying_baby,-154.79688,84.28526,-19.619768,38.312923,-31.408216,19.217886,-3.5389724,10.47854,-12.94888,12.32916,-13.733893,9.161576,-14.802728,12.623303,-6.5789523,10.717055,-9.433942,10.058718,3.3440003,22.532452,-0.05489677,12.051693,2.2317429,16.020693,8.849684,13.196998,0.26201257,9.771818,-0.056064874,3.375768,-0.25544167,2.8883648,-0.03293076,1.5579376,-0.017950386,1.4323761,0.04452134,1.613382,0.06683787,1.3672082,0.056674242,1.5855309,-0.046216857,1.9375635,-0.06379559,2.5310342,-0.024551198,1.6361609,-0.18949868,1.8770958,-0.07943389,2.1984756,-0.09961739,4.6131797,-0.008685839,1.5751113,0.060466956,1.4518033,-0.027784882,0.8042169,0.0042681512,0.8229227,0.03988653,0.89790386,0.030187018,0.6890597,0.046318866,0.9105123,0.030620022,1.1073636,0.035154194,1.1242272,0.11968404,1.1801804,0.07245813,0.982077,-0.034891278,1.0725414,2740.992357456413,631.7497176713332,1770.354927373842,275.7047837150826,4834.892515923567,984.6052548377043,0.25176030055732485,0.10853412762630821,0.13884307,0.11293838
3-152007-E-20.wav,crying_baby,-133.10951,53.696384,7.2167563,20.769522,-25.188253,16.199038,0.23865509,10.7713375,-28.908878,10.714057,-13.668504,7.177147,-29.826395,13.393245,2.2218525,8.100613,-13.334894,9.884285,-12.234564,7.173732,-8.81143,9.658724,-4.1968427,10.735198,8.294183,10.533931,-0.52839017,9.109985,-0.062048968,3.1109817,0.08230762,2.5657113,0.1319513,1.8375275,0.06701026,1.7871759,0.050857622,1.199025,0.1023038,1.8059707,-0.07011841,1.0727025,0.0015065344,1.5894424,-0.028237896,1.1016682,0.03498621,1.8475492,-0.011706638,1.6241585,-0.13080412,1.6513646,0.062215682,6.0458574,0.10153932,1.6695006,0.07368532,1.5081937,-0.013238389,1.0063906,0.017523298,0.92490536,0.01669088,0.82758963,0.03233829,1.055197,0.018360157,0.8013044,0.024244387,0.9598376,0.021368712,0.82432455,0.035789933,1.0911049,0.07273447,1.1870793,0.04691855,1.1479532,2300.278437161215,639.3973902854383,1719.8252408379246,216.0808413967848,4453.224522292993,919.5696047117932,0.1659720839968153,0.10856389278465702,0.123361416,0.076355584
4-167077-A-20.wav,crying_baby,-188.12383,96.82359,34.674023,19.320644,-4.362999,15.273787,0.7977621,10.326238,-0.8347646,10.3786955,-2.4204605,13.962697,8.066485,6.076945,7.40481,5.5201726,1.4161947,7.7467237,-0.7222771,7.713557,-0.98338884,5.368509,-0.9325023,5.197135,2.3299654,5.4461656,-1.0803387,15.842396,-0.13943942,3.526538,0.09638961,1.917034,0.10707112,1.768083,0.1310349,1.5497903,0.096385844,1.972851,0.0643002,0.968202,0.037055288,0.95922923,0.05809147,1.205431,0.047972444,1.4112656,0.02442122,0.8780918,-0.005585578,0.96733993,-0.04692606,1.1535417,-0.21566673,8.919711,-0.10914053,1.7400136,-0.0058976253,1.1379836,0.01002594,1.0357726,0.0291463,0.73994994,0.052607335,0.99322754,0.03564507,0.63587624,0.008324696,0.6678775,-0.020186331,0.6880898,0.0065205432,0.70560426,0.033549957,0.5582042,-0.0077665583,0.6047511,-0.0020642874,0.6387242,1826.7848970375942,843.9005877125137,1888.9339628460618,402.04495887642463,3920.6807324840765,1929.8292567659157,0.09775577229299363,0.07295497400520658,0.055740964,0.0773066
4-167077-B-20.wav,crying_baby,-139.93707,92.343124,27.126284,29.225458,-15.50084,18.394161,0.235665,9.511473,-5.8992133,9.851752,-13.070396,9.390671,3.9755557,7.783299,0.26123264,6.71314,-0.34689024,6.087363,-8.077942,7.305675,-3.8305795,6.7856455,0.7202133,8.778387,-0.31770685,10.28343,-0.12353107,14.820411,0.21721542,4.544525,-0.07603038,2.8894565,-0.031931013,1.3671232,-0.061769497,1.5989203,0.069461286,1.8369143,0.015825575,1.4172287,0.004543675,1.3326067,-0.00759919,1.1750951,0.017203119,1.228419,0.008693148,1.0969898,0.01733054,1.4990257,0.009007825,1.8301239,-1.096234,7.050401,0.047944292,2.6492436,0.12349492,1.6178097,0.057528112,0.7464012,0.109749645,1.0114352,0.08444138,0.9504502,-0.038731106,0.8048616,0.008438652,0.68666905,0.08370762,0.66359264,0.03548949,0.7721828,0.03004931,0.6272275,0.03437356,0.6101364,-0.0137002375,0.8792695,2181.175349568225,939.5733769169635,1817.6233964351693,352.4250930818204,4144.804936305733,1731.903905189553,0.15632464171974522,0.10261711285596073,0.09635296,0.08235692
4-167077-C-20.wav,crying_baby,-170.8769,97.786835,34.01591,29.357162,-16.166079,17.285707,-2.2523718,8.754514,-7.8016357,13.222444,-5.742881,7.2908535,-0.49587256,7.4819536,1.5367035,8.551541,-0.08766057,7.755545,-6.544596,6.315351,-2.3156059,7.1749067,-1.0545715,7.7333827,-1.2742893,7.285364,-1.8256108,15.318458,0.12551571,4.2784524,0.2111631,3.3834808,0.21843559,1.5531691,-0.05270563,2.2018964,0.15192167,1.2936094,0.08710928,1.1279927,0.17401336,1.5631557,-0.100799344,1.2451606,0.084055334,1.0601866,0.08680417,1.154743,0.020967918,1.5519593,-0.010784349,1.4420376,-0.017561166,7.776489,-0.0528057,2.2460356,-0.015492504,1.736527,-0.046447996,0.87935793,-0.00024873207,1.0443482,-0.012519074,0.9529948,0.02139608,0.77288806,-0.010626056,0.8705243,-0.0059550493,0.70922345,0.026220664,0.8322977,0.015406869,0.6620579,-0.018098019,0.9181759,-0.023019088,0.996132,2088.581682601501,889.099809599676,1771.3531477531146,389.32869398140855,4096.636146496815,1678.653257593971,0.1383733081210191,0.09098403977315352,0.059291866,0.055984274
4-185575-A-20.wav,crying_baby,-140.98589,37.635357,27.476768,11.042564,-11.352197,10.769629,2.6302843,7.961521,3.755799,7.128697,-12.391735,8.646238,-2.2651563,8.251722,6.5590563,7.8699746,1.0373243,6.037661,-3.5451033,7.7559676,-2.310624,6.6587563,1.8486731,6.1788654,-6.877827,6.1879997,-0.26593572,5.748321,0.08002188,1.6723456,0.014121505,1.723578,0.017521761,1.3562956,0.07955657,1.2349619,0.037894934,1.7405155,-0.036181577,1.2850691,-0.008278853,1.3587133,-0.0060077435,1.037549,0.028286764,1.2258708,0.037236936,1.2016808,0.037108626,1.011644,0.04630951,1.2157818,-0.0852286,3.2256732,-0.046749257,1.1536877,0.03972563,1.0493503,0.056658484,0.755675,0.016618432,0.68107325,0.018099766,0.7822321,-0.023334336,0.66469496,-0.046272755,0.7208265,-0.0031936024,0.5756846,-0.036254026,0.6390534,0.03573852,0.69641966,0.06209721,0.577204,0.0409585,0.574082,2468.5603178585384,476.11448262813593,1993.0989273106184,231.35591053792197,4926.851114649681,1175.1037503434366,0.2236079319267516,0.07827832761446431,0.05443618,0.06951904
4-185575-B-20.wav,crying_baby,-130.41714,52.268856,35.911594,19.475012,-13.065592,15.968126,-1.9383895,9.334381,-0.24005355,7.165594,-16.689415,13.137469,-8.672967,8.444575,-1.192812,6.90691,-2.6528544,5.180561,-2.2761889,6.938623,-2.1115422,6.1865873,-1.0044307,5.937972,-5.8145304,6.762843,-0.41294652,8.276283,-0.013353748,3.0365443,0.31538856,2.2464,0.16671953,1.5164686,0.1291811,1.4534221,-0.048008695,2.2641253,0.015837524,1.4102707,-0.01425174,1.0302439,-0.021981202,0.9280053,-0.09354543,1.2627028,0.030647855,1.0999892,0.022813613,0.8853851,0.010084104,1.2803668,0.13121818,4.0454645,-0.0198937,1.6134133,-0.072318465,1.282039,-0.04991273,0.9114421,-0.008642734,0.8609406,-0.011937818,1.1154808,-0.009443681,0.7874248,0.027989186,0.67490894,0.008312192,0.60043806,0.06252641,0.6400166,0.05103015,0.63592815,0.018140657,0.59638685,0.04210266,0.7058908,2094.755762145993,528.7117583140187,1850.2403097846,287.5513057321631,4123.3081210191085,1356.8205733911616,0.16560509554140126,0.07708878195213187,0.081374384,0.06897214
4-185575-C-20.wav,crying_baby,-159.00523,45.145424,26.706789,18.967455,-17.48725,18.561981,-3.7674747,8.626866,-1.5772485,9.71692,-11.017247,13.36694,-11.179881,14.449857,-2.6822987,8.225869,-8.1096525,7.4109893,-4.065713,9.027522,-3.4679034,8.238743,-4.1016254,7.1601186,-2.0288966,10.319747,0.25875255,8.915526,0.10728089,2.1164434,0.09434473,3.597213,-0.08494287,1.7013173,0.12803265,1.5550814,0.039906766,2.2206852,-0.19125326,2.678191,-0.0074016913,1.4369574,0.02360319,1.2923641,-0.123357035,1.5892032,0.10209562,1.4521133,0.049659386,1.2191051,0.02698888,1.479443,-0.16381638,4.245128,0.025503201,1.0781869,0.08328336,1.6029294,0.09310064,0.9785014,-0.036565296,0.8124667,0.053398885,1.1030655,-0.035497144,1.1160377,-0.009559569,0.8510085,0.011582815,0.8078365,0.02209988,0.76399606,0.07445204,0.79600054,0.092974134,0.91139466,0.012219652,0.650181,2134.176405681492,501.9117990795651,1795.8167557295012,260.5294139318056,4157.9418789808915,1183.8219045353803,0.17308170780254778,0.0802323528622076,0.064750105,0.06845384
4-59579-A-20.wav,crying_baby,-148.62201,118.65228,-5.112297,30.858967,-18.026382,17.573832,1.1520451,9.45238,1.9207554,8.408097,-8.888557,14.135629,-9.133215,8.788793,4.9058,7.994294,-3.1220696,8.958841,-3.175725,8.893964,-3.2315145,7.764169,5.392731,11.090363,0.007683529,10.406819,0.10802853,9.315563,0.06034664,4.140528,-0.045391932,2.8368814,-0.051794652,1.1481966,-0.035912756,1.2344695,-0.028234076,1.924785,-0.02894808,1.4230967,-0.018021844,0.76569843,-0.019457929,1.5636102,-0.02115625,0.95245844,-0.015962217,1.4229698,-0.023403369,1.699001,-0.005848095,1.93364,0.09973225,4.600938,0.059756838,1.8438796,-0.030324353,1.5278696,-0.032775886,0.6804576,-0.020906804,0.6013722,-0.017205872,0.8646361,-0.017393928,0.64230835,-0.007517274,0.4716117,-0.011932845,0.7951292,-0.014653081,0.5400578,-0.007974315,0.8606136,-0.014470678,0.8682236,-0.00021394462,1.1379461,2764.89823656219,962.8901379365909,1818.909712634922,431.42157061345455,5000.0,1418.9689321525022,0.23058693272292993,0.1246882323027301,0.13988136,0.13587719
4-59579-B-20.wav,crying_baby,-249.83484,120.23219,16.354866,23.456387,-5.783246,11.1424465,-3.9244735,8.449312,-4.9977517,7.6722946,-11.852212,13.94975,-5.8360977,8.093987,0.98877186,3.7651322,-5.211273,7.4523644,-0.028596677,4.6245193,-3.1101816,7.8757973,-0.3629406,6.1720166,0.20386994,6.1956725,-1.3227549,9.834409,-0.26158687,2.8384147,0.040768657,1.6559045,-0.014486896,1.089747,0.10663056,0.972095,0.066705555,1.2651799,0.11911385,1.062318,-0.06751225,0.553264,0.054574784,1.0944849,-0.06496396,0.87375915,0.038854744,1.0828266,-0.010600333,1.0981178,-0.0029033248,1.2475455,-0.5516112,6.265737,0.065535314,1.3764282,0.06423705,1.064166,0.023427133,0.89818645,0.07157519,0.76172286,0.05808119,0.67369205,0.045939013,0.6534303,-0.0069518317,0.46121162,0.060401175,0.6962155,0.008686237,0.5278467,0.024007587,0.6089309,0.008431556,0.6643297,-0.012688274,0.8467152,1034.5785965509417,1089.366657299725,990.4428852547348,996.4365985473605,2125.0,2307.908001017896,0.06676701831210191,0.08210573103255243,0.060712066,0.09359658
5-151085-A-20.wav,crying_baby,-114.0309,67.82446,10.378065,29.207472,-32.9375,11.381374,-15.250252,8.2472105,-10.4709215,7.778225,3.8850572,5.6632915,8.889755,6.1475143,-4.4659543,10.849405,2.7629526,6.4321218,-5.5839067,7.606107,0.6158223,6.7135534,-4.029605,5.600163,-11.999557,6.4319887,0.45456433,13.6071825,-0.3345272,5.8135366,0.10432587,1.9824753,0.1464782,1.4846551,0.12424954,1.4440973,-0.055853013,1.0256832,-0.09541549,1.2014146,0.032385893,2.29357,-0.07562432,0.9634607,0.020689333,1.27507,0.10057095,1.4129059,-0.07702344,0.8955168,-0.096877836,1.1090918,-0.2623871,6.0882125,0.059105795,2.8712254,0.016204443,1.4423231,-0.010270705,0.8603738,-0.027397864,0.9325115,0.021355027,0.7340461,0.028219584,0.783815,0.04611814,1.2303654,0.019967057,0.68793213,-0.01811688,0.78472096,-0.023074744,0.9309383,-0.0050961715,0.6892974,0.030828482,0.59467363,2616.5196120780197,796.4802420392989,1813.7573066186067,290.2786804910338,4677.149681528663,1486.6089606613734,0.20877289012738853,0.08335991750253015,0.08131432,0.043630753
5-198411-A-20.wav,crying_baby,-169.37746,81.98761,8.604982,29.85665,-21.238964,16.03686,6.184372,10.762886,-2.6506703,10.441561,-0.98648363,10.398048,-5.2429676,9.111016,2.9810648,9.929475,-0.6001612,9.116403,1.2628071,8.347604,-1.8884878,11.292421,7.6470847,11.032064,11.833749,12.414663,1.7123805,7.633808,0.2548383,3.933335,-0.2899458,2.241502,0.04964656,1.8386127,-0.01449513,1.691516,-0.034212943,1.5186838,-0.11419358,1.7101245,-0.010888649,1.6354477,-0.1074655,1.1825373,-0.063952945,1.3623658,-0.14689524,1.5502411,-0.14423695,2.0793495,-0.067959026,1.9902903,-0.33378655,3.3109183,-0.031941153,1.2750661,0.13658847,1.158821,0.04526985,1.0864582,0.009323662,0.87823564,0.025779633,0.7718192,0.0050992835,0.7689159,0.009966438,0.8869677,0.049027905,0.72228616,0.033933435,0.8832596,0.07422979,0.9637619,-0.024368359,0.81674784,-0.067692794,0.8053572,2316.0745762072156,705.4561481309134,1724.7102285786377,201.1140615807633,4255.175159235669,1107.9217073987193,0.18872536823248406,0.09285985099167529,0.05674179,0.05013488
5-198411-B-20.wav,crying_baby,-164.34435,58.546726,34.940178,27.69835,3.6765587,25.278654,4.472555,14.224865,-12.301388,13.163659,1.9177917,6.7151046,-9.039886,11.638201,5.493398,8.721461,-5.247133,7.8230124,9.292272,7.390548,-3.3349345,8.005457,-0.523607,6.09119,3.4138968,8.550135,-1.1116312,6.659837,-0.3909297,3.7242699,-0.15225127,2.8067625,0.039067816,1.9659262,0.17354818,1.6805314,0.035756543,1.1676179,-0.013466311,1.4404507,-0.086925276,1.2163811,0.11595728,1.3035274,-0.04699027,1.1324031,-0.09514646,1.5281848,-0.031279124,1.0257783,-0.0017129935,1.5062473,-0.33236212,3.2449577,0.054550935,1.7191889,0.04882144,1.1225888,-0.03151654,0.9328163,0.017140599,0.84784025,0.0015027706,0.6323377,0.051362537,0.8113565,0.026392803,0.73378634,0.024531635,0.7214934,-0.052816708,0.69769615,0.029157924,0.873023,0.061745577,0.6910698,0.02600851,0.87124676,1961.9610670766126,565.211109721808,1814.9831469796236,220.27720000766124,4243.929140127389,858.3903407916401,0.1393063296178344,0.08728114005519791,0.06300953,0.047268014
5-198411-C-20.wav,crying_baby,-176.96536,31.618248,62.83024,13.701357,4.7228785,15.044338,-5.5069823,10.165695,-13.116668,8.621503,-10.3893175,10.344971,-21.972202,8.043991,-2.2252815,10.844436,-4.6308975,6.1571302,2.1481128,8.354323,-1.2369121,8.699851,0.1329439,5.5469885,3.9525924,7.289991,-0.019937357,6.019428,0.17223321,2.7588627,-0.17351331,3.109515,-0.1773828,2.4102955,-0.122809395,1.4165226,0.1367729,1.8135234,0.01473709,1.5794635,-0.08730745,2.1070633,0.026409155,1.2115332,0.2238157,1.4295611,-0.011347985,1.6523027,0.09283564,1.120918,-0.0062193414,1.4051434,0.30537295,3.6782432,0.11469072,1.553744,-0.10406691,1.3481457,-0.12057483,1.1935089,-0.09280571,0.83399206,-0.002266973,0.8156566,-0.021237345,0.72034985,0.015125665,0.8892132,0.012533516,0.7023497,0.08066859,0.83612925,-0.021789122,0.8553525,-0.0016354725,0.55132985,-0.047293443,0.7735507,1259.4814300671067,373.9290274397153,1473.6259079568263,375.2441602928451,2398.7858280254777,1386.5498935469918,0.07834892515923567,0.019166729456177437,0.07002395,0.049927033
5-198411-D-20.wav,crying_baby,-128.97513,74.98504,29.296038,22.571852,-12.098873,25.910662,2.1492002,10.418807,-14.529433,10.184161,-8.499118,8.622305,-9.505661,7.6885,2.4158037,7.566142,-7.2643204,5.904678,9.479036,7.728803,-3.4818006,8.875208,10.770858,9.900317,11.6110735,9.2601,-1.4853154,7.9157877,-0.34082577,3.2647114,-0.10786404,2.861632,-0.015195129,1.9245162,0.14661713,1.5456384,0.033274412,1.1459272,0.093490355,1.2111852,-0.0013644407,1.0599601,0.010737316,0.9472602,-0.1477159,1.121778,-0.00921654,1.3909258,-0.04147408,1.5923784,0.0066096433,1.6563369,-0.3481634,2.4687033,-0.035104528,1.3502626,0.029506732,1.221489,0.038480505,0.99040663,-0.00024655595,0.76005703,-0.030219616,0.6389245,-0.02149555,0.60319704,-0.044993825,0.6227935,0.03781758,0.51587284,-0.049440596,0.64009064,0.041570075,0.79548013,0.02479641,0.82687867,0.025633259,0.943535,2134.3108484833137,573.9273616952418,1710.0208152054017,252.9153717465208,4122.113853503185,971.9916063411916,0.17980568272292993,0.08433409770605825,0.0846537,0.052735884
5-198411-E-20.wav,crying_baby,-117.869896,35.10876,34.95362,23.609959,3.8599901,14.952467,-0.4547015,9.652203,-23.768373,8.184616,4.881774,8.400875,-17.52878,5.8009934,-2.2847838,5.5839834,-10.634005,7.41861,14.211613,6.47408,-6.293603,10.814616,11.520837,11.704483,15.053975,13.190889,0.1369691,7.187254,0.032057732,3.2456868,-0.05122651,2.6243947,-0.01824732,1.9744812,-0.022603564,1.6571748,-0.0030096564,1.1767702,-0.0071487334,1.1040808,-0.008735493,0.92174095,-0.023207428,1.3770417,0.055856463,1.2783165,0.04038971,1.9707447,0.049934857,1.6036878,-0.026324302,1.6690056,-0.29339382,3.4579237,-0.015366882,1.6488848,-0.012418568,1.2978443,0.05918079,1.150057,0.084461614,1.0278858,0.015739204,0.6250966,0.041358527,0.59323466,0.029142203,0.57077646,0.016956966,0.6422929,0.03185233,0.78246516,-0.008736592,0.87314963,-0.025471278,0.7394238,-0.042224076,0.8144856,1996.0870669845026,578.7940941852312,1857.3822054693146,284.24118079878457,4264.4307324840765,1193.660350236487,0.12901821257961785,0.05954751469293649,0.12784201,0.0649743
5-198411-F-20.wav,crying_baby,-172.40323,60.298454,-3.4880748,26.627245,-32.091312,22.236462,11.9311495,13.31014,0.9609682,13.41508,-5.0655127,9.034904,-4.0211453,9.047218,11.2226715,10.923575,1.7463946,8.811451,1.502565,12.302511,5.453725,10.630434,11.17647,8.247267,5.3751206,9.270735,0.3628852,8.264881,-0.10301657,3.5488229,-0.087900445,3.2491744,0.11453667,1.4609619,-0.047269937,1.8212296,-0.0061859144,1.3030467,-0.07136705,1.9109819,0.0034009307,1.6935976,-0.023032563,1.4909511,0.021785269,1.8134669,-0.07534318,2.0486019,-0.04642161,1.7531642,0.0017739254,1.389009,-0.016027682,3.471764,0.09409084,1.4440559,0.080856554,1.3172724,-0.06630475,0.9622974,-0.04007662,0.9705951,0.010601417,0.69683903,-0.018483015,1.0719564,-0.034756314,1.0502228,0.02376741,0.79798794,-0.031167906,0.89856094,0.006288006,1.0223804,0.009037047,0.8135851,0.010208059,0.7636622,2453.5133033438733,422.00437796405726,1562.5485047656045,320.49222151835096,4106.389331210191,897.4668648373164,0.22698546974522293,0.06874970965699968,0.078738436,0.08271906
5-198411-G-20.wav,crying_baby,-192.66287,57.46472,44.607933,10.902288,2.8795688,14.051171,0.43329945,11.207624,-14.200107,15.86132,1.4966754,9.068834,-9.937712,12.07781,7.0278616,8.518812,-2.756609,9.502902,13.769973,8.608131,1.7804426,10.527258,6.155717,10.887158,4.7957525,9.839255,-0.8698812,8.318747,-0.03825807,1.7164555,0.22363706,2.117527,0.27106923,1.8001755,0.015089801,1.6153762,0.11544654,1.5393966,0.062327635,1.8511931,-0.043789707,1.490701,0.11234771,1.5220473,0.04716556,1.3605759,0.05309359,2.045047,-0.052376047,1.5976154,-0.1080107,1.1929702,0.14397065,3.8919683,-0.03717771,1.2277519,0.0035872792,1.1400244,-0.016321361,1.0334005,-0.037459128,0.80161405,-0.0449731,0.80427,-0.027576014,0.98545206,-0.030180039,0.893731,0.058606796,0.84271955,0.025327045,0.8570677,-0.09599123,0.9809386,-0.01452493,0.80164903,0.03164374,0.5958999,1680.4322203105548,405.15182764604594,1807.35009338282,243.57488377580233,3827.9259554140126,1077.7203259226071,0.10388883359872611,0.04604260245928604,0.05128561,0.058481034
1-100032-A-0.wav,dog,-388.94666,67.30518,1.8880197,7.7666516,-5.1353316,19.08038,-1.0776439,4.558931,-0.89336175,4.271202,-0.6335521,3.0653765,0.2368892,1.3291259,0.56503046,2.4902923,0.33634442,2.2453892,-0.06005617,1.2381202,-0.17036608,1.0211686,-0.22624288,1.2333908,0.31614625,1.8451358,-5.8313844e-07,12.325622,0.0,1.1858011,0.0,3.3160162,6.074359e-09,0.8844896,1.2148718e-08,0.79556894,6.074359e-09,0.59802496,0.0,0.21341701,-3.0371794e-09,0.40985164,3.0371794e-09,0.30498666,0.0,0.15362176,0.0,0.1380342,0.0,0.18785249,0.0,0.22865446,-8.0181536e-07,5.2542834,3.0371794e-09,0.9892772,0.0,1.3506712,3.0371794e-09,0.40397492,1.5185897e-09,0.44153282,1.5185897e-09,0.37325913,7.5929485e-10,0.13646477,1.5185897e-09,0.22108367,0.0,0.24554422,1.8982371e-10,0.13299835,-3.7964742e-10,0.13486116,3.7964742e-10,0.15613168,7.5929485e-10,0.19944596,198.4706028526285,679.1766955886559,127.82894701966279,446.53587546087255,317.6751592356688,1152.7876112467911,0.016352756767515922,0.05479257550917297,0.007624595,0.04068033
1-110389-A-0.wav,dog,-387.28708,62.96526,5.77291,18.76787,-1.9397697,9.553817,-0.9723057,6.1968813,0.5724181,2.5165415,-0.1224223,2.5638638,-0.26758105,2.235644,0.17586681,1.5338895,0.10335502,2.6172245,0.5084007,2.2922518,0.4723641,2.4192655,1.3054719,4.2927737,1.1383901,3.6094346,-2.0264204,7.252332,-0.5019746,1.6727659,0.26666108,1.366714,0.22831386,0.99135834,-0.029669125,0.36244702,0.031607773,0.46008745,0.04358399,0.3723142,0.02488607,0.25134006,0.085546605,0.53221387,0.031117251,0.4284202,0.038402308,0.48814285,-0.023163628,0.5851426,-0.022724114,0.502111,-0.63666624,4.7357025,0.04961957,0.54426384,0.110046364,0.8731091,0.117318645,0.94944984,0.056187283,0.4095329,0.07009043,0.45326188,0.029409852,0.23393196,0.0054338304,0.12889503,-0.010343479,0.15220547,-0.0032280472,0.14093721,0.004289554,0.17861627,-0.023864299,0.20014513,-0.017442279,0.15829936,152.51928109725765,545.7095036846976,173.83849239040194,520.0782830907292,279.25955414012736,1022.4221745511068,0.008540256767515924,0.03201009157733293,0.006573003,0.033899534
1-30226-A-0.wav,dog,-230.43352,54.28529,68.24953,10.302377,-13.748333,22.89932,11.005692,9.104893,6.3560486,4.3673143,6.9395404,6.772531,4.1927776,5.431703,5.1455812,4.7251463,5.462896,5.7369146,6.8827987,5.3605165,1.9621893,3.3315222,0.2151443,4.5776396,-0.010843046,2.7186248,0.6218115,9.837553,0.10016257,1.615409,-0.035080526,4.0549283,0.053819753,1.5515996,-0.031167304,0.769957,0.018158752,1.3646679,0.021404514,1.1943711,0.013900643,0.8975134,-0.00075998734,0.9322419,0.0013302125,0.80983114,-0.01666514,0.5633244,0.028944999,0.7596315,0.00024377654,0.46576524,0.02854876,5.7646003,-0.0482972,1.5343375,0.036568318,2.28811,-0.021574285,0.87308073,0.0028080645,0.45440957,-0.0006688856,0.8566485,0.00320256,0.7381445,-0.007075826,0.61123896,-0.0054342817,0.6770196,-0.013036102,0.5448759,0.002893955,0.42470512,0.014122486,0.47937024,0.006220444,0.36372375,1099.5021974177882,311.50297652662204,1331.4546795556405,230.54823459888337,2123.606687898089,548.6744615636406,0.06809812898089172,0.052972206351788925,0.020872656,0.029896937
1-30344-A-0.wav,dog,-242.01816,79.13793,60.100624,23.52269,-6.481842,19.096167,-9.6390085,13.132912,-14.77485,14.04585,-11.3736,8.26614,-5.566324,5.7232146,-11.456207,11.319631,-2.4539142,6.6404886,0.12596636,4.7695413,-5.3032217,5.8913593,-0.61502063,4.6128607,5.9660716,4.094382,0.66369265,19.213293,-0.11648045,4.3485246,-0.24018686,4.4744544,0.07392301,2.9713485,-0.11309212,3.1272614,0.0046160873,1.759826,0.06520054,1.1164148,-0.104975365,2.6663537,0.011381113,1.4210815,0.008330688,0.8516403,-0.035735868,1.1392432,-0.0032503316,0.6483069,0.006625139,0.80968934,-0.05818398,8.727324,-0.07224744,1.9995433,0.006515497,2.1604424,-0.01397357,1.2359141,-0.0041914047,1.2445202,0.030774144,0.8441525,-0.011587203,0.6633001,-0.0253658,1.0758213,0.0033082082,0.6873203,-0.002445089,0.613592,0.018805753,0.70690143,0.014957488,0.53322905,-0.016021974,0.563416,1254.4963792469293,430.6007386515965,1219.4726150926872,257.7379174980512,1975.4179936305732,900.6201485715344,0.10910131369426751,0.062197379943580114,0.047090128,0.07496771
1-32318-A-0.wav,dog,-222.16466,72.2976,47.6097,15.825003,-9.129847,22.266014,3.4337733,8.556178,7.558516,7.1877837,-3.423287,10.802276,-4.76053,8.321336,-4.7291193,8.302139,-5.1650033,9.412271,2.0789824,4.2608924,5.0264688,6.023134,10.186092,7.571996,6.055562,7.5615005,0.21218298,18.138752,-0.27040133,3.2210045,-0.1411263,4.9917374,-0.055072166,1.4310373,-0.0503182,1.5282553,0.0077529107,2.394978,0.03835061,1.866856,0.002753021,1.9112623,0.037867084,2.1443577,-0.006557574,0.65668076,0.04865445,0.88792944,0.10017173,1.3992579,0.1179252,1.2710865,-0.41707903,9.880014,-0.12002793,2.083231,0.053861167,3.1794372,-0.016500112,0.9594329,0.08148417,0.78285044,0.10813385,1.4923062,0.026161872,1.0181513,0.05968239,1.0672143,0.07993423,1.3356038,0.011319825,0.46197754,0.026059618,0.6712076,0.009739081,0.72443974,-0.014854234,0.6063417,1577.3408102839805,343.6811224113359,1653.0288691808664,399.6778030109434,3171.1783439490446,1138.1258120669777,0.1103640027866242,0.03944518385855766,0.05036518,0.1221708
1-59513-A-0.wav,dog,-213.05977,51.716034,93.53659,22.36554,0.69571364,18.612606,2.7502594,10.932932,-8.137339,12.367407,-3.418606,7.756318,-3.2155976,7.234162,-4.7306094,6.660969,-7.6704817,6.979307,-1.5789924,5.4600506,0.62150127,4.4709916,-3.7803485,4.8498635,0.48714802,4.675488,-0.13870713,9.708763,-0.08549895,3.2932928,-0.015245158,3.1036367,-0.14676228,1.9765785,-0.15085097,2.2448583,-0.03376801,1.2226793,0.11538869,1.4124916,0.06431389,1.0706753,0.12489411,1.2838404,0.10494448,0.9533531,0.04156079,0.8042295,-0.0030903725,0.83143204,-0.067075565,0.8725498,-0.8714553,6.9635477,-0.13502517,1.7431333,0.30254593,2.5468144,0.069272846,1.0804302,0.1672067,1.4435478,0.03839298,0.67941767,0.091832034,0.94960326,0.076100826,0.8206993,0.072524086,0.9593765,-0.028523276,0.55362654,9.3427625e-05,0.5502181,-0.030330753,0.62340105,-0.03243827,0.68535703,891.7470079690174,248.80087340479488,1063.477664573837,412.4078144827224,1551.6520700636943,715.9311555242813,0.06589619824840764,0.018872494991349343,0.07380521,0.09740048
1-85362-A-0.wav,dog,-198.53548,52.1222,76.02249,12.957428,-37.438435,14.255998,-29.334028,10.805521,-19.40741,6.2670426,-14.735966,8.36279,-8.482453,3.4653924,-12.313035,6.8218217,-2.3940976,6.3536787,7.6240053,4.7370744,3.698429,5.1702895,4.6637497,6.5523357,6.1596746,5.335941,-0.74894464,9.87537,0.09290535,2.127265,0.0040082266,2.607176,0.006265417,1.7297513,-0.03048265,1.0847268,0.04101522,1.4418855,-0.0028853887,0.49718595,-0.06417121,1.220463,0.03924303,0.78449994,0.018723538,0.71656543,0.012547751,0.88685477,0.062784225,0.9373365,0.052236162,0.70758873,-0.4210269,5.3724947,-0.07720223,1.1787702,0.15099736,1.2771463,0.06978048,1.0135119,0.025657788,0.59350616,0.04013483,0.8301082,-0.011938385,0.35719854,0.040923093,0.6212116,-0.04255376,0.51570725,-0.009050085,0.48285165,0.0217573,0.61857396,-0.061736513,0.6193563,-0.039596878,0.50394994,1190.6017699408849,261.66394712698343,1035.9932397320492,328.6247572614626,1816.0828025477706,789.7327543914499,0.09957205414012739,0.015161683215205599,0.052765258,0.055143025
1-97392-A-0.wav,dog,-293.60968,109.18412,23.091038,23.451988,-25.131712,30.528078,-9.652989,11.297185,-7.7839813,9.8618765,-6.5077066,8.245737,-0.29133052,3.9770212,-1.463838,3.8757734,-1.2952698,4.126301,-2.2003286,3.4445312,-2.9982421,4.381313,-1.3062822,3.9705012,-0.8533706,3.5211399,-0.92517865,15.786983,-0.16834386,2.0670195,0.13121174,3.8994327,0.07193888,1.5565345,0.06434327,1.3890792,0.041660417,1.0959996,-0.008095067,0.54167676,0.04228384,0.5948465,0.02443582,0.697311,0.047934506,0.4539943,0.010903673,0.58875173,0.016286777,0.57812285,0.0068922895,0.55589676,-1.0137447,8.705766,-0.08924352,1.0500014,0.19562504,1.7508702,0.03969598,0.74747634,0.044534676,0.6275568,0.034398686,0.5338012,0.010130164,0.32580665,0.017747225,0.38077834,-0.0015663706,0.49789572,0.0058065644,0.31047314,0.019147733,0.3645564,0.0034698225,0.3447625,-0.01528725,0.3527656,990.0186200843215,936.5928576661165,745.6570977936625,723.1808331164847,1616.8391719745223,1624.5737073164066,0.09110021894904459,0.09070664355561685,0.031220384,0.07388357
2-114280-A-0.wav,dog,-252.02612,103.47469,41.286545,39.591297,-8.154238,13.583555,-17.156013,17.289066,-7.9430933,9.587044,-7.803532,8.1744585,-8.666435,11.121263,-1.0713841,5.5971737,-4.5235167,6.8745914,-4.0665727,6.380144,-5.4835043,6.603224,-0.80812377,4.2791557,-1.9157585,4.6693435,-0.51271164,25.029999,-0.0895306,8.644659,0.09675323,2.8635032,0.06274499,3.7433903,-0.023359396,2.1520805,0.038898114,1.8004905,0.12140411,2.6103456,0.030088559,1.0575702,0.061307687,1.4795924,0.080752656,1.3656455,0.031195119,1.496928,0.031309947,0.80307496,0.036876176,0.7700222,-0.7824772,11.609621,-0.41379786,3.6519735,0.108566105,1.5847933,0.10822125,1.5138453,-0.030053992,1.0864838,0.05371797,0.8328795,0.15597044,1.3927774,0.041650306,0.6303131,0.06438641,0.69692594,0.06566865,0.6835686,0.037646152,0.78363734,-0.013222359,0.50022084,0.06440479,0.5887018,1327.39211335887,964.2148480857724,1320.6708845388648,818.641845584867,2358.578821656051,2196.0697101033666,0.09706533638535032,0.07914303905742878,0.07388696,0.11802658
2-114587-A-0.wav,dog,-197.82796,87.28406,7.2630777,19.688562,-47.733044,27.595076,-18.278925,11.6889925,-26.045465,13.604443,-1.2037634,9.519784,6.909987,8.604804,2.9579718,10.068264,1.2671151,7.93932,-5.429128,7.989162,-1.7724186,6.8682985,4.4923162,8.761279,-1.2807503,6.7749734,-1.2957166,20.021812,0.3274423,3.890193,0.21882479,6.4032493,0.026990727,2.4099896,-0.15667552,2.391758,-0.05781453,2.0245712,0.06354976,1.5982323,-0.14907342,1.3627288,-0.035727795,1.4051789,0.20962146,1.0740135,-0.022472844,1.1062183,-0.071699224,1.5132229,0.06954122,1.0134515,0.12530383,14.099893,0.09275811,2.9798446,0.14979425,3.7288194,0.075712934,1.452871,0.08447001,1.5043341,0.053016134,1.3775032,-0.017674359,1.3081998,-0.13785678,1.1628413,-0.1291671,1.2485474,0.024160506,0.86154026,0.03742249,0.81869465,-0.05278184,1.0568358,0.061142873,0.7515827,2288.729652940095,543.7979480231621,1530.3272910555042,271.13198872696114,3841.2619426751594,864.5490765992492,0.20428194665605096,0.08556460068960887,0.068740405,0.08842016
2-116400-A-0.wav,dog,-229.23457,83.381004,60.979767,23.24777,-8.892712,17.395584,-8.824326,12.8458185,1.0037171,5.4468846,-6.147588,12.075652,-3.194911,9.934217,-1.8566525,9.307718,2.49822,6.09525,3.7667391,4.3290806,0.9904935,5.2000446,8.240022,4.755703,7.9131947,4.0909133,0.6660304,14.615177,0.023416925,2.3621922,-0.14882937,2.7699184,-0.10507613,2.25351,-0.037703104,0.7277179,-0.09172938,2.0089445,-0.07942294,1.7524245,-0.042693935,1.2591635,-0.0045192637,0.8492793,0.0005560954,0.8106481,-0.005232061,0.7769089,-0.012866403,0.92424816,-0.023588711,0.69512635,0.23321445,8.3421335,-0.031503037,1.4366614,-0.05353075,1.7675816,-0.037338886,1.820213,-0.0014506892,0.49949822,-0.017243017,1.1580626,0.0029469337,0.9997484,0.028223444,0.60643995,0.03277344,0.5613007,0.014354891,0.55245817,-0.0046074996,0.56480485,-0.011981406,0.518849,-0.013302304,0.5065778,1160.2148244115294,278.63634218676424,1418.8835762764606,333.44528201282577,2161.922770700637,819.3233683678435,0.06490719546178345,0.03909180588937739,0.045937117,0.07187317
2-117271-A-0.wav,dog,-135.42226,77.383095,78.85689,13.183012,-6.996398,17.606249,-5.3455734,15.860472,-0.5487186,10.79532,-2.7336597,8.049208,-3.0531962,9.780852,0.77108127,8.517917,-1.0754511,8.276487,0.34535587,5.9498363,1.5547948,5.813937,1.5979065,7.448998,0.6884538,10.415998,0.21980567,14.826134,-0.13581684,2.0965648,0.11459167,3.658881,0.06134121,2.6343021,0.07150213,1.5168698,-0.0046488494,1.2753605,-0.12105532,1.7131897,0.066144995,1.3036616,-0.030135274,1.1721532,-0.0394291,0.9810953,-0.02486263,1.0183233,-0.1316083,0.81420875,-0.14265749,1.3788066,-1.1517372,11.811656,0.019871635,1.6508647,0.31255597,2.7045565,0.18410605,2.031771,0.13956691,1.3248365,0.10080894,0.8719286,0.044074275,1.1648363,-0.02525052,1.0971175,-0.03165593,0.91145146,0.023857245,0.6631977,0.0177584,0.7896918,-0.049470007,0.6172231,-0.016860187,1.1499366,952.8696822846233,306.27443997286815,1186.8946485542074,214.4294589497168,1554.3391719745223,566.5947748993661,0.06455264729299363,0.034694164004111246,0.16549182,0.14190616
2-118072-A-0.wav,dog,-326.12476,81.59154,15.378181,30.606318,0.60520095,9.527203,-3.3559675,15.946553,0.21218468,3.0888026,0.92260665,3.6618178,-0.049278613,4.565179,2.0445535,4.4333572,1.4363017,2.9534996,2.1026986,4.104226,0.09895486,2.85895,2.0621586,4.181251,0.33783856,2.671536,-0.77811795,6.7760267,-0.15017986,2.434445,-0.06987734,1.8404527,0.0073458194,2.7246585,-0.037608664,0.47475103,-0.07421066,0.53776616,-0.047482517,0.675724,-0.03994936,0.50812566,-0.012324291,0.39135027,-0.060025502,0.4637866,-0.004356666,0.44403562,-0.03639377,0.4729016,0.013352777,0.4538091,0.01957337,3.4406698,-0.022154823,0.92842233,-0.0145791415,1.3892125,-0.0064519164,1.6977073,0.025764465,0.30554512,0.043704357,0.54942983,0.014274164,0.29960677,0.003154627,0.4769908,-0.038138293,0.32924563,-0.011572561,0.39051738,-0.01953347,0.2495605,0.0055024154,0.32045552,-0.005363862,0.35744473,480.2160412092657,740.8838897650921,725.9036770369356,1006.3407661461187,1081.5087579617834,1906.261680350278,0.014026423168789808,0.030310265007737314,0.023305444,0.07647939
2-118964-A-0.wav,dog,-273.926,121.17135,13.860564,25.56443,-3.781528,11.121725,-2.2682412,7.634154,-2.278649,6.106085,-0.18542089,3.548687,-0.35179558,3.0904393,0.45026782,2.0802627,-0.31407568,3.0708253,1.1749234,2.9232814,0.09604768,2.5036259,-0.4012075,2.8030138,-0.27454093,2.7181573,0.07240639,12.41273,-0.36504632,2.0827157,-0.116439015,1.660752,-0.016734986,1.1776836,0.03327858,0.7596762,0.01741173,0.38269612,0.025419798,0.4762323,-8.814844e-05,0.32150832,-0.012567205,0.3988257,-0.019725386,0.4683175,-0.032814942,0.395344,0.00069900864,0.349891,0.0055940654,0.38007268,-0.3695284,4.008245,-0.04121643,1.3571787,0.07760273,0.726695,-0.030145785,0.6535177,0.016724816,0.30740178,0.010291874,0.39007682,0.014690845,0.32559088,-0.0030275716,0.17986003,0.02554066,0.33221728,0.01836811,0.26657006,0.0039077685,0.15780038,0.007997322,0.20316567,0.0037341483,0.2866103,653.6932768620421,820.7595232446515,930.4556697780316,1034.440655681572,1396.7953821656051,2117.8837719777875,0.02655379179936306,0.048602325960598075,0.074153095,0.18525097
2-122104-A-0.wav,dog,-230.8825,58.61865,94.16159,11.057571,-2.0301046,15.067895,-19.17262,9.185876,-6.958718,9.0821495,-4.6099777,11.407037,-2.7453144,6.9371715,-5.974099,7.4202294,-2.9930885,4.6707697,0.22326075,4.3243623,-0.13690256,2.7710824,-0.7381814,3.462955,-2.6182995,3.6808884,0.021832412,10.498528,0.082019076,1.5484248,0.06238002,2.4690716,0.0060268817,1.6603118,-0.008776561,1.7421634,-0.008804418,1.8641219,-0.01088683,0.9817856,-0.019144654,1.0966575,-0.049773056,0.6752072,-0.027416702,0.8303472,2.8192617e-05,0.38162065,-0.0018691568,0.536151,0.00468631,0.60080135,0.061116874,5.368739,0.020454649,1.0622784,-0.0016964674,1.1800834,-0.0028969494,0.9149597,-0.0259362,1.0666401,-0.0021750336,1.0089889,0.030626325,0.6008961,-0.0048496327,0.66480947,-0.029071571,0.5959337,-0.017138632,0.5248997,-0.002548476,0.31794137,-0.0056128944,0.47943828,-0.020293757,0.42647165,801.4228669239171,111.78692977441094,928.7766075929371,128.61407843016403,1186.2062101910828,136.71653812404924,0.06702826433121019,0.01850868419298967,0.04222805,0.05951626
2-122104-B-0.wav,dog,-225.20581,56.619083,85.515015,11.601468,-2.473025,19.93725,-18.465971,10.579117,-6.4536376,7.702946,-2.116597,7.7735395,-1.6560698,5.4081726,-1.2638997,5.5479674,-2.5364876,7.264735,-1.1096947,5.665617,-2.2434354,4.3677073,0.3504625,4.1080985,-0.91661626,5.1722918,0.47613895,10.073141,0.056245275,1.6750048,-0.12796696,3.3623712,-0.066391736,1.7574939,-0.021673303,1.4246637,-0.016819462,1.2348357,0.0103204725,0.6518516,-0.0147735225,0.74755627,-0.058528032,1.3658905,-0.011673041,1.046128,0.014204897,0.6505592,0.012963198,0.61649936,0.021835871,0.8541956,-0.012715273,5.012707,-0.11585089,1.1806419,-0.02733849,1.6653557,0.0013284596,0.910116,0.025005557,0.90113205,0.038483787,0.6875313,0.0188216,0.380242,-0.00536706,0.55708176,0.008598428,0.70994306,0.013805856,0.56199145,-0.007063962,0.4260137,-0.008395696,0.36964503,0.013291751,0.48561785,868.6595905181559,134.07629932147677,968.0303483430032,144.0717933930384,1258.3598726114649,148.62494097318637,0.07704891520700637,0.024007028091634883,0.04551002,0.07820005
3-136288-A-0.wav,dog,-172.82875,73.855194,68.71439,20.353344,-9.689608,18.609924,2.319809,9.385326,-4.1420903,7.9733615,7.506581,6.5530562,11.158729,9.28998,9.995738,7.9731264,-1.5561197,5.820776,4.9982357,8.48898,10.900631,7.2718306,4.2087336,6.578508,-1.8076347,7.0795665,-1.5770067,6.864931,-0.4465725,2.5638995,-0.16849935,2.6632173,-0.1396249,1.4640328,0.011974573,1.1728367,-0.11429153,1.0194291,0.012569476,1.5914673,-0.04430633,1.4179975,-0.01459115,0.85966027,0.033957124,1.6195838,-0.041472524,1.1461363,-0.025767563,0.88033974,-0.019795248,1.0431885,-0.14125925,2.687802,-0.035972737,1.184691,0.0888066,1.2144883,0.043632068,0.70750743,-0.044535305,0.66784865,-0.031822395,0.62197846,-0.05678485,0.9280316,-0.0055046054,0.7235664,-0.00049360545,0.5788199,-0.02965075,0.72853315,-0.022645878,0.6686616,-0.01711202,0.49853227,0.018801743,0.56960034,1301.360170190109,489.6237568064172,1363.1663320360897,391.935195836542,2388.6345541401274,1220.1485398522684,0.10403189689490445,0.049416066244067434,0.045586016,0.028384447
3-144028-A-0.wav,dog,-82.378,81.80461,64.75381,18.304382,-32.19044,13.007088,-9.842224,7.1488194,-11.468229,6.7560167,-11.293875,8.262221,-7.481693,6.9507003,-4.049993,4.8792844,-1.9968843,5.606494,-2.1122663,5.5110936,0.9535538,4.927187,2.087853,4.662324,2.36774,5.2472925,1.1738441,17.348368,-0.07981715,2.791655,0.067131154,2.0828497,0.04930372,1.3640116,0.09944635,0.9812265,0.1257935,1.5364188,-0.04571681,1.054926,-0.106995665,0.93550444,-0.09497959,1.06492,-0.047054566,1.0336746,0.03511761,0.7869179,0.051468916,0.6074323,-0.029075835,0.8870103,0.118018955,12.637761,0.03379465,1.9481949,-0.026216142,1.7285409,-0.032611314,1.0359702,0.037889242,0.80312467,-0.024451759,1.0884309,0.025631012,0.7015882,0.033228632,0.5527547,-0.010464406,0.67131305,0.0133177275,0.6045382,0.03135318,0.5119006,-0.009915545,0.43989697,0.013230618,0.6432296,1417.9956188298497,316.92869798801115,1241.2230460157716,205.83155984030188,2391.6202229299365,637.6132734518288,0.11318172770700637,0.02978669793143225,0.25248396,0.2239396
3-155312-A-0.wav,dog,-192.87772,94.13496,63.59381,22.102654,-34.742332,38.554302,-9.289612,10.129449,-19.83224,16.713406,-12.368215,8.421187,-15.037514,7.7493596,-4.9964786,5.229933,-7.230741,5.508204,-2.1117363,6.2213264,3.6469247,6.5369015,0.8335701,4.738554,4.374475,7.5443344,-1.2340188,18.301943,-0.12950635,3.681288,0.58978164,7.0897384,-0.08670608,1.986522,0.06793796,3.6628761,-0.006303198,1.7604176,0.03794105,1.5104562,0.018878581,0.92456526,0.072475016,0.9208433,-0.05832305,1.1844456,-0.10889587,1.0650465,0.0024932357,0.8788746,-0.0067648613,1.2657956,-0.5463872,9.400723,-0.06298364,1.6965356,0.18444869,3.4978168,-0.023137521,1.2123574,0.10248028,1.7374456,0.012563239,1.1704565,0.05034022,0.72504604,-0.036567852,0.6926904,-0.019013349,0.535213,-0.022987068,0.79540646,-0.024574433,0.7908431,-0.035987187,0.64447296,-0.063593835,0.72292626,1257.2433850436712,251.3847233886549,996.9342203859396,304.1778518478563,2245.123407643312,718.9551889316411,0.10824915406050956,0.023155682987619594,0.10703959,0.13544053
3-157695-A-0.wav,dog,-259.4726,108.14659,31.172668,31.563587,-7.7422137,16.429081,-8.639341,13.379239,-2.0083272,5.6516438,-14.217068,15.523863,-13.7715435,14.193565,-2.6829891,4.887809,-5.1822667,6.0655904,-2.7330556,3.9473462,-5.158789,5.89257,-3.6076233,5.2302933,-1.7355238,4.800413,-0.51144546,23.055231,0.05366023,5.9716964,0.10888184,3.2996387,0.054997973,2.6662488,0.019937737,0.89167345,0.07441243,3.2592502,0.03239826,2.9399009,-0.009250083,0.756113,0.018910596,1.1234328,0.034477226,0.76045144,-0.025644394,1.0693393,-0.024736747,1.0160779,-0.026654657,0.69079214,-0.5835036,20.390127,-0.18336852,4.748033,0.08904068,3.1469183,0.08082147,2.5465655,-0.024450276,0.60064596,0.084729604,2.7371085,0.055764113,2.3867195,0.03750268,0.60525066,0.052369446,0.93179446,0.038439173,0.5288908,-0.00011846784,0.84922653,0.027253253,0.83114773,-0.03383601,0.69308954,2333.526052624759,1348.6607002800554,1930.4771812665463,713.3238570103601,4273.6863057324845,2553.3638332544197,0.2724298367834395,0.23545134549232796,0.05418763,0.08350053
3-163459-A-0.wav,dog,-341.62192,99.2194,22.155733,27.702396,-7.9758267,21.542324,-2.3047972,14.008901,2.9602013,4.904334,0.4346164,6.190005,2.083724,3.735798,2.3198397,5.1776853,1.2216805,3.3008704,0.014189689,3.6002977,0.804046,2.15655,1.1308178,2.5992856,0.100029536,1.913885,-0.6847125,9.65075,-0.3322391,1.6253146,-0.003176598,2.8501048,-0.05210229,2.0676951,-0.029013166,0.6423535,-0.04384738,1.1756799,-0.030295433,0.5338639,-0.013315584,0.6652833,-0.0049202517,0.64131355,-0.04915306,0.59787655,-0.042586796,0.36833698,-0.031291116,0.40934056,-0.012059773,0.2999818,-0.022709891,4.7010593,0.014594548,0.84398043,-0.0013237972,1.2233613,-0.0068545705,0.877251,-0.0064212964,0.30535105,-0.010263374,0.59667265,0.004313499,0.38858452,-0.00078442297,0.28514192,0.0009712717,0.37271652,-0.0077604717,0.34582847,0.0012896729,0.2507247,0.002214286,0.26891518,-0.008716506,0.22357158,593.6740478384049,750.4524698602362,633.4199580581187,805.8663802460871,1121.6162420382166,1470.5268998828924,0.04194864649681529,0.06189521121735999,0.014403762,0.04404516
3-170015-A-0.wav,dog,-367.6539,63.667927,22.464115,23.104252,-0.08978296,21.030418,2.6334012,10.481779,0.21754405,9.188118,-0.96584177,8.821919,1.3726915,4.298503,0.31580898,4.8069487,1.3881445,4.410486,3.7358818,5.9408016,4.079205,6.8400965,2.3558068,3.9249146,0.95470744,5.4235005,-0.28050032,9.697016,-0.21115178,2.2889125,-0.11412545,3.340823,-0.123325795,1.8495901,-0.049484357,1.3850482,-0.050892327,1.5522571,-0.03985074,0.68578047,0.0144214025,0.70783496,-0.008878414,0.6613926,-0.015891284,0.6566738,0.021873295,0.7607969,0.027314272,0.4652822,-0.00041055377,0.6790112,-0.08535201,4.5700307,-0.10935959,1.4099056,0.046363786,1.3085446,0.12017215,1.0291802,0.02098571,0.65094024,-0.00025504865,0.8297076,0.023621216,0.40327394,-0.010368169,0.37442502,-0.03010756,0.44809422,-0.037733544,0.4235292,-0.018337473,0.3862316,-0.0006154502,0.30829623,-0.0073451055,0.33340225,813.1925380999644,745.805761079487,1133.0730028258624,939.8546838721871,1840.9633757961783,1904.490827741123,0.030833250398089172,0.04414744513846195,0.0050746435,0.019783229
3-180256-A-0.wav,dog,-230.82405,106.8556,58.84655,36.071747,-30.448542,30.86522,-27.770092,20.474981,-15.25515,11.115179,-0.8645619,4.8145356,-2.479478,6.2117953,1.1980501,8.827951,2.822967,5.0912867,2.3123822,4.5195665,1.5016202,4.1514263,1.5295734,5.5467505,-3.1573467,5.660342,0.38023028,18.53848,0.49277583,5.5885625,0.13260204,5.2963243,-0.14622933,3.0993662,-0.124539696,1.8527955,-0.06356902,0.81180906,-0.06370471,0.94923985,-0.07555655,1.4492769,-0.047996297,0.9814687,-0.015945168,0.7131179,0.042173374,0.72799426,0.059354346,1.0599641,0.007608657,1.025059,-0.21707723,7.499245,-0.155186,2.376162,0.069843866,2.008025,0.059339426,1.0459653,0.014074843,0.8122975,0.006776002,0.55634785,0.0038132668,0.6427112,-0.0142914895,0.77316964,-0.039510585,0.7117387,0.0017236797,0.6103574,-0.003224477,0.40696684,-0.044614557,0.64164543,-0.0003291209,0.4973922,1330.3668891904338,725.5458236573301,1074.9247773071295,716.4315672474585,2201.5326433121018,1752.3657738507545,0.1175296078821656,0.050481663792023714,0.073313765,0.08256769
3-180977-A-0.wav,dog,-90.52817,78.30517,44.39339,17.096035,-24.216286,12.813547,-6.390323,15.179737,-9.913991,7.880315,1.958444,7.1057043,6.847158,5.8153114,5.5899353,6.544436,3.870431,5.480176,-0.17652018,4.6149073,-1.9168082,3.9358296,-0.93786347,3.9452314,-1.301544,3.8999271,-0.41291532,15.936593,-0.24783768,2.978343,-0.11678856,2.5229566,0.079853155,2.8823066,0.028922914,1.3887255,0.0109376935,1.5079926,-0.061581206,1.1413223,-0.0025761477,1.2448674,0.051569764,1.0335346,0.02524074,0.7727948,-0.0012123691,0.6214452,0.01510861,0.68728095,-0.014394247,0.6254416,-0.92412454,9.355851,0.094398424,2.223738,0.14348578,1.4896654,0.1093027,1.382822,0.058691315,0.7900617,0.055728815,1.0503904,-0.024672888,0.7226898,-0.0025176243,0.7569885,0.024305103,0.6573645,-0.028394219,0.6246164,0.028867569,0.4719577,0.009925947,0.46739924,-0.005340475,0.4515565,1887.8736646411862,441.5350276553493,1588.6557722064706,200.23732713730544,3349.124203821656,785.5667234106206,0.16031797372611464,0.061155978356584255,0.18150833,0.20080659
4-182395-A-0.wav,dog,-365.624,61.995712,14.900966,34.541794,5.1163216,12.218768,-2.161244,10.053015,-0.05681157,1.8048378,0.17078526,1.5432112,-1.255909,3.7603316,-1.1577941,3.2157156,-0.9313443,3.5160847,1.0481918,2.818843,0.7210847,2.213805,-0.5150509,2.7377346,-0.40637597,1.6829308,-9.637476e-08,8.491192,0.0,3.952595,-6.074359e-09,1.6271682,-7.5929485e-09,1.6812775,3.7964742e-10,0.2726586,3.7964742e-10,0.29680404,1.5185897e-09,0.5903366,1.5185897e-09,0.40316382,-3.0371794e-09,0.5442735,0.0,0.31472456,-7.5929485e-10,0.31820926,0.0,0.4715573,1.8982371e-10,0.23507065,-6.793231e-07,3.0137246,-6.074359e-09,1.6901017,-6.074359e-09,0.8782411,-6.074359e-09,0.7883012,-1.5185897e-09,0.18482028,0.0,0.20039214,1.5185897e-09,0.254579,0.0,0.2343833,0.0,0.28734538,1.5185897e-09,0.1696804,1.5185897e-09,0.15747781,0.0,0.24367553,0.0,0.16004056,223.04805667076172,578.8604482136851,293.45353852316526,658.7917216852184,363.15684713375794,1101.9108100481847,0.01507140724522293,0.03748352496936436,0.0086448435,0.035465524
4-183992-A-0.wav,dog,-246.46089,61.456486,82.310524,13.14773,2.961924,14.02922,5.34361,14.791829,5.8119116,10.625757,-5.42318,11.115067,-4.1337533,5.530055,-5.3766165,5.998365,-2.347201,3.5696037,0.5266227,3.4517746,0.26037642,3.814993,-1.6310375,4.810506,1.1867316,3.6278431,-0.04284172,9.290548,-0.018230502,1.535022,0.026276642,2.2965999,-0.012151658,1.9413109,-0.00020787974,1.4601171,0.033121776,1.5794556,-0.01943125,0.77187306,-0.0153924525,0.87281334,0.01996871,0.6038396,-0.013064395,0.42789507,-0.0089458665,0.57466143,0.023276316,0.7888319,0.003655016,0.714445,-0.0029547138,5.4643645,-0.03002977,0.9180595,-0.016784811,1.2221553,0.010437685,1.1571579,0.00037913868,0.78030014,-0.0011105462,1.1949453,-0.006761844,0.57584935,-0.0014306466,0.51113534,-0.00065972575,0.5073913,-0.022439605,0.4459526,-0.023169272,0.38857147,-0.01446882,0.6442968,-0.00910077,0.4487613,879.3441495597192,159.00513873187398,1162.491511614099,217.1821664773881,1587.1815286624203,424.2664415490969,0.05603105095541401,0.015349433422346029,0.029284555,0.051807
4-184575-A-0.wav,dog,-259.8257,94.47796,54.927822,18.888693,-28.584196,31.711943,-16.407532,11.23893,-1.0036913,11.221402,0.41674557,13.897852,4.2038608,6.891289,1.538928,8.422299,8.143159,6.2094693,8.978112,6.6599455,9.612726,6.6493187,4.425495,5.8814254,3.3205023,5.1125174,0.31705043,21.812258,0.28935975,3.1316035,-0.12723903,6.785562,-0.033002354,2.362591,0.1320949,2.5580757,0.08288324,2.9781616,-0.0036134233,1.3155371,0.040835764,1.7590421,0.08300868,0.9475593,0.0809983,1.0357945,0.043138012,1.2158587,0.027040567,0.98004436,0.02099199,0.8635832,-0.44251546,14.2579775,0.022747884,1.6605717,0.12062668,3.999979,0.058830395,1.7546204,0.066493146,1.9631853,0.025914442,2.1511478,-0.002591805,0.941451,-0.010943237,1.2294064,-0.05495033,0.664771,-0.074469484,0.72942066,-0.04550716,0.7073222,-0.008137585,0.5746136,-0.011044853,0.61201966,1327.5934359707594,461.9219094047289,1295.6790735015875,379.8397473718851,2204.916401273885,1019.7696362145572,0.10151895899681529,0.05419481616098412,0.040349346,0.061814547
4-191687-A-0.wav,dog,-244.23816,95.97691,42.020607,33.65918,-7.4414396,17.659025,-7.1019754,9.142817,-4.7282543,7.1499605,-4.356137,7.7124043,-1.0601231,6.4316025,1.4641922,4.483752,-3.752744,8.10865,2.1433427,3.635786,1.4001113,4.087666,-2.5153694,6.143304,4.193311,4.8696284,0.15832794,20.589203,0.044280108,6.098456,0.05985288,3.7569153,0.034057774,1.8073108,0.029467577,1.555184,0.028649537,1.5565419,-0.0065397364,1.3105496,0.019426053,0.7987968,0.02408427,1.6274841,0.02360764,0.56344336,0.015983842,0.7583682,0.015374591,1.106565,0.011747637,0.80960464,0.20257907,8.9821205,0.06834301,2.5542305,0.012141367,1.8323067,-0.006816629,0.89124674,0.010499162,0.78520894,0.009475965,0.755305,-0.020824913,0.74299353,-0.0017440262,0.50375634,-0.0027629684,0.72103995,0.012853191,0.39756262,0.010229675,0.4984689,-0.0075535537,0.5646854,-0.0010373569,0.5248163,1244.278380935187,665.1642364877443,1427.2981847850444,740.6075608193205,2508.6584394904457,1831.9775527169734,0.06816033041401273,0.05085007217491066,0.058919057,0.11375755
4-192236-A-0.wav,dog,-238.92204,76.13504,57.31828,26.653156,4.764027,27.298508,-2.3978906,15.832028,-13.081465,17.733177,-4.1157303,8.282916,-5.018351,7.937316,-8.869336,9.885567,1.0339463,5.948346,-1.9451433,6.3154607,0.85800314,7.341402,1.4669658,8.460128,4.854726,8.865278,0.031079166,14.02707,0.0447751,3.3334095,0.04239595,5.9523706,0.030903773,2.9957368,0.016823148,3.0738723,0.011330723,1.3344332,0.009316148,0.9909954,-0.0015246363,1.3592284,-0.014419377,1.1806476,-0.0148765845,1.0165336,-0.009780199,1.2440726,-0.016358634,1.3664042,-0.031024538,1.8362992,0.046020042,7.777074,0.03247054,1.762043,-0.037098326,3.0039797,-0.07583446,1.3751575,-0.05010197,1.5600157,-0.0069670496,0.8347494,0.0062495028,0.5851181,0.0024910122,0.75416094,0.0015251403,0.6114514,0.0004733167,0.69620615,-0.0036258257,0.90097594,-0.012532771,1.020632,-0.020163465,1.092172,1021.6948585500753,359.0835274051467,1196.7594527731055,379.7268949868003,1799.06449044586,1118.2154245002107,0.06746989450636942,0.02623991471884146,0.04260172,0.072144926
4-194754-A-0.wav,dog,-208.51247,59.96537,66.4402,16.165876,-11.861767,19.875128,3.6551645,12.267892,3.1040533,4.866524,2.4468,7.667947,3.876037,3.9078186,10.363136,5.1085606,3.6152825,3.3685184,2.1296208,3.8202562,2.43614,3.3861713,4.3605824,3.888308,0.082448,2.9657671,0.8589132,10.723193,0.3815965,2.2610815,-0.029546034,4.064551,0.015620335,2.563053,0.031148126,0.999683,0.023867989,1.6203578,-0.01901606,0.7012349,0.032800492,0.9636736,-0.0037719018,0.55983305,-0.013169891,0.60017973,-0.006501629,0.54569703,-0.014193899,0.7276741,-0.033581067,0.50289196,0.08246206,5.113802,0.08294114,1.0208738,0.08261697,2.075961,0.04560305,1.312439,0.017687188,0.5718869,0.014093223,0.8753946,0.015605539,0.49468645,-0.004246401,0.5013304,-0.012706299,0.39867392,-0.0002751318,0.37095532,0.008420879,0.37841812,0.006865304,0.4626391,-0.0032211097,0.34036288,1162.7415153897393,147.5669449138529,1455.6029376431334,354.9485675748847,2354.1998407643314,748.7952034699637,0.06767515923566879,0.032715928073488394,0.033007286,0.05657265
4-199261-A-0.wav,dog,-256.6446,95.5004,54.557064,31.293251,-7.228004,32.65993,0.6393373,9.166101,-6.674612,13.757919,-1.7204864,6.5411253,-1.0851471,5.656722,-5.0441155,8.510994,-2.383858,6.3892417,-2.9971566,7.5501847,0.9418711,7.544964,6.243867,8.662016,1.0353696,13.042388,-1.050996,17.224184,-0.16406877,5.4137707,0.3467443,5.5378456,-0.057457816,1.3145834,0.112787575,2.3417046,0.0113849975,0.783836,-0.07582489,0.832292,0.037075236,1.1594818,-0.074128576,0.9090919,0.0448566,1.2487882,0.024080303,0.7675336,0.017853199,0.93473035,0.12176419,1.6951165,-1.362625,13.004857,-0.31576747,2.9919143,0.3800112,5.131163,0.08874171,0.98861283,0.2266446,2.0106015,0.08296397,0.81761426,0.041558724,0.686466,0.07312726,1.0028026,0.066743985,0.6277213,0.09868357,0.8387149,0.004380138,0.9157791,-0.004266125,1.2503277,0.07027956,1.5157397,1247.0062229028706,302.2244211269289,1354.030212298795,506.94422776786314,2483.9769108280257,1048.509824026056,0.08574467555732485,0.024263052953194714,0.055588085,0.085802734
4-207124-A-0.wav,dog,-250.23509,80.284065,65.17834,25.56802,-8.708339,24.1481,-13.422255,13.642786,-11.622769,8.764081,-9.6766,7.515492,-12.086865,9.033739,-7.26148,6.23376,-2.5876167,6.1302695,0.98870295,8.415383,1.9879098,5.4618297,-0.2661603,5.350861,-5.387863,6.1330843,0.017958332,18.34259,0.23392618,4.3262362,0.22377063,4.753773,0.10295639,2.837548,0.027425967,1.939239,0.03463175,1.3967866,0.0011524669,1.7895167,0.017712083,1.2027413,-0.03409229,0.9501288,-0.08008258,1.0362616,-0.025528513,0.81701386,-0.048524976,0.63368165,-0.07393051,0.8340662,-0.7525823,10.952959,-0.19667332,2.600066,0.2654682,3.1640728,0.17978787,1.9949291,0.06040109,1.1785275,0.057179615,1.0911556,0.054728583,0.9483107,0.060665518,0.6746128,0.008966841,0.6396412,-0.006006821,0.9113961,0.006962509,0.58631736,-0.015861098,0.49763978,0.008414568,0.5478313,1172.9878853941989,399.6684523727918,1177.6626788782087,402.95918029440884,1962.7786624203823,1077.8538542424096,0.09299736265923567,0.0339062174322787,0.047272075,0.07996651
5-203128-A-0.wav,dog,-221.39896,88.8621,56.850105,20.505354,-4.3755474,24.570759,-7.1275907,11.544641,-10.0253525,11.23274,-4.493797,8.10115,-0.69806343,7.9615893,0.9165114,8.200721,5.762683,5.112353,1.7154375,7.8736825,1.5011119,6.6354914,2.1399858,6.005175,-2.2459943,5.134529,1.159167,17.502308,0.32034034,3.217759,-0.1487592,4.0334187,-0.07344003,2.1385415,-0.15782064,2.0964262,-0.08037388,1.4372785,-0.05069851,1.2872132,-0.0512736,1.25447,-0.028175136,0.89958435,-0.035877354,1.1744864,-0.0071282038,1.0769203,0.010010703,0.97036916,-0.027996983,0.74799573,0.46094528,8.942685,-0.012472291,1.7362542,-0.0724224,1.791431,-0.007688179,0.9358987,-0.031788226,1.0741824,-0.039066594,0.71094793,-0.020967264,0.60659486,-0.021355554,0.6843949,-0.018316213,0.5405043,-0.014993378,0.7334069,0.011469962,0.66601646,0.026995799,0.6557601,-0.0007502152,0.51232636,1410.946335941387,376.5914581699352,1543.3635170647906,416.23924910796393,2758.2603503184714,1250.6436943714448,0.08898537022292993,0.03205151790180056,0.059900224,0.11913384
5-203128-B-0.wav,dog,-184.31091,79.45338,53.922832,20.928732,-30.30256,27.035925,-18.58349,12.301194,-10.817923,8.570885,-8.08504,8.225586,-3.7171273,6.0989814,-6.397094,8.532445,3.5264487,8.302307,-0.119946815,8.144196,7.7373405,9.362181,10.171559,8.494245,3.6317165,6.951602,-0.73980343,17.003952,0.16475162,3.7433412,0.23984022,5.637644,0.036722142,2.1483295,0.08985432,1.4484947,0.06726571,1.5486447,-0.0293133,0.90636015,-0.023822365,1.4347998,-0.06668873,1.374019,-0.012095825,1.5321167,-0.002499222,1.8031231,-0.013472569,1.4100538,-0.02284103,1.0641247,-0.93079627,11.719552,-0.102484256,3.378786,0.24991661,3.8868794,0.050380677,1.285096,0.07397007,0.9071028,0.08101355,1.056674,-0.030067917,0.6175958,0.029828528,0.8197781,0.010307616,1.2987603,0.04784376,1.3182938,0.004669882,1.6020378,0.003694182,1.1717772,-0.025078027,0.80915576,1517.5201080075378,448.5458015665973,1382.8480587897693,414.6192216157863,2568.0732484076434,1277.441876415651,0.12190858877388536,0.04031202274790332,0.076279685,0.0905399
5-208030-A-0.wav,dog,-130.41975,114.56436,16.830112,19.614141,-52.179657,30.666216,-5.405509,10.721407,-0.3760166,10.523868,2.6885457,10.428719,-2.334468,8.871939,-2.2192025,7.762004,-4.566928,6.677209,-2.593279,5.9413266,-3.3690007,8.6989565,-3.0049016,7.3301406,-3.3389769,5.1578765,-1.6076945,21.368536,-0.14814934,3.4135528,-0.011805274,6.3783913,-0.139909,2.0052104,0.07423932,2.2064776,-0.02542724,1.6715739,-0.013906748,1.613665,-0.06973634,1.1233882,0.0709735,1.1780719,0.084773734,1.0233126,0.04831897,1.2481624,-0.022117104,1.1263486,-0.09732923,0.7929835,-0.8243314,12.5968485,-0.02819461,2.0145307,0.21972422,3.5670557,0.036388975,1.2036752,0.023580564,1.5758283,0.03111572,1.1015993,-0.064195774,1.1239647,0.006123406,0.8165046,0.03707201,0.75742805,0.0018550393,0.65713954,-0.03886115,0.7753908,-0.03692185,0.7192808,0.013214869,0.5322834,2201.85118494121,506.6406292880014,1378.9266200237435,416.75815001401185,3646.297770700637,1152.2354465949807,0.21187674164012738,0.05419072959012369,0.20386818,0.22216618
5-212454-A-0.wav,dog,-210.91013,88.11012,64.3258,23.498856,-4.836094,15.495251,-12.392235,12.80004,-9.524261,11.109788,-0.8480044,5.0304112,-9.06026,10.125467,-2.3689253,6.706887,-5.2371144,5.029917,-12.364948,7.4143305,-3.7829356,4.1682286,-4.1166034,6.510807,-1.6773527,8.1964445,0.43142772,15.650629,0.32915333,3.693135,-0.10565164,3.0441163,-0.20383734,2.6044242,-0.09421173,1.9130305,-0.08377659,0.87711763,-0.11585698,1.6964881,-0.057391398,0.8773591,0.0019079956,0.68265235,0.0068378146,1.1949099,-0.013756771,0.6699649,-0.03557303,1.0250797,-0.04388787,1.0672292,-0.19103426,11.277046,-0.124421336,3.515857,0.06830359,2.3429856,0.09041438,1.9078953,0.054026052,1.3913147,0.06216788,0.69861573,0.047161605,1.1126933,0.015172611,0.54211783,0.036833826,0.4208869,0.04220816,0.6340768,0.009581118,0.4572286,-0.01963943,0.7679266,-0.019747993,1.0107292,1139.8542513378707,298.131159746744,1315.7793636346075,220.63565452690625,1906.9466560509554,776.3788104819776,0.07594794984076433,0.02668033733119134,0.067133784,0.0907673
5-213855-A-0.wav,dog,-183.8363,41.26073,72.001465,10.670067,-25.050846,16.861006,-10.187835,13.385473,4.7335906,5.3808594,6.6127744,6.2067723,13.304053,8.847417,10.585283,5.687714,-1.8723685,7.3041534,2.2035418,5.8750463,8.64699,6.6497607,1.051661,5.210217,-5.389002,5.7578893,0.3350903,9.626089,0.16448578,1.866734,-0.21315707,3.61419,-0.081337005,2.961581,-0.025701711,1.0458523,-0.08255855,1.0338279,0.031903043,1.2603153,-0.007766883,0.8156703,0.00903624,1.0217403,-0.044424936,0.7982715,-0.0022711803,1.1885211,-0.04485125,0.8174097,-0.06253446,1.0737168,0.15531273,5.348929,-0.044666898,1.3541512,-0.086280875,1.9008589,-0.06473271,1.7959918,-0.015575192,0.5729509,-0.008466584,0.7064238,0.0013616343,0.8480946,0.0027741066,0.5491682,0.01729483,0.7608032,0.00013174106,0.585815,0.020885881,0.7603093,0.0094927745,0.6334881,0.009717459,0.6033506,1222.9761437545237,173.7312292206614,1228.1892390651421,236.9398654717607,2089.5700636942674,425.3070257472782,0.11157071058917198,0.03622434383071182,0.0610025,0.08920936
5-217158-A-0.wav,dog,-192.66275,41.254425,82.07025,7.2002773,-61.7378,26.751827,-13.726211,5.398755,-12.974833,5.8925614,-19.115742,8.621062,-1.8761189,3.0189338,0.22180988,2.8749216,2.8721108,3.947048,16.797707,9.18093,5.180469,3.305818,3.6648214,3.731834,2.898553,2.780139,0.10145438,5.306836,0.059632733,0.8653745,-0.049437992,3.0967762,-0.001809758,0.6586723,-0.00274732,0.8866028,-0.054223213,1.0355353,-0.018581903,0.4291014,0.016133353,0.4177327,0.014237792,0.48735118,0.018426737,1.047379,0.05293504,0.49780062,0.021956163,0.62968075,-0.009623309,0.37229452,0.036145616,2.672399,0.03850822,0.63537633,-0.0036225705,1.527101,0.00023147787,0.4006016,-0.014469934,0.5681664,-0.026451683,0.6333158,0.0077775647,0.31196597,0.020170521,0.30778334,0.035739116,0.3793188,0.019746603,0.57151926,-0.0020920448,0.35429296,-0.01702185,0.45787805,0.0062355576,0.27462026,1182.6902907408746,80.16509968550893,854.5077294644249,192.2456743220475,1909.5342356687897,144.68583677660715,0.10636445063694268,0.02167352862262084,0.056371495,0.05713412
5-231762-A-0.wav,dog,-288.96146,78.700615,25.133959,39.86382,-0.91976297,8.032788,-7.0290256,13.476122,-5.6129155,9.495242,-5.235083,9.257516,-5.6403947,10.255058,-1.1485413,3.328978,-3.0547206,6.1901417,-2.4415004,5.1452074,-1.9856112,4.786594,2.56235,5.447237,0.7647264,3.816804,-0.84232587,6.453235,-0.34105736,2.5683932,0.0945897,1.6445644,0.07468263,1.788366,0.04274056,0.69178736,0.11953283,0.8434477,0.049615506,1.1538184,-0.018755604,0.65936005,0.051217563,0.7509921,-0.006315002,0.53905857,-0.013937487,0.6325661,-0.043784816,0.62641215,-0.022442082,0.5939159,-0.6369719,4.7648277,-0.11433411,1.0345589,0.11397689,1.2628831,0.1399382,1.1860875,0.03481116,0.44067466,0.06685461,0.55344003,0.05618325,0.67217237,0.035762846,0.4347299,0.06756239,0.5298996,0.0266058,0.3441368,0.026718944,0.42230424,-0.0415198,0.46749988,-0.03843354,0.64705026,377.86020713808097,671.7004522641722,405.78924559630707,666.2264641965003,622.6114649681529,1342.3561566401922,0.02415281648089172,0.03611076329355483,0.038691737,0.08874794
5-9032-A-0.wav,dog,-311.40753,85.42793,-2.4892688,27.12403,-11.8970585,22.599352,4.2938256,7.577371,0.45346186,8.123934,8.559931,11.879245,0.103921734,6.801433,1.0914917,8.354986,-0.062353887,6.2676044,2.238507,6.1298,0.09536597,5.1080737,-0.6779194,4.4058733,-0.92617285,4.3297095,-1.3039259,13.765835,0.22984545,5.6718035,0.34167355,4.1979184,-0.013712537,0.8837378,0.025937455,1.4682931,-0.16301247,1.7011026,-0.06915946,1.270993,-0.047997285,1.620376,0.033689134,0.82803977,-0.04598538,0.9016156,0.011665475,0.7357492,0.009661219,0.5974518,0.051420867,0.65487677,-0.87521195,10.415977,0.34565085,4.438266,0.2552985,3.14292,0.024221245,0.6635239,0.0303252,1.0610164,-0.10664131,1.1742749,0.054015152,0.8072577,0.0343068,1.00051,0.03687067,0.6842523,-0.043490466,0.7712987,0.018798357,0.6430285,-0.0388403,0.49568442,0.0013079507,0.4673281,1684.2606274390182,1459.0164014969967,1141.7634912317103,1007.0028309225804,3031.9466560509554,2606.7908153010712,0.14797720939490447,0.14423521938710218,0.022588626,0.060948983
1-20133-A-39.wav,glass_breaking,-214.1094,157.93022,17.433369,20.511326,7.2399087,9.217488,6.285755,7.1607575,3.5565445,5.0552406,3.083603,4.7928762,2.6959026,3.935798,3.0205715,4.1546693,0.45951757,4.4995356,1.5598474,3.0023172,0.93337,2.463392,1.2960255,3.9670162,1.4216871,2.4662936,-0.30898193,14.84513,-0.44207978,2.9098184,-0.20272179,1.4211379,-0.13628633,0.9722802,-0.1105284,0.7739668,-0.06259931,0.61540055,-0.010714213,0.51487756,-0.058650106,0.5568839,-0.0430343,0.8256758,-0.027663274,0.47028187,-0.016165968,0.3649518,-0.006461742,0.53251624,-0.03052214,0.4033842,-0.18011764,5.2408824,0.000679824,1.5786115,-0.018732436,0.73784953,0.007519174,0.4788189,0.020329004,0.37460142,-0.00033367515,0.38315788,0.0015080575,0.31766757,0.0050434503,0.40412986,0.025854563,0.4182466,0.016286619,0.31416288,0.011225308,0.34709364,0.024174431,0.34103867,0.017300297,0.29793233,1550.9725199385482,1419.2277519665258,1397.0110353005239,1057.5133299287218,3226.811305732484,2682.8668339241945,0.12489425756369427,0.1602178168120713,0.08312969,0.12486402
1-84536-A-39.wav,glass_breaking,-280.3586,136.70941,12.910803,15.311197,3.6868434,6.677836,1.6561443,8.608252,3.0876162,5.468446,1.4773014,4.949632,2.3793035,3.6748343,2.1231275,4.2553763,1.41087,3.2890477,0.49981135,4.3524194,2.305338,3.4533236,0.45272928,3.2358541,1.1972724,2.5654933,-0.8491254,10.323713,-0.16663475,2.0081725,-0.08146381,0.8608263,-0.073226124,0.97361636,-0.071043685,0.7864522,-0.024601676,0.6768285,-0.032771174,0.39810058,-0.039827783,0.57334465,0.0031006383,0.40581676,-0.024101673,0.63787425,-0.022701038,0.48078755,-0.023992289,0.4683646,-0.004129364,0.35710743,-0.04745753,4.2920995,0.013684042,1.0277109,-0.019467548,0.5395471,-0.00071548426,0.49077153,-0.0021496047,0.5545058,-0.0025808127,0.44215295,0.015716152,0.28929678,-0.0060858703,0.36623797,0.013076303,0.3464869,0.019087654,0.3893054,-0.0023408502,0.31328782,0.002816388,0.3435506,-0.012522062,0.23386474,1510.7171995821088,1504.3660473859036,1301.2005704231963,1162.221125881847,3149.8805732484075,2990.6656070110193,0.13227134753184713,0.1804033308756945,0.038134903,0.08383783
1-84704-A-39.wav,glass_breaking,-333.8942,120.60948,5.9778337,11.77314,3.9193647,6.799925,2.8136392,5.9086123,1.8758662,5.4584737,1.5404255,3.9914675,2.3289714,4.3237867,1.967643,3.3626394,1.1233008,3.2090404,1.6757252,3.4015653,0.1690627,3.0788748,1.7821383,3.714742,0.4606779,3.1769714,0.5815579,12.923879,-0.061076783,1.6915483,-0.10521178,0.97586316,-0.09530398,0.8454119,-0.07985329,0.8317598,-0.06540681,0.5293323,-0.05544441,0.6138079,-0.05600037,0.43360683,-0.043541178,0.4671299,-0.040594958,0.5409951,-0.048663758,0.49113047,-0.03768103,0.55032164,-0.05490516,0.61676115,0.40486887,6.092282,-0.02548072,0.8049663,-0.1022839,0.74828327,-0.080911234,0.61596483,-0.06978896,0.5981656,-0.027247347,0.33162528,-0.05686572,0.51230735,-0.03917022,0.38839945,-0.012120806,0.2957784,-0.04774474,0.37578917,-0.029340297,0.33690807,-0.02279995,0.36993596,-0.057325553,0.50607777,976.8815446603082,1393.9635301639873,895.8287782841521,1082.953634462779,2020.3025477707006,2649.9934893610452,0.0859312798566879,0.15693003393806926,0.018420449,0.05650617
1-84705-A-39.wav,glass_breaking,-369.5359,101.46166,4.9545636,13.620182,0.6206869,4.2857513,0.74936885,3.0421026,0.7194897,2.7554736,0.37201267,1.812341,0.2196421,1.521229,0.1316857,1.4149243,0.007243957,1.5596472,-0.06767611,1.4479673,-0.31371522,1.0636606,-0.08924149,1.2225441,-0.39082292,1.3782964,-3.0376644,7.710021,0.076379806,1.8897625,-0.030252412,0.796975,-0.11810609,0.56614053,-0.058376726,0.2528791,-0.008385153,0.27296016,0.025866471,0.24651867,0.027108606,0.26007062,0.034387648,0.22928473,0.042826757,0.24044608,0.019050263,0.09510007,-0.011869999,0.168185,0.0049618324,0.20194237,0.19605549,2.1225557,0.02832802,1.1990967,-0.04177281,0.6531696,-0.012697475,0.29130217,-0.008886639,0.20276241,0.007090037,0.24072342,-0.0031165986,0.13282253,-0.0043227887,0.18957528,-0.0025985143,0.17562877,-0.009673503,0.12158156,0.0043224483,0.097755395,-0.0073839934,0.14434618,-0.005177627,0.1538179,447.10902002181376,1028.845244629245,378.9417319268202,838.2998518464506,914.9084394904459,2066.0656928881167,0.039541451035031844,0.099125076573866,0.012123346,0.06378444
1-85168-A-39.wav,glass_breaking,-345.65817,104.662285,4.6347194,22.251728,9.977049,9.85702,6.1595664,8.159571,6.75679,7.5919285,4.142429,6.7880917,4.3444066,5.22364,5.4898868,5.7109523,-2.3976057,4.296606,2.935136,4.053277,0.63092613,2.929086,2.5241785,3.179691,0.09605019,3.5355892,-2.6400268,4.0929694,0.115461335,1.700942,-0.010404454,0.83263296,0.060607716,0.7711856,-0.019717684,0.8240391,0.07002511,0.7371905,-0.00952799,0.5683181,-0.022741897,0.49462068,0.027306687,0.5105894,-0.011596458,0.45013848,-0.040164433,0.52069885,-0.0681181,0.47682363,-0.014288293,0.47203183,0.14337687,1.955395,0.069596894,0.7428859,-0.0125485165,0.74232227,0.04626044,0.5082197,-0.008573787,0.40809172,-0.0091120545,0.44906798,-0.025068562,0.4699983,-0.037551813,0.46658775,0.022689223,0.45148447,0.020200007,0.3349668,-0.03622305,0.41028193,0.001981966,0.30322725,-0.0072000325,0.32041982,2019.273590516386,1756.5916060193317,1490.165306808327,1054.1393063940798,3820.4617834394903,2778.836721510168,0.2086609275477707,0.2518610449547383,0.014272825,0.047230713
1-85184-A-39.wav,glass_breaking,-381.76453,106.755455,-0.35603485,5.0288863,1.1361619,3.761562,0.4392842,2.4918668,0.4458867,1.9843377,-0.59402,2.567032,0.16344282,1.1989957,0.77342397,2.4657595,1.1010535,3.6723413,-0.51975346,1.9521893,-0.04877442,0.9939417,0.2021607,2.065541,-0.92884994,3.1157198,-2.7807362,7.733048,0.029014245,0.75383353,0.0076136393,0.5729584,-1.1810831e-06,0.483936,-0.026346134,0.26043522,0.028354852,0.2767768,0.016007222,0.17085953,-0.03337212,0.24390979,-0.07252508,0.39354223,0.03034743,0.24880122,0.0047958936,0.12667611,-0.012623666,0.33416778,0.0028722088,0.482792,0.07954087,2.2705574,0.061508883,0.6701111,0.0050920164,0.26091522,-0.015484771,0.28577924,-0.031218274,0.2622678,0.03731461,0.2803519,0.011663271,0.13291755,0.009800387,0.14367643,-0.04754149,0.35244557,0.027559116,0.1778467,-0.024371676,0.1595848,-0.03619264,0.32155776,-0.0086064115,0.3069264,539.3508409015917,1389.178948578447,311.0063168912227,794.6807777833894,900.577229299363,2298.088345667641,0.0664124701433121,0.17706367503175693,0.01311584,0.051304284
1-88807-A-39.wav,glass_breaking,-431.18213,135.39977,-6.693098,19.783081,5.4908013,7.785795,0.19662344,4.927167,2.4688466,4.4579024,1.3855505,4.6209555,3.2514615,4.77619,1.31692,4.219382,1.9646,4.485661,2.1095965,3.9293537,1.7069515,3.7711222,0.6522847,3.6648653,2.1860569,4.379323,-0.057102278,9.966586,-0.15089336,2.2096314,-0.0768668,0.8338174,-0.026438158,0.85153294,0.0033241473,0.6581429,0.020357892,0.74118286,-0.01751719,0.562562,-0.013715607,0.6114995,-0.012010244,0.6503291,-0.0075097447,0.4616043,-0.008731256,0.46124336,-0.0058542313,0.5429045,0.006431777,0.5926876,-0.32412025,4.261022,-0.035722677,1.4246088,-0.019956913,0.7311472,0.009675925,0.519748,0.02060232,0.48931083,0.009967669,0.5368218,-0.00808102,0.3086857,0.016304616,0.47556034,0.0073927534,0.44706586,0.015465943,0.47940567,0.0066513163,0.35278875,0.0143337585,0.37785497,0.008999041,0.42553926,2066.035076694018,2210.3009573450313,1133.8387478312757,1137.5234536324444,3338.873407643312,3366.947450370496,0.22727159633757962,0.2884634976178079,0.0033062666,0.0067280685
1-977-A-39.wav,glass_breaking,-384.52847,62.86519,-5.5404778,17.089287,1.5507417,4.4045496,0.14424923,2.9846716,0.098132364,3.1209068,0.90827096,2.9249926,1.0845737,4.4697247,0.8850639,2.8995473,-0.60040766,2.5987515,1.8426273,4.44066,0.08811133,2.9868329,0.25488102,2.172645,0.53178495,1.6078879,-2.1667202,5.6613,-0.016618012,2.4334435,-0.031088337,0.4027561,-0.035818215,0.2593122,-0.030164652,0.53106123,0.03704797,0.49310994,-0.058167484,0.7584612,-0.0723153,0.5764727,0.04493668,0.21836026,0.021317864,0.66085374,-0.11044953,0.81892574,0.03002158,0.36176193,-0.027765287,0.14224327,0.32270807,1.6089797,0.22173078,1.166265,0.023879582,0.4039121,0.046453044,0.3771499,0.059589133,0.34534967,-0.023230173,0.18787472,-0.024134655,0.487986,-0.0026919644,0.37496388,0.027428402,0.23370603,0.029692966,0.36454967,-0.015710417,0.42592782,0.026244968,0.30461797,-0.016672308,0.1734897,1234.431046000967,1991.5978026175853,614.888118937511,1002.526695213506,1887.2412420382166,2995.9745867323486,0.14020825039808918,0.23925549463035153,0.00494234,0.026045714
2-106881-A-39.wav,glass_breaking,-231.01369,127.40913,12.09528,15.880899,-15.282614,13.854215,0.06552251,7.3378143,1.2815869,5.2343636,-3.8067238,4.9718137,-2.6536434,4.99071,-0.9015195,4.6114717,0.39604434,3.1794658,-0.97866863,3.123156,-1.3132715,3.172128,-1.5369052,3.1544387,-2.1583328,3.2282443,-0.85947007,12.070883,-0.3313498,2.787008,0.0078113214,1.4794736,0.052474704,1.1544807,-0.034890264,0.8254516,-0.034546196,0.7646014,-0.0113871535,0.9030491,-0.0046119085,0.6949363,0.0007915064,0.49803364,0.011075469,0.44388077,0.027192626,0.47689238,0.00537402,0.54174435,0.021351691,0.41285613,-1.3116474,9.074928,-0.060292043,1.7339485,0.02807964,1.1382054,0.005825576,0.76469207,0.01469523,0.5596837,0.03795475,0.55328363,0.025870457,0.62861073,0.028664619,0.5302144,0.0005258861,0.38555056,-0.005358457,0.3464774,0.008341565,0.39438552,-0.0047941916,0.3685257,0.0051107644,0.32680872,2226.865669433103,1222.4626474942063,1568.084426959016,818.4197449311404,4145.501592356688,2251.608267705485,0.1986153960987261,0.12022813977272258,0.019293822,0.034318533
2-112213-A-39.wav,glass_breaking,-159.83267,119.725586,-15.863792,20.632034,-4.4611177,12.283667,7.107761,6.1434875,0.05574756,6.069472,2.747907,4.7816615,1.737267,5.5212507,3.5198727,4.3822722,2.8395224,5.0027275,2.7114441,3.638743,0.025451709,4.434897,2.2187634,4.2173867,1.0608933,5.1924863,0.73259693,20.602213,0.13782933,3.293386,0.08397925,2.3635645,0.042182997,1.0015104,0.0017534631,1.0790323,-0.084846176,0.83067167,-0.074906334,0.9787383,0.018648755,0.6218374,0.01158683,0.8181798,0.00875852,0.5408474,0.046119284,0.7247978,-0.060892124,0.6561506,-0.065970294,0.8139285,-0.08250551,9.781708,0.025646787,1.479082,-0.03253788,1.1460879,0.010799453,0.6216761,0.019859705,0.56812334,0.03064794,0.52661407,0.009722654,0.5031361,0.025562603,0.4084219,-0.020735608,0.44769427,0.013474906,0.4230414,-0.037671454,0.40015087,-0.009210802,0.4328384,-0.000782997,0.422319,3751.8105482123806,662.3146721186673,2007.2795876834325,226.94849571065768,6120.521496815287,734.6302217677564,0.4414746715764331,0.11851452412022342,0.05997711,0.059420504
2-112213-B-39.wav,glass_breaking,-214.0361,142.40154,-26.431404,24.42537,1.3399776,12.0971155,7.352153,7.392453,2.6511056,6.3573956,5.492094,7.965509,2.88053,4.8058987,3.570129,4.6368685,3.6195068,6.0875764,4.883141,4.445221,1.4473388,3.9517357,1.3834314,4.719962,-0.8878479,4.394766,-2.012416,18.864922,0.09592999,3.4460797,0.042363312,1.576156,-0.07421718,1.1435941,-0.045062467,1.0216101,-0.10968898,0.9522293,-0.061138097,0.63384116,-0.033418648,0.62207156,-0.0057928767,0.85536104,-0.027462589,0.753566,0.016027113,0.72991437,0.030620882,0.74716276,0.07188005,0.7376493,0.075059384,8.122151,0.017195221,1.4325316,-0.0101315975,0.8392979,-0.02033148,0.744481,0.020974766,0.6974708,0.0069540907,0.5340418,-0.00499623,0.4936515,-0.012960604,0.42596108,0.0022251804,0.49120906,0.0076862914,0.40506193,0.017738424,0.5131945,-0.004675792,0.45925394,0.0004925811,0.41018268,3874.4327722513517,1055.5934198702994,1934.8766722450066,490.2261656431721,6139.53025477707,1376.5316936644333,0.45304413813694266,0.16377233888747914,0.05244447,0.062187146
2-141563-A-39.wav,glass_breaking,-353.9936,175.82173,-2.9230952,8.02617,2.8919382,6.74642,5.2206216,9.083487,-0.028659578,2.5936978,-0.8182484,3.3042712,-1.3150669,2.7923467,0.13011657,2.7611043,-1.2950497,3.0224886,0.13836722,1.8027437,0.13166198,1.5353569,-0.13686664,1.6992999,-1.6566131,3.179651,1.0514702,17.689922,0.045640375,1.413513,0.031492475,1.1636469,0.06644198,1.277509,0.0077330717,0.5245633,0.015002096,0.50781095,-0.0024183001,0.34819573,0.015502274,0.5231515,-0.0011744803,0.3831115,-0.0016758831,0.29925254,0.0026688257,0.2025244,0.0031449036,0.2552353,-0.00398098,0.34789506,0.3033271,7.121026,0.011735163,0.8506015,0.008845895,0.5761713,0.027737169,0.59023595,0.0066278665,0.43181527,0.010457398,0.29274574,0.0010141567,0.22509408,0.0031539893,0.24274817,0.004497285,0.25325128,-0.00080158754,0.1945078,0.0045482097,0.20679058,-0.0032793505,0.18619509,-0.0046357303,0.24350715,1223.2130449409576,1802.980273649876,662.341103749897,974.7965433457852,1994.0286624203823,2924.1126151299145,0.14577527866242038,0.21984035091808135,0.019731535,0.031581152
2-173559-A-39.wav,glass_breaking,-249.30058,139.18124,10.447465,10.2835655,0.63908607,8.807919,3.0274968,6.721028,-1.0161263,5.951544,-1.0405354,4.8535542,-1.0381874,4.5365214,-1.2029195,4.141111,-2.3110526,4.661795,-1.1191541,3.699853,-2.0786223,4.641984,-0.95554775,3.683519,-1.438173,3.3428826,0.41852555,14.656363,-0.012739306,1.8768054,-0.07741341,1.4471483,0.043769922,1.1196835,-0.011343111,0.6990282,-0.053227484,0.6096403,-0.0236671,0.62553644,-0.0037210535,0.52866185,-0.024722388,0.6338741,-0.00398036,0.41576904,0.020045457,0.6512042,-0.006197398,0.52830803,-0.0049750637,0.44997627,-1.12773,5.683757,-0.07921949,1.2306647,0.08337147,0.9673727,-0.03984215,0.6880909,0.044439953,0.45834622,0.030756574,0.4775129,0.031986795,0.40446022,0.026579997,0.39024177,0.045428038,0.47926033,0.016551215,0.33762145,-0.005531071,0.40939975,-0.010552384,0.38921246,-0.008709137,0.34314612,2910.7438332935585,692.8527415629833,2198.2062786490583,181.68489132656595,5639.928343949045,751.9326875201464,0.2640015425955414,0.1699143160758306,0.022760259,0.04576083
2-173607-A-39.wav,glass_breaking,-266.12003,123.04528,1.0547214,14.3766985,6.4922576,6.1967463,2.5735247,4.870849,-2.0279157,4.87051,-2.2052379,4.0837975,-2.7125454,3.7635913,-1.3088708,3.6438837,-2.2145479,3.2098057,-1.7425518,2.9346375,-2.0152426,3.0403016,-0.43274704,2.9429486,-1.1968344,3.0485618,-1.7567463,5.348542,-0.15496382,1.6176562,-0.09273892,1.0661157,-0.030417595,0.71030974,-0.029468695,0.47527328,-0.029175946,0.5495788,0.0015266857,0.5056146,0.030360386,0.561322,-0.030029345,0.5454368,-0.00992932,0.4670505,-0.0021647406,0.42775825,0.00070346694,0.3877476,0.012809076,0.44204608,-0.7336564,4.7104425,-0.025783949,1.048519,-0.002042031,0.6390094,-0.0072925407,0.44338292,-0.0015126509,0.28344515,-0.0048037963,0.33113265,0.003001799,0.33383396,0.0016370777,0.36569425,0.011084955,0.33135775,0.021466296,0.3217184,0.0081960475,0.30099025,0.011348446,0.29890648,0.0102867605,0.31387278,2882.4950232487363,1353.9442020307797,2015.5241692413204,563.0849694144595,5268.710191082802,1856.1849906070086,0.2854921377388535,0.2288976773296661,0.018685741,0.045584153
2-173618-A-39.wav,glass_breaking,-165.24416,129.88116,-2.2905717,12.521122,-0.4377175,8.13363,2.5114584,5.8918138,-2.022917,5.1893764,0.4992788,3.8199034,-2.2193966,3.5784752,-0.43307087,3.1764383,-2.083419,3.0380006,-1.9322222,2.761194,-2.1400833,3.1667407,-1.0239903,2.8493326,-1.7049141,2.3635607,-1.6014334,6.2801113,-0.08203137,2.1166012,-0.13212854,1.3214706,-0.023588251,0.80796826,-0.04162924,0.67192227,-0.0069488175,0.43107602,0.012288805,0.5273156,0.06668011,0.481506,0.015668852,0.46361235,0.0020704498,0.46124437,-0.010625138,0.4421907,0.019394325,0.34031668,0.002695042,0.3182512,-0.71777767,4.351585,0.13067926,1.1450807,0.08216976,0.9244067,0.023974935,0.5776159,0.050835405,0.42566353,0.0070953993,0.355422,0.036962066,0.39118144,-0.010334612,0.35330442,-0.034993134,0.32415578,-0.02496469,0.37196666,0.045093328,0.3609287,0.012170453,0.32746062,0.0093890885,0.27573094,3664.489291967142,550.65002359429,2112.7844365776746,151.88183044193232,6172.870222929936,624.5387468163607,0.4397765724522293,0.09908197349540884,0.06827142,0.08713133
2-250710-A-39.wav,glass_breaking,-275.46213,108.47639,4.188352,17.311443,-4.991936,10.232443,1.5123862,7.1934524,-2.6638725,8.170334,0.068061,8.852359,-0.25439814,3.2581785,-2.8159635,5.0499988,2.4694264,4.5119314,-1.4183466,4.206107,1.8351219,3.8305228,0.73565894,2.5308423,-0.7367543,3.1681433,-1.1386683,9.904248,0.025415143,2.5771189,0.07689044,1.5273632,0.012591631,1.3063669,-0.0012212696,1.1562958,-0.04338974,1.0168439,-0.02396035,0.59568965,0.016538195,0.788424,0.0057705343,0.6875463,-0.017211296,0.536956,-0.01750676,0.5018012,-0.011529679,0.32843295,0.0058389357,0.56477827,-0.9803192,7.6278176,0.044063807,1.2302908,0.094605595,0.8087861,0.03749036,0.6266143,0.056933094,0.5424436,-0.017557764,0.5267674,0.018322123,0.40323117,0.035686508,0.40186673,0.011421724,0.36131343,0.008965867,0.27027974,-0.017934904,0.33854333,0.005407692,0.25289994,0.04367143,0.3997722,2111.0749670382684,1678.6753132827725,1315.935512361561,1011.0841736833949,3710.390127388535,2898.1890343131045,0.2724733777866242,0.2374091651422155,0.01774392,0.037072074
3-203371-A-39.wav,glass_breaking,-314.68164,115.50841,5.847006,12.684156,1.381586,3.7825153,2.9290557,6.0383883,1.922865,4.191247,1.6705946,3.4981704,1.8467555,4.2710443,1.3345623,3.1271245,0.9623877,2.5799286,0.7627348,2.0818694,0.45896327,1.7356906,-0.06009391,2.1481552,0.22596855,2.0614223,-2.0297642,6.0481663,-0.23832229,1.8342799,-0.08766615,0.5305633,-0.0952634,0.6779107,-0.05271561,0.4423249,-0.047829367,0.28244072,-0.030548722,0.46230873,-0.034934856,0.33184755,0.007080338,0.2682989,-0.0162873,0.29751888,-0.02292131,0.2704606,-0.012607356,0.32624564,-0.02003441,0.35256472,-0.42280123,3.318924,0.09694282,1.1173402,0.027134111,0.3301224,0.005761461,0.41784713,-0.020599607,0.33822533,-0.009793652,0.2798738,-0.01848292,0.32961527,-0.002343764,0.19533409,-0.010304218,0.18790281,0.0049386746,0.14626758,0.010889517,0.19423118,0.019452715,0.14863436,0.0041267932,0.2175614,579.8497315583477,1094.8327864406767,564.8080509562998,974.4083027549839,1273.2882165605095,2278.3515267559183,0.036773487261146494,0.09596406057588185,0.023992104,0.064901255
3-203373-A-39.wav,glass_breaking,-400.23282,105.607346,-2.1631474,8.893232,-0.47408563,4.1642914,0.47189942,3.7035728,0.8942498,2.954851,0.66362476,2.4919288,0.9971987,3.0625112,0.6891211,2.2995403,-0.25924805,1.7990448,0.9030416,2.6746078,0.23677121,1.7282388,0.5020209,1.7279241,0.020709151,1.5751202,-2.6845498,6.244749,0.16914384,0.9749267,0.019088577,0.58645445,-0.07613979,0.76423687,-0.009594948,0.35849938,-0.033289142,0.42350405,-0.008329951,0.43031862,-0.002815482,0.26054573,-0.0080013685,0.292176,0.025543973,0.4581744,-0.060474895,0.38543335,-0.047440898,0.21377158,-0.011940875,0.31401566,0.11718022,1.6421937,0.0493799,0.531812,0.04411087,0.5669952,0.020798333,0.35310465,-0.0018025477,0.29162043,-0.0030248142,0.19774675,0.018776547,0.32704255,-0.017609255,0.17746261,-0.0011732681,0.18516216,-0.0076151895,0.14971946,-0.010245989,0.18369114,-0.004166799,0.16217759,-0.014334135,0.21866652,613.5251045889403,1418.493407684426,351.25888402296573,792.4599309911754,1026.0748407643312,2319.7533408688328,0.06921153463375797,0.17313230317118453,0.009820422,0.03770126
3-203374-A-39.wav,glass_breaking,-363.74893,112.420494,-1.8089297,8.570287,-1.0734744,3.2013857,-0.09186726,2.3018365,0.77454257,2.4093378,0.489608,2.2005339,0.47449386,1.9485198,-0.17344457,1.5138559,0.014781578,1.3127644,-0.19559428,2.020534,0.20468937,1.6817255,0.31715393,1.5333523,-0.61663723,2.0741408,-2.7555397,8.3886795,0.026483184,1.3077073,0.040410716,0.2774942,-0.0019643458,0.44724128,-0.025695853,0.27742782,-0.0051456774,0.40881273,0.027270505,0.37015498,0.009953535,0.25517204,-0.02203062,0.13448192,-0.008700648,0.33770442,-0.013338918,0.25802127,-0.03652322,0.27313024,-0.002709413,0.28498664,0.08254025,2.816497,0.028387057,0.56863785,0.018380117,0.25519052,0.0008571771,0.29239935,-0.04300888,0.3468381,-0.025717558,0.23404835,-0.015483719,0.2115499,0.027735345,0.24373323,0.006637555,0.15875031,-0.034334376,0.2541825,0.015318449,0.2102698,0.006622906,0.18827906,-0.018626248,0.20260784,677.2434010792717,1507.6161130480084,379.3106989023745,836.2619403481967,1140.9235668789809,2511.5356811792108,0.08177622412420382,0.19036752844229918,0.011994343,0.043143127
3-203375-A-39.wav,glass_breaking,-362.66846,123.335915,1.2673501,12.381604,-1.0502957,7.8138924,0.9393443,3.46779,1.0579169,3.3655841,1.2586582,3.1547303,1.4885404,3.6388547,0.8399965,2.8800762,0.68669474,2.5163856,0.249625,2.2770135,0.5745907,1.7794703,1.0449431,2.2520487,0.6311488,2.2650032,-2.8413363,5.116639,0.08183824,1.5881646,-0.004388525,1.2099872,-0.02014663,0.51075757,0.008901818,0.4474688,-0.032801844,0.44032556,0.021841949,0.47743496,-0.012067077,0.37041032,-0.010105361,0.3656365,-0.019946994,0.35398898,-0.013335955,0.24742313,-0.013950141,0.21775556,0.0052002124,0.34855935,-0.09780817,2.2293193,0.05663685,0.9418138,0.0037992168,0.5413785,0.0062766024,0.27249864,-0.005107005,0.35307482,0.0008166945,0.2835128,0.003986784,0.3134524,0.013673799,0.21303734,-0.011619404,0.25908878,0.031618927,0.26369697,-0.017509252,0.15919591,-0.0027162088,0.14640914,-0.00019102264,0.26613778,862.5021189727802,1494.0959038382066,610.7070178957077,956.4399846766619,1566.281847133758,2578.664717002169,0.08752985668789809,0.18388567561362112,0.015262189,0.054308265
3-203377-A-39.wav,glass_breaking,-417.34006,121.79906,1.3881627,7.031229,-0.71420884,5.0236225,0.06005727,3.2593324,0.7753724,2.8654914,-0.12060678,2.0536048,0.56715995,2.4336321,-0.41399983,1.774286,-0.072200984,1.214671,0.11878881,1.6022623,-0.63792664,2.0785663,0.18673082,1.667794,-0.47559533,1.7927666,-2.8020718,6.863649,0.079557374,1.1161896,0.024064917,0.8960165,0.03221766,0.5101804,-0.021125633,0.48997176,-0.009911515,0.33863133,-0.025855532,0.40486988,0.015453431,0.16935751,-0.008708849,0.17627518,-0.03438472,0.2675344,-0.0048720543,0.26008826,0.006945349,0.2282224,-0.007924983,0.2502968,0.14902996,2.5743558,0.04682383,0.9862336,0.0009988797,0.7080215,-0.019534752,0.35425758,0.0058487765,0.30999622,0.012911914,0.21842355,-0.022573141,0.35851794,0.004630993,0.110714875,0.008052289,0.17945436,-0.012941667,0.25836477,-0.016286282,0.19511193,-0.004474081,0.23818497,0.019536274,0.15983741,605.6593880554425,1330.7454028710367,402.065135240535,871.969048432297,1101.1146496815286,2397.499106809017,0.07152542794585988,0.16100507556878088,0.00630191,0.024292752
3-216280-A-39.wav,glass_breaking,-476.81946,72.612404,-4.917747,16.48586,0.33472273,3.3756504,2.303392,6.624161,-0.57623494,3.0860503,0.7404002,3.605028,0.35267258,2.1878958,0.05087032,1.5184219,0.8022475,2.6575584,0.03904707,1.0912027,-0.36133084,1.7599859,0.5438129,2.2879076,-0.46341205,1.7505813,0.027712192,10.929654,-0.012941813,2.5371506,-0.004757532,0.6732991,0.0129186185,0.96242005,0.01281806,0.5816153,-0.0062475605,0.6202153,0.0028461285,0.38613588,0.006398784,0.21186663,0.012961953,0.3580463,-0.0056098932,0.113358065,0.0006420658,0.26320297,0.014898977,0.322685,-0.0012337327,0.23272811,0.02519331,5.287408,-0.011765304,1.0949187,-0.0043250285,0.4641674,0.011744213,0.4262406,0.011652793,0.28433883,-0.005679604,0.28720707,0.002587393,0.22632909,0.0058170836,0.17155075,0.011783601,0.23658521,-0.005099907,0.14977795,0.0005836958,0.20512857,0.013544535,0.33341926,-0.0011215749,0.19642852,620.5394321758076,1477.9932050070247,297.053870700962,727.930988052658,969.0485668789809,2302.081475135656,0.06896272890127389,0.17282963369926405,0.0021901613,0.011859276
3-216281-A-39.wav,glass_breaking,-380.34378,45.062588,-3.3653708,10.198486,-1.3681028,4.4938717,1.4436797,4.710268,-0.828778,3.514348,-0.8348443,2.636176,0.6327153,2.341724,-0.13587724,1.8764505,-0.27509937,2.6744542,-0.09707277,1.5900506,0.28790545,1.482577,-0.6177932,2.5463107,-0.40147808,2.4743476,-3.2069804e-07,7.884174,0.0,1.4539775,0.0,0.6328509,-3.0371794e-09,0.6856812,-1.5185897e-09,0.43291408,-3.7964742e-10,0.34824485,0.0,0.3967657,-1.5185897e-09,0.32818234,-3.7963843e-10,0.47920707,-7.118389e-10,0.332419,5.6947114e-10,0.1738613,0.0,0.42663497,-1.1389423e-09,0.43433276,-5.178534e-07,5.28582,0.0,0.63008755,1.5185897e-09,0.3292695,0.0,0.3670742,-6.074359e-09,0.4591093,-1.5185897e-09,0.19873975,7.5929485e-10,0.21953213,0.0,0.26394767,3.2281095e-15,0.24874881,-3.7964742e-10,0.18366182,-7.5929485e-10,0.14870611,3.0371794e-09,0.2644287,0.0,0.27220777,814.9357826086496,1589.6027360896558,439.9435408255947,871.1706279470538,1363.156847133758,2658.532412807701,0.10402567675159236,0.21432100613031668,0.0040178453,0.026604304
3-216284-A-39.wav,glass_breaking,-417.4268,57.88173,-4.4047184,13.87907,-1.2701229,5.205505,1.267924,3.9156957,-0.6253799,2.9023585,-0.98045564,3.3026636,0.599655,2.8105204,0.39444438,2.7731993,-0.4001423,2.6305091,-0.35831407,2.6390576,0.37823576,2.0923686,-0.6330432,2.678978,-0.2450288,1.7235708,-7.4339636e-07,9.285951,-1.3667307e-08,1.9901074,0.0,0.67013645,0.0,0.4881942,1.5185897e-09,0.31400198,-1.5185897e-09,0.42104784,0.0,0.5076753,-1.8982371e-09,0.5356236,1.5185897e-09,0.48079365,-3.7964742e-10,0.4109213,0.0,0.38933367,1.5185897e-09,0.3605254,0.0,0.28282142,-2.6675272e-07,5.817061,0.0,0.7109183,0.0,0.6041047,0.0,0.2639986,-3.0371794e-09,0.33587223,0.0,0.22193821,-3.0371794e-09,0.35976115,0.0,0.34904164,-4.555769e-09,0.35144386,0.0,0.29466376,1.5185897e-09,0.25360635,0.0,0.2575997,7.5929485e-10,0.15625367,600.7584882020275,1426.8024861930267,304.41207513309314,736.403864360207,965.9633757961783,2292.360920149515,0.07168715167197452,0.17484097793606945,0.0036062459,0.02244118
4-204115-A-39.wav,glass_breaking,-464.7097,156.73192,1.5104398,8.434481,1.0284424,3.5413203,2.7479653,5.67578,-0.5065242,2.7314396,2.0486677,4.168126,-0.8756714,2.801965,1.222295,2.7156415,-0.48871928,2.2248974,0.6558936,2.1074717,0.32249314,1.8673528,1.044822,3.1309094,0.40140763,2.194601,-2.2314792,9.578497,-0.15928857,1.7525818,-0.056826342,0.5077537,-0.018196143,0.6903864,-0.0041600885,0.51135445,-0.03493142,0.54424727,0.043618146,0.38497502,-0.030812303,0.38048092,-0.003303947,0.36168218,-0.011800003,0.25399294,0.009625873,0.31990665,0.012119606,0.48671973,0.0027346762,0.3860044,-0.57224596,4.958413,0.107188895,0.9689457,0.009924043,0.4121208,0.012686845,0.45360595,0.021880586,0.25967914,0.036070455,0.37772253,0.028749593,0.28193092,0.020440353,0.24230151,0.026763154,0.24818729,0.030519297,0.26370877,0.014866287,0.22333486,0.02338411,0.38622752,0.0268277,0.28891537,977.2956542241134,1575.8521047781087,594.0324322503386,943.341721557737,1649.3829617834394,2620.3950319263417,0.10945586186305732,0.18689586596563482,0.0021997748,0.0059598344
4-204119-A-39.wav,glass_breaking,-442.64694,138.51454,-5.4046535,12.084261,1.018918,3.701088,0.8561361,2.5688705,-0.78686905,2.1534595,1.2650293,2.9261432,-0.16991231,1.3645992,1.2952739,2.775825,0.061777078,1.5330728,0.957446,2.1971023,0.801122,2.1316836,0.4676821,1.6844012,0.28385717,1.6958786,-2.4742298,7.447683,0.13259971,1.1082577,-0.079250336,0.71745414,-0.03973304,0.4123595,0.02630003,0.2689039,-0.026322534,0.31329662,0.037125442,0.22460297,-0.022595782,0.2632484,0.017294316,0.16628838,-0.008742363,0.2364743,-0.010649707,0.30125988,0.03586335,0.352803,0.024233287,0.33775765,-0.36872423,3.9698024,0.056622166,0.49926656,0.04587763,0.34581667,0.036533814,0.26960438,0.027042655,0.23210287,0.03778286,0.31634086,-0.014506793,0.124574,0.011672933,0.1792197,0.008529256,0.15859,0.025854805,0.24791098,0.022426995,0.2486469,0.0013790297,0.14618301,-0.0033356696,0.17091258,983.183129683161,1809.1802572778258,439.561194834936,810.2104481059505,1462.7786624203823,2683.25568829147,0.12006742635350319,0.22776112527782777,0.0046050623,0.013691352
4-204121-A-39.wav,glass_breaking,-428.3678,143.06366,2.136466,20.382107,3.016331,5.092668,3.7219946,6.5697384,-0.8979856,3.4789333,3.0150015,4.674582,0.14143269,2.720253,2.2411344,3.6107337,0.8926253,2.7006118,1.7171322,2.9022033,1.2703439,2.0837367,1.0379559,1.972756,0.49713892,1.7714183,-2.2980275,6.7935686,0.021030912,2.0223036,-0.07358241,0.6911507,-0.0039184745,0.7970646,0.027893871,0.40633103,-0.020755224,0.43809173,0.03223078,0.46551746,0.00015936232,0.46225473,0.010419854,0.36317158,0.018229842,0.38078403,0.004014575,0.22901288,0.0054435865,0.24014054,0.00424709,0.2528009,-0.49837726,4.0192566,0.15049365,0.94850194,0.049413584,0.4132465,0.042841606,0.48265544,0.038200058,0.27998865,0.01494276,0.25235423,0.015216394,0.27829638,-0.0028246448,0.24469957,0.019228583,0.24145807,0.0057913847,0.21562007,0.0052879965,0.17639714,0.009299126,0.17969993,0.016649129,0.24265532,1357.1677700356797,1732.1074588816277,871.3825557404848,1033.642461538081,2406.548566878981,2872.5165338066154,0.1360034335191083,0.20619274853940697,0.0033003087,0.009250974
4-204123-A-39.wav,glass_breaking,-435.32623,139.13069,-0.08879182,18.877111,2.9814286,6.5177374,2.6410992,5.0227604,-0.72767687,2.932078,1.4837514,3.153622,-0.8104643,2.7094753,1.9289668,3.227674,0.19378433,1.6356128,1.8208699,3.6393106,1.5255835,2.9872417,0.8369372,2.2156153,0.45427102,1.8950467,-2.466,6.265325,0.17231189,1.9701226,-0.025405223,0.95392716,-0.048954003,0.54849035,0.0066151405,0.50044715,-0.01999227,0.43082485,0.019289155,0.43168887,-0.03018289,0.2806206,-0.009396018,0.26445127,0.006572013,0.44379067,0.013613443,0.35630628,0.024122681,0.31720477,0.017875357,0.2802668,-0.33856538,3.418069,0.06289262,0.8083329,0.029477583,0.43497258,0.054981753,0.40895173,0.025820225,0.2693429,0.015061862,0.1953743,0.021532958,0.25360388,-0.005416551,0.17865863,-0.0057200855,0.20798443,-0.013490631,0.24417138,-0.0045307637,0.18703248,-0.0026151123,0.21745896,0.016965756,0.21389847,1156.955005972207,1763.318143871714,669.1431993178406,960.0328121312815,1938.59474522293,2799.7238979118047,0.1276186803343949,0.21688464077864578,0.0035557072,0.010749937
4-204777-A-39.wav,glass_breaking,-70.29195,105.892975,-11.297235,18.349195,-2.7379618,12.051378,5.5571256,8.477057,-1.4466933,7.2020035,2.6602094,6.3352227,-1.4184662,5.5158887,1.5638591,5.7969246,-0.4229768,5.836813,-0.34892434,5.560019,0.08100371,4.528792,0.6629085,4.9227223,-1.4237741,3.98414,0.09812294,19.472248,-0.054228522,3.1500719,0.006900125,1.7840279,0.08300596,1.1554184,0.030775908,1.1777161,-0.07479089,1.0897671,-0.0050212047,0.9012327,-0.00036023377,0.7999599,0.013787045,1.0058721,0.008055353,0.83692396,0.041146103,0.7109555,0.010268769,0.85575205,-0.0020964951,0.6691767,-0.11843435,9.843992,-0.0406043,1.9802105,0.026283689,1.0395905,-0.025507709,0.9004697,-0.06285741,0.82587767,-0.034939244,0.6753942,-0.03053917,0.64198095,-0.030807944,0.48728487,-0.0015927849,0.66813034,0.01916833,0.6182729,-0.00768915,0.4752689,-0.022638613,0.6137804,0.038129155,0.4612347,3738.0835772406795,569.3913994132861,1977.1842032874997,208.06534992779424,6067.675159235669,658.0375179061665,0.4712753781847134,0.09697688933696146,0.26341873,0.23173477
4-204777-B-39.wav,glass_breaking,-82.732834,124.51833,2.433954,17.639431,0.43985263,7.4095993,3.0977674,6.1252995,-1.2917275,5.0962114,0.31226078,4.679434,0.46685606,3.986486,2.0383184,3.698357,0.30677274,4.4949784,0.61375296,3.5978918,0.46724916,3.6308875,2.224874,2.9343078,1.9435363,3.680767,0.050295886,14.982563,-0.24707586,2.752001,-0.062776305,1.1613804,0.06861203,0.9046681,0.15654673,0.91217625,0.12794943,0.68874586,-0.006333734,0.6415079,0.06551566,0.5815997,0.06781979,0.834173,0.051754344,0.4805212,-0.008185615,0.46726954,-0.0018121254,0.41290352,-0.004051913,0.5431959,0.17807865,8.200334,0.14236899,1.503234,0.003109916,0.7445481,0.025320372,0.6799014,-0.003679356,0.5003004,0.004385965,0.45316806,-0.02658988,0.52458185,-0.005588433,0.42174384,0.009726595,0.47974676,-0.024095794,0.39552376,-0.023063246,0.43038112,-0.021440411,0.36887792,-0.009801318,0.33840418,3470.754035970996,591.0014013924032,2182.64909977954,156.08542192348438,6172.372611464968,476.8586756585472,0.3977719446656051,0.1241814136617389,0.24199244,0.25487506
4-204777-C-39.wav,glass_breaking,-127.27533,170.31882,4.4789066,8.250847,-2.1645236,6.8932767,2.7368972,4.9829564,0.3376541,4.599783,1.0041082,4.6722445,-0.5071506,3.7252262,0.085681304,2.764663,-0.05498817,3.2735589,0.6146325,3.205673,-0.59591293,2.5344205,0.4362225,2.7099175,-0.51356435,3.2098591,-2.4643855,16.835003,0.015183236,1.330893,0.006546306,1.1085548,0.0085715,0.861732,0.015253246,0.7873804,-0.030132819,0.8132884,-0.0131199835,0.5493322,0.007722894,0.4385044,-0.019688305,0.607089,-0.0061384887,0.45381325,-0.011379251,0.41185004,-0.015808702,0.46205127,0.011663097,0.56702095,-0.012753104,6.820878,0.038765226,0.9024562,-0.015456435,0.7623412,0.0010089381,0.5595444,0.0042535015,0.4779915,-0.0042737457,0.5401431,0.0065928423,0.41486397,-0.0081751775,0.34686542,-0.006983151,0.3826862,-0.0056534456,0.34084368,0.00032975833,0.33270732,-0.014037585,0.32248828,-0.018279286,0.39313743,2256.738821502381,1617.5555026023146,1456.2970977142961,1031.8769456269192,4060.609076433121,2883.653718403174,0.24983205613057324,0.1885015599638776,0.24323423,0.29032156
4-212698-A-39.wav,glass_breaking,-334.7037,75.6792,13.346098,19.851198,2.9239933,5.5608473,-0.87875617,3.235335,0.38248268,2.0391357,0.5588097,2.080993,0.104025885,2.5799623,0.7418993,2.980369,0.3010976,2.1259146,0.53823304,2.2280893,0.39228943,1.8201452,0.8850628,2.020478,0.5987687,1.615656,-0.24714792,7.2043242,-0.25006446,2.4268944,-0.09645615,0.67111707,-0.007578751,0.39659926,0.00017273502,0.30326596,-0.024284588,0.31072608,-0.029748492,0.38053715,-0.0492953,0.3985436,-0.027081305,0.29992607,-0.027483387,0.28642875,-0.0032016586,0.27685678,0.00073818566,0.24062656,0.001297887,0.21727397,-0.09274436,3.9240685,0.0062235813,1.29705,0.008576514,0.36879373,0.0038426935,0.2580465,0.004683134,0.17555384,-0.0030317055,0.28320348,0.005851473,0.24808921,0.00015030697,0.22683527,0.008014537,0.22231369,-0.0015004334,0.20772825,0.002304572,0.17377596,-0.010233592,0.18568355,0.005327545,0.1809908,1209.5820411881925,1437.119365660623,1050.4379640631648,1117.5297600350148,2559.812898089172,2792.2557297702433,0.10031847133757962,0.15783835040982128,0.0053694765,0.029534025
5-221528-A-39.wav,glass_breaking,-375.1985,79.57523,6.5085244,13.989823,5.7933187,8.905041,3.096184,6.0682263,2.8332117,4.3366303,3.1047704,4.6061144,1.8849305,3.9427552,2.0406625,3.8596523,1.8732455,3.0708847,1.7716635,3.0133479,1.3930347,2.5390801,1.1341976,2.335845,1.0933084,2.0782635,-0.22622125,10.142138,-0.16855533,1.8219901,-0.026275622,1.006157,-0.08892861,0.7283597,-0.088427864,0.45390466,-0.01542041,0.4361007,-0.054238524,0.48642167,-0.07979851,0.47928342,-0.0006179373,0.37397683,-0.0035244704,0.34484446,-0.045440182,0.31796497,8.308356e-05,0.3124347,0.019762529,0.29297012,0.03588842,5.2962937,-0.014278084,0.9980267,-0.05342311,0.51099986,0.014876955,0.30418333,0.032015357,0.33693516,-0.00850822,0.31754297,0.0031358665,0.30508515,0.017435782,0.3039747,-0.012849632,0.22712213,-0.0015174401,0.27357137,0.021040965,0.2144701,-0.0067937314,0.22495313,-0.020736119,0.18305314,808.5672715824221,1308.732922544807,787.3422315258008,1000.9206728401435,1585.5891719745223,2358.796965660501,0.059557872213375794,0.1386568927240975,0.0069197756,0.035777934
5-221529-A-39.wav,glass_breaking,-423.7418,121.4497,11.538647,24.457483,2.0219855,7.470272,1.3716565,5.450986,-0.45735517,5.164198,2.8094225,4.6591806,0.8371926,3.1038973,3.0746918,3.99627,1.2105619,3.519265,1.1342651,2.7906446,0.6397064,2.0916264,0.5573638,2.2040958,0.33959806,2.369824,-0.092477225,10.435875,-0.43132642,2.7049255,-0.16166319,1.6549561,-0.10068768,0.9836692,-0.07494718,0.8584327,-0.109899715,0.6518228,-0.026785692,0.4138119,-0.059438426,0.44853646,-0.017005308,0.57476234,-0.010690683,0.3977129,-0.008312608,0.2535094,-0.0063899686,0.3256962,-0.028661799,0.5069183,0.13572085,4.958801,-0.03298186,1.0929873,-0.052875046,1.1875362,-0.008680383,0.55918217,-0.01907129,0.47242445,-0.010229153,0.43583938,-0.030828826,0.3235963,0.004777889,0.24881607,-0.008690914,0.3641032,-0.012196362,0.3078958,0.008157483,0.21343853,-0.003249765,0.2791378,0.012746895,0.30563757,1197.5096265150491,1541.0528746926063,934.5688372259032,1016.179715855427,2231.7874203821657,2620.8000261301067,0.11185061703821655,0.1790590973112198,0.0031003195,0.010556072
5-233605-A-39.wav,glass_breaking,-387.26025,98.61342,-0.9253081,11.029764,1.0748461,3.7348833,1.2694545,3.2531853,0.412819,2.3661273,0.18011819,1.7829945,-0.74855834,3.5310931,-0.8507636,2.3961806,-0.7544165,2.654423,-1.0642061,2.933717,-1.1026094,2.621817,-0.7205452,2.226402,-1.1156068,2.6261466,-0.08438352,13.4549885,-0.05977796,1.9568915,-0.047220256,0.75095916,-0.043714684,0.34021255,-0.03151703,0.452072,-0.057603303,0.2817969,-0.026021987,0.6127982,0.0035677783,0.3510417,-0.0042930953,0.32979137,0.017203713,0.36473137,0.0057134144,0.31648946,0.0049732504,0.3204889,0.038973726,0.34587336,-0.040148336,5.892606,-0.047565535,0.83460224,-0.00810201,0.35146937,-0.0027131517,0.28799123,-0.0019247698,0.25378782,0.020175772,0.1668236,0.021708306,0.2744978,0.021266248,0.2327915,0.023271443,0.29441345,0.0122277085,0.25787342,0.0057107536,0.21851267,0.007069679,0.20503996,-0.009525784,0.18763348,806.5856141273911,1579.36408017237,471.0177615704315,904.6831981698516,1375.1990445859872,2623.8439760359797,0.08972556727707007,0.19077113361617828,0.014895244,0.07113744
5-233607-A-39.wav,glass_breaking,-358.95447,106.04148,-1.3611047,9.957644,1.2225829,4.3805256,-0.5559615,2.7436166,-0.4269003,2.9994326,-0.473275,2.331519,-0.9945309,2.7121296,0.12929547,2.225106,-1.0785383,3.0377147,-1.0818571,2.777004,-0.68837225,2.0078878,-0.86550504,2.0416517,-1.257041,2.8136587,0.11024028,13.61795,-0.28306612,2.283894,-0.036914535,0.79394186,-0.06317734,0.54459226,-0.06719048,0.687578,0.022483729,0.28029802,0.00023416046,0.37993875,0.024438838,0.45059538,0.07780868,0.51471996,0.081277885,0.49302158,-0.0010417008,0.25868818,0.032466225,0.19525826,0.039754447,0.23171571,-0.56205046,3.88105,0.010480615,0.85448825,-0.0066319406,0.3760557,0.004876432,0.14586999,0.019557364,0.19992436,-0.026969448,0.24447635,0.0060228705,0.16135079,0.028186604,0.33063748,-0.0442895,0.2800481,0.0024569994,0.25309408,0.02527038,0.22305949,-0.018215785,0.15497072,-0.006810311,0.18250948,858.919828013611,1665.9214748716897,465.34503547437646,890.2999860191167,1390.4259554140128,2649.822442561199,0.10634579020700637,0.2180900353781854,0.021164432,0.084561974
5-257642-A-39.wav,glass_breaking,-263.15848,133.99255,17.585663,18.309135,8.016079,7.059325,5.6971803,5.5638857,1.0259502,4.5051622,1.9852396,4.98932,0.6714984,3.8145032,0.5207366,3.737944,-0.17014724,3.4473464,-0.21249235,3.2946312,1.1274507,3.2748477,-1.74546,3.1916094,-3.120125,4.6891184,2.9914238,21.620495,-0.020985767,3.794872,0.03762197,1.5209589,0.045710605,1.0033084,-0.07897772,0.8605156,-0.037016116,0.8331115,0.0044743787,0.659549,-0.045162573,0.68994725,-0.035692573,0.5115196,-0.027435934,0.54938626,0.0003100383,0.5092085,-0.056429207,0.5207255,0.0013599183,0.66994923,-0.52832806,9.328436,-0.12241431,1.7502937,-0.027703984,0.8677478,-0.02819831,0.6340604,-0.04088344,0.542261,-0.03677826,0.5112786,0.012678705,0.39497334,-0.021356696,0.37953332,-0.009690046,0.3556301,0.041645072,0.47814408,-0.0151199475,0.3782323,0.008804151,0.36945748,0.018235425,0.42701617,2425.9053077178673,1238.772446623486,1981.4643775808563,738.5060115430794,4855.493630573248,2042.1290125310145,0.22891371417197454,0.16904507339529803,0.026387418,0.045602277
5-260432-A-39.wav,glass_breaking,-443.16306,92.01457,-1.4667387,12.559321,3.349887,9.987998,1.6511443,6.162594,0.31805083,3.5983999,1.3276491,4.2774158,-0.68780166,3.1695197,0.78189504,3.10801,0.14322305,2.5840347,-0.007966837,1.839004,0.70827353,2.4468627,-0.26070973,1.8716725,0.4459839,2.206236,-2.5370758,6.329648,-0.0036894395,2.1577582,-0.14962173,1.2187483,0.044451915,0.9326402,-0.00782675,0.6792201,0.0042519905,0.6653358,0.07472518,0.3418108,-0.040177144,0.4325323,0.06061945,0.5526314,0.01802689,0.23453216,-0.017866459,0.30888647,0.027302554,0.2507355,-0.04396,0.33256233,0.47867563,2.5560417,0.04028918,1.1852826,-0.11383318,1.052394,-0.001378849,0.65484875,-0.0055403686,0.42515364,-0.037620008,0.3493556,0.010296785,0.32906204,-0.061037283,0.5219591,0.03959076,0.51723397,-0.009514235,0.19120237,-0.023122972,0.24635808,0.034831945,0.2889813,-0.05979513,0.45573905,678.275817471303,1555.2079765548015,350.8610294377942,782.83017658142,1078.3240445859872,2394.0761843483706,0.07186753582802548,0.17300181575849122,0.0033895338,0.014106393
5-260433-A-39.wav,glass_breaking,-386.11276,82.07183,-0.66476226,8.1454315,0.8968565,6.0312495,-1.8214263,5.1470256,0.62579787,3.9332514,1.5358084,4.4342923,0.46737093,2.6372008,0.6392477,2.5311418,0.008126517,1.3652354,0.6351648,2.1675012,0.6593136,2.0295897,0.25598744,1.401643,0.1389517,2.2111015,-2.384923,7.8860393,0.088292174,1.2074118,0.053170674,1.1671351,0.16176586,0.6099655,0.10341783,0.77293104,-0.001886257,0.5784905,-0.0029096603,0.31392774,-0.0003870642,0.4470857,0.006499465,0.20475233,0.0036434315,0.3447588,-0.027217219,0.20698583,0.0025686093,0.1887444,0.06291659,0.6081854,0.28030723,3.1632974,0.07502118,0.8071832,-0.03469545,0.8827467,-0.020742543,0.29084048,-0.050406046,0.36713108,-0.024426011,0.2533377,0.027661266,0.27697217,0.009307129,0.3235358,-0.0020622844,0.1419978,0.007987556,0.1897567,-0.011708311,0.19589582,-0.004587442,0.123265535,-0.02617588,0.23866077,596.6196227405086,1488.830571478547,316.13635898245246,773.9063787007777,931.827229299363,2295.4762878418924,0.07364649681528662,0.1940114860596802,0.0045103687,0.021752395
5-260434-A-39.wav,glass_breaking,-395.94876,103.11829,-5.173818,14.809427,1.6491065,8.329305,1.1084269,4.1592307,-1.1280702,4.117139,0.8735134,4.592334,-0.262758,2.0579894,0.8951649,3.5500627,-0.47276968,2.7704954,0.7341039,2.6338215,0.24271008,3.0594327,-0.24158612,2.9012568,0.6761908,2.9257941,-2.4258492,6.095413,0.16540985,1.8585628,-0.05715642,1.5368577,0.02036842,0.77152604,0.06601384,0.7277572,-0.040502146,0.91859883,-0.003647862,0.31125462,-0.001371089,0.61169076,-0.017156564,0.5576797,0.016838223,0.47862607,-0.015053378,0.64368606,0.05596101,0.64583576,-0.05411916,0.58114725,0.49690416,3.067749,0.14988181,1.2204012,-0.089577295,0.95383257,-0.030456625,0.38272202,0.037815902,0.4695941,-0.021616869,0.5587403,-0.02499889,0.33984345,0.011929002,0.45264226,-0.02173801,0.43147275,0.016146565,0.375558,-0.018683556,0.2932867,0.0059529385,0.3151515,-0.008354222,0.32529256,763.3785264601037,1653.8094490330823,333.92746742589344,729.8012911244848,1127.687101910828,2436.9788419515403,0.09988928144904459,0.21759550639447292,0.010625707,0.036382385
