mfcc_s1_1_mean,mfcc_s1_1_std,mfcc_s1_2_mean,mfcc_s1_2_std,mfcc_s1_3_mean,mfcc_s1_3_std,mfcc_s1_4_mean,mfcc_s1_4_std,mfcc_s1_5_mean,mfcc_s1_5_std,mfcc_s1_6_mean,mfcc_s1_6_std,mfcc_s1_7_mean,mfcc_s1_7_std,mfcc_s1_8_mean,mfcc_s1_8_std,mfcc_s1_9_mean,mfcc_s1_9_std,mfcc_s1_10_mean,mfcc_s1_10_std,mfcc_s1_11_mean,mfcc_s1_11_std,mfcc_s1_12_mean,mfcc_s1_12_std,mfcc_s1_13_mean,mfcc_s1_13_std,mfcc_s2_1_mean,mfcc_s2_1_std,mfcc_s2_2_mean,mfcc_s2_2_std,mfcc_s2_3_mean,mfcc_s2_3_std,mfcc_s2_4_mean,mfcc_s2_4_std,mfcc_s2_5_mean,mfcc_s2_5_std,mfcc_s2_6_mean,mfcc_s2_6_std,mfcc_s2_7_mean,mfcc_s2_7_std,mfcc_s2_8_mean,mfcc_s2_8_std,mfcc_s2_9_mean,mfcc_s2_9_std,mfcc_s2_10_mean,mfcc_s2_10_std,mfcc_s2_11_mean,mfcc_s2_11_std,mfcc_s2_12_mean,mfcc_s2_12_std,mfcc_s2_13_mean,mfcc_s2_13_std,mfcc_s3_1_mean,mfcc_s3_1_std,mfcc_s3_2_mean,mfcc_s3_2_std,mfcc_s3_3_mean,mfcc_s3_3_std,mfcc_s3_4_mean,mfcc_s3_4_std,mfcc_s3_5_mean,mfcc_s3_5_std,mfcc_s3_6_mean,mfcc_s3_6_std,mfcc_s3_7_mean,mfcc_s3_7_std,mfcc_s3_8_mean,mfcc_s3_8_std,mfcc_s3_9_mean,mfcc_s3_9_std,mfcc_s3_10_mean,mfcc_s3_10_std,mfcc_s3_11_mean,mfcc_s3_11_std,mfcc_s3_12_mean,mfcc_s3_12_std,mfcc_s3_13_mean,mfcc_s3_13_std,delta_1_mean,delta_1_std,delta_2_mean,delta_2_std,delta_3_mean,delta_3_std,delta_4_mean,delta_4_std,delta_5_mean,delta_5_std,delta_6_mean,delta_6_std,delta_7_mean,delta_7_std,delta_8_mean,delta_8_std,delta_9_mean,delta_9_std,delta_10_mean,delta_10_std,delta_11_mean,delta_11_std,delta_12_mean,delta_12_std,delta_13_mean,delta_13_std,delta2_1_mean,delta2_1_std,delta2_2_mean,delta2_2_std,delta2_3_mean,delta2_3_std,delta2_4_mean,delta2_4_std,delta2_5_mean,delta2_5_std,delta2_6_mean,delta2_6_std,delta2_7_mean,delta2_7_std,delta2_8_mean,delta2_8_std,delta2_9_mean,delta2_9_std,delta2_10_mean,delta2_10_std,delta2_11_mean,delta2_11_std,delta2_12_mean,delta2_12_std,delta2_13_mean,delta2_13_std,spectral_centroid_mean,spectral_centroid_std,spectral_bandwidth_mean,spectral_bandwidth_std,spectral_rolloff_mean,spectral_rolloff_std,zero_crossing_rate_mean,zero_crossing_rate_std,rms_energy_mean,rms_energy_std,filename,class,fold
-260.90622,148.26213,19.749134,23.63729,-17.22279,21.00077,2.766285,3.8023016,0.75881183,2.715548,-0.21036512,2.1869028,1.3644753,2.225183,2.8756979,4.213201,-1.6576227,3.563582,0.16154814,2.042641,0.23308548,1.9842461,-0.16981837,1.6378702,-0.5854322,2.2226236,-386.1156,3.0517578e-05,0.0,0.0,0.0,0.0,0.0,0.0,0.0,0.0,0.0,0.0,0.0,0.0,0.0,0.0,1.2979902e-05,0.0,0.0,0.0,0.0,0.0,0.0,0.0,0.0,0.0,-386.1156,3.0517578e-05,0.0,0.0,0.0,0.0,0.0,0.0,0.0,0.0,0.0,0.0,0.0,0.0,0.0,0.0,1.2979902e-05,0.0,0.0,0.0,0.0,0.0,0.0,0.0,0.0,0.0,-1.9303983,8.185134,-0.3084359,1.575755,0.26588953,1.103279,-0.039797224,0.20972593,-0.021459814,0.3014991,-0.016824689,0.21079986,-0.0053866333,0.18155494,-0.00014057395,0.33732423,0.053371932,0.26631725,0.018233804,0.16432346,-0.0026980161,0.16414653,-0.0027239502,0.094919905,-0.015529107,0.21417782,-0.25794086,3.7577767,0.084872395,0.8195616,0.07362879,0.5768907,-0.025360871,0.16960014,0.027735656,0.23038945,0.00057772314,0.16830404,-0.005613478,0.09024349,0.005879261,0.20917767,0.022367379,0.19705452,0.017528143,0.19065523,0.020725938,0.14465363,-0.0017462927,0.077291854,-0.016572496,0.21258117,275.15218949468823,667.2363225707743,200.80351560023385,492.5484092588396,429.6377388535032,1058.7108463068287,0.028531797372611464,0.07183847767429673,0.01321801,0.0449346,1-17124-A-43.wav,car_horn,1
-184.04733,119.75907,44.840862,24.053339,-9.051217,16.305563,-1.7999467,9.53718,-3.6916366,9.15391,-4.0836115,9.482641,3.0552866,7.729499,-6.545945,11.17802,-8.811174,11.738805,-5.8016405,6.38566,-4.8365197,3.7717395,-0.14003836,3.4032614,6.4527335,3.6316466,-372.3626,20.367191,10.006407,21.914225,4.4761434,9.860927,1.5431457,3.4816575,0.8803711,2.0155504,0.7136869,1.8858469,0.733435,1.7916913,0.72705144,2.0673912,0.51910025,1.7217413,0.4190259,1.3634602,0.6490417,1.934821,0.85882217,2.1079457,0.6556351,1.6378915,-381.65894,9.1552734e-05,0.0,0.0,0.0,0.0,0.0,0.0,0.0,0.0,0.0,0.0,0.0,0.0,0.0,0.0,-1.2979902e-05,0.0,0.0,0.0,0.0,0.0,0.0,0.0,0.0,0.0,-1.8199968,6.5917106,-0.12486134,2.427977,0.012430312,1.4249281,0.04151477,0.7684653,0.03264654,0.60012406,0.029165527,0.67703897,0.019205894,0.5912488,0.10374096,0.68635434,0.15080333,0.7960682,0.07174391,0.48354095,-0.020227334,0.5536219,-0.0037089458,0.41817018,-0.0035978593,0.30100444,-0.7663795,5.414383,0.16795182,1.5298377,0.09051055,0.7651549,0.04186253,0.49241376,0.051798686,0.43195066,0.051137522,0.4299295,0.04724459,0.43133634,0.061674234,0.56125903,0.08509522,0.798894,0.042843927,0.42632163,0.0051885047,0.3200505,0.023083469,0.26013324,-0.0037766658,0.19887511,586.2032428296368,857.076933895436,650.0992116785396,825.9491477931386,1172.5716560509554,1772.2092404677187,0.0390562798566879,0.06141226274974704,0.035930835,0.1008045,1-19026-A-43.wav,car_horn,1
-102.02608,20.446627,65.28245,11.935286,-30.328297,6.6333513,15.015972,4.190429,-0.77303874,6.4734006,5.080915,3.7430942,13.488903,3.8876753,0.18844485,4.2894096,1.9990398,3.1233,3.683378,2.9467142,-5.5051007,3.5791526,1.1763635,3.3906088,1.8537904,3.1843174,-105.92232,18.944199,60.88985,15.278624,-26.336937,6.6251817,20.715605,8.114694,-4.323125,8.246531,4.082748,4.175671,16.936474,3.6414545,-4.3480935,4.363264,0.6608533,2.6024806,6.348599,3.2760491,-6.312769,2.5793033,0.8188726,2.715871,3.5078034,2.6352718,-71.53359,13.155585,59.39609,4.426267,-38.757946,3.306055,3.991448,9.182534,-1.04513,4.565753,9.785346,5.0341077,13.5239105,3.5761192,-2.248013,4.6516275,-1.0532337,3.9975827,1.3142765,4.5831122,-5.1504083,3.493584,-0.93498236,4.4291854,1.2994794,3.6254623,0.5689782,2.991823,-0.17858319,1.6813446,-0.21012118,0.9878012,0.01913652,0.9833589,-0.12880665,0.89903665,0.0068205935,0.73305273,0.08618646,0.58748806,-0.07170141,0.7236679,0.03511071,0.53084934,0.03409906,0.6475092,-0.04836631,0.44182628,-0.043227762,0.5316738,-0.04462147,0.57313085,-0.15731503,1.127185,0.01784956,0.7517498,0.027490182,0.50664234,-0.015858646,0.48274347,0.06300679,0.5454038,0.0022694473,0.524244,-0.043546483,0.39899954,0.019005295,0.46806487,-0.029505316,0.36195475,-0.0015793921,0.48364887,0.039548118,0.35670254,-0.02456927,0.40861592,-0.008939388,0.41506943,1548.1549388043572,295.71556990200594,1289.7750257291377,103.3173085924585,2701.433121019108,385.1772979571834,0.1715142316878981,0.05894252110071568,0.09873329,0.05799559,1-24074-A-43.wav,car_horn,1
-64.46744,44.742737,45.466953,13.879832,-11.370039,11.988572,8.4343405,3.6061683,2.8260474,4.0793805,2.3913205,7.779309,4.3940377,3.701053,7.7336283,2.7830846,1.3772634,4.228604,-0.8613688,5.7742143,-2.639389,6.5915823,-2.150982,3.2231736,3.0333502,3.1788614,-43.55397,32.419823,38.698563,15.2054825,-17.404661,5.446885,4.276335,4.19608,2.1652,3.943224,3.225056,3.2882886,7.720007,4.5309362,4.572974,3.4042122,5.933836,3.4744172,1.7497239,3.507737,-6.07438,5.013236,-3.275569,4.4350986,1.0417422,3.7713647,-83.72671,17.005543,52.04948,9.636217,-18.99262,3.3927681,7.8244414,5.0144634,3.8841763,2.8793106,4.3535604,2.6912405,6.7275634,3.2507,6.6226635,3.1644263,7.443667,3.2945364,2.6656191,3.0724666,-3.487341,3.472822,0.80457586,2.9970503,1.557213,2.2840025,0.049372192,4.335933,0.032247093,1.9650539,-0.11464385,1.0056361,0.007927798,0.81291676,0.011148405,0.5701886,-0.022878526,0.7329774,0.0016056178,0.6345352,-0.012994201,0.52749234,0.024839744,0.5537084,0.018277183,0.6485197,0.020076843,0.7679073,0.0066689565,0.5835579,-0.0062136683,0.50287455,0.04596353,1.6851978,-0.06532437,0.89214563,0.04773449,0.5078809,-0.026138976,0.49776623,0.010623568,0.39661217,-0.0043819747,0.3854735,0.011114143,0.4365555,-0.0067640883,0.3635946,-0.006277994,0.32815555,-0.023828963,0.40375456,-0.012907025,0.4270018,0.024529194,0.41794968,0.0041973484,0.35623646,1755.1610225118493,324.42541677405,1699.5450332275752,145.35532355999598,3403.562898089172,540.3174816864287,0.14373507165605096,0.05797613365050868,0.13801907,0.08433975,1-24076-A-43.wav,car_horn,1
-44.80516,29.84461,42.76564,24.624596,-5.397446,7.9267716,31.373543,9.894945,-0.17931677,8.934098,-9.111569,9.602969,9.04339,5.798546,0.45277163,5.220196,-8.612027,7.2442374,0.8172921,3.4496481,-5.589813,4.6095867,1.2415885,3.890941,-1.7465485,4.359494,-150.6575,21.461672,87.03858,2.8986936,3.0349848,3.2939622,23.590847,2.5177953,15.764517,3.6059144,12.234228,2.2728674,3.0627534,2.1327477,5.0789523,2.1353536,6.989387,2.0745528,0.58014846,2.0893164,-0.75912726,2.344661,1.6657951,2.0570495,-0.49146593,1.9960005,-183.12935,4.4873943,91.76784,2.6660159,-5.195445,3.7863188,17.813496,4.0915165,10.994557,2.2662773,10.909362,2.2970018,1.9430394,1.9267821,3.6988342,2.4708245,6.8643956,2.408091,-1.0079683,1.8072338,-2.1020198,1.9818809,0.43869916,1.8101919,1.2709969,1.8843106,-0.62793696,2.5504405,0.32833302,1.5889236,0.10884443,0.801912,-0.16293228,1.0878363,0.054287545,1.0797583,0.16720434,1.0137806,-0.11829359,0.8178139,0.0074232887,0.54274946,0.1510389,0.69924724,-0.030791301,0.41120115,0.0072977226,0.34001452,-0.020602511,0.40366748,-0.014278965,0.53981775,-0.033061676,0.62621677,-0.025340557,0.4908282,0.012425011,0.45688394,0.026478343,0.4667722,-0.0046102805,0.48722494,0.016733719,0.42610446,-0.02456925,0.396049,-0.009504864,0.30916843,-0.005223721,0.3706767,-0.017185736,0.3152295,0.013375252,0.3032503,0.0015654431,0.30930465,0.017934978,0.3097063,1056.459747406683,629.3263498317167,1228.5048293806617,247.25371213914318,1945.1632165605095,928.6867084869829,0.08741167396496816,0.10343741046997115,0.15674958,0.15203534,1-254507-A-43.wav,car_horn,1
-169.63052,154.81015,17.326603,26.842047,1.7578403,5.007436,9.796049,10.090216,-7.8606744,9.055982,-0.40452254,3.2576652,4.508608,5.260722,-4.1703787,6.9593782,5.718705,5.28436,-1.2506589,5.224854,-0.11566191,4.3539543,-0.7471193,3.2984493,-2.9146929,4.433766,-418.66553,6.1035156e-05,0.0,0.0,0.0,0.0,0.0,0.0,0.0,0.0,0.0,0.0,0.0,0.0,0.0,0.0,0.0,0.0,0.0,0.0,0.0,0.0,0.0,0.0,0.0,0.0,-418.66553,6.1035156e-05,0.0,0.0,0.0,0.0,0.0,0.0,0.0,0.0,0.0,0.0,0.0,0.0,0.0,0.0,0.0,0.0,0.0,0.0,0.0,0.0,0.0,0.0,0.0,0.0,-2.3320553,8.502396,0.064815246,2.2142582,-0.050800674,0.3357744,-0.114269584,0.6071876,0.1259739,0.4168213,0.02394277,0.38152447,-0.09802179,0.29214725,0.05268648,0.491393,-0.08050468,0.22752109,0.041405458,0.35927692,0.018666375,0.34052122,0.03479248,0.315642,0.014937974,0.3578733,0.006904819,3.7407482,0.025551949,0.89745283,-0.008929118,0.23988731,-0.022538258,0.2581418,0.018093495,0.28337407,-0.019904641,0.2571998,0.003902988,0.19525224,0.023813901,0.23926932,0.017996468,0.18684691,-0.0072200852,0.18834725,0.0054328428,0.22825207,-0.035630554,0.26357096,-0.00019742805,0.17154202,640.1363271774628,1184.0682632167918,471.51051332215053,823.5758707064921,1165.6050955414012,2102.1390100792496,0.06796750597133758,0.13859856568315052,0.03001148,0.06849338,1-26176-A-43.wav,car_horn,1
-37.542923,8.6286,40.37925,4.0315433,-31.757092,3.2973585,-9.720954,3.2732673,-20.200436,3.4527168,-9.675961,3.807427,-8.481386,3.1153107,-11.564922,3.820279,-10.92456,3.4071279,-11.396117,3.6616585,-6.9295425,3.0622902,-5.2977424,2.7225108,-1.1632841,4.1195436,-357.2258,107.46125,3.9446394,11.002748,-2.4945948,6.966307,-1.2424036,3.606801,-2.2336087,6.2191,-0.8795173,2.6755393,-1.488756,4.1554894,-0.7917312,2.4770827,-1.1482954,3.3327336,-1.1996527,3.4624596,-0.6345879,1.7881927,-0.074603565,1.2438205,-0.38705143,1.4640115,-396.0046,9.1552734e-05,0.0,0.0,0.0,0.0,0.0,0.0,0.0,0.0,0.0,0.0,0.0,0.0,0.0,0.0,0.0,0.0,0.0,0.0,0.0,0.0,0.0,0.0,0.0,0.0,-2.1523933,9.839384,-0.23782392,1.1038659,0.16933261,0.75550973,0.055871695,0.48455742,0.101209916,0.6564743,0.06320195,0.4363281,0.063988775,0.47766203,0.08918774,0.41105846,0.034100752,0.52842724,0.020347167,0.48260894,0.027928546,0.33244213,0.022392655,0.29191628,0.037070062,0.4607393,-0.09858919,4.2858653,-0.004446859,0.5809348,0.0007965185,0.35280734,0.0006487582,0.32157376,0.013899172,0.35458905,0.008470397,0.25838366,0.021737766,0.31665197,0.010747916,0.3228176,0.013215055,0.29419884,0.0050248145,0.24446331,0.0023903877,0.2345566,-0.01487738,0.25811064,-0.014229507,0.27064157,712.3167256034804,929.6275258075335,608.8651147212274,790.5997129134646,1340.1671974522294,1756.0106632232985,0.061710041799363055,0.08157369186748653,0.06545257,0.09064777,1-26177-A-43.wav,car_horn,1
-38.189102,18.753109,39.792744,9.046884,-30.919975,4.5764503,10.087565,3.6682696,-5.398405,3.9162574,8.519341,5.963903,2.798519,3.7135828,-4.9761763,3.582512,-3.5524127,4.3743052,-3.6617677,4.245334,0.41859075,4.0603247,1.3737123,2.7232392,2.3200192,3.7103786,-49.873272,11.392623,48.7643,5.892822,-18.814047,7.8236423,7.4413548,2.8652525,0.41306394,3.40493,14.80483,3.611898,3.0481656,3.1575575,-1.2396979,3.2713778,-2.3195665,2.9222918,2.7714205,3.9129899,1.7934984,3.0103364,1.9291937,2.897798,-0.5767312,3.566906,-40.18061,9.026418,54.330257,4.8466315,-20.55898,5.2555566,9.164311,3.917988,-1.9961514,3.888548,14.360972,3.722665,2.1286108,3.2675018,-2.09832,4.91309,-1.269727,3.1463444,1.163358,2.7685232,1.0598403,2.581375,0.73941463,3.048047,1.1100572,3.5675375,-0.2353272,2.6872816,0.15954876,1.0963974,0.08232627,0.9017048,0.024214469,0.55086267,0.02777625,0.5464171,0.08266339,0.71906364,-0.02809645,0.5432896,-0.00998412,0.7546144,0.035548776,0.59559464,0.059843466,0.6177125,0.004691165,0.5737738,-0.030642694,0.4631585,-0.007710214,0.6337221,-0.11202562,1.6260803,0.01474888,0.7434799,0.014587244,0.53050005,0.0042523732,0.48179096,-0.01202998,0.40807053,0.00031340806,0.5890683,0.00015214902,0.44300473,0.009583519,0.4249596,0.036723897,0.46586925,0.019935016,0.4482649,0.013426728,0.40314087,0.02611806,0.34642926,0.025573518,0.45654407,1785.5505021443118,196.99116551278058,1558.4074045108412,96.33936049983961,3405.8519108280257,275.6257641574311,0.15769307324840764,0.03129207155100845,0.17102195,0.047016606,1-28808-A-43.wav,car_horn,1
-57.656467,24.469416,24.91725,26.288567,-4.40666,5.172311,11.491882,7.670293,-0.2975873,9.872289,-14.639553,8.661545,3.5744746,7.176323,-5.109666,7.7895246,-4.8572655,4.3300776,0.14344175,6.4371457,0.81968904,7.3785267,-3.329957,6.2538433,-2.6345494,5.4342847,-52.357346,12.553189,37.58702,10.432209,0.25088847,3.120337,1.9178791,7.5289626,-1.2549455,3.4936602,-6.483179,4.1208515,-0.353596,4.027065,-5.075559,4.906163,-5.046328,2.9628685,-2.8002868,3.063214,0.37964767,2.6333008,1.7446295,3.062397,-3.8684363,2.4759345,-54.439034,5.609599,40.633842,3.8445106,2.6762478,4.0944843,0.18092479,3.0252435,2.6018329,3.258556,-3.126007,3.061356,-2.5127468,2.618165,0.8461362,2.6874847,-1.2370192,2.774703,0.07865375,3.38903,1.1720505,2.4098375,-1.8954494,2.6323009,-2.8258157,2.9903843,0.31664428,2.456204,-0.047103103,2.4290912,0.07756807,0.6518276,-0.014899302,1.2095637,0.03756478,1.0228555,-0.017479446,0.8025451,0.030485244,0.90868354,-0.003107733,1.021096,0.027936304,0.480223,0.002625842,0.6693142,0.0050687,0.6828212,-0.03392592,0.6954376,0.019884951,0.5721138,-0.12108934,1.2645606,0.06908811,1.4504645,0.01056492,0.37789997,-0.05709909,0.7380855,0.01442262,0.563597,-0.008413933,0.40852842,-0.0399048,0.7238539,0.025753142,0.5621458,-0.034747932,0.37327093,-0.03143566,0.39733258,0.0018162336,0.45036358,0.0030394148,0.44612157,0.016586084,0.36764738,2421.7250697202976,420.1671114712505,2109.585155949401,140.57702725884482,5208.897292993631,804.3447255997619,0.2093700238853503,0.0589430849501653,0.15793929,0.20655073,2-100648-A-43.wav,car_horn,2
-274.4948,124.954315,28.527788,14.717735,-34.940536,25.584877,-12.607302,10.768442,-7.2926936,13.703808,0.73118377,7.6109776,-4.0908194,9.137497,2.5857053,6.907763,-5.454846,10.47035,-5.0691,5.8464713,-12.006679,9.121053,-9.915801,8.29476,3.0088038,4.1871805,-159.47404,28.689676,23.859352,4.642457,-50.99028,3.5416462,-30.310667,8.520837,-18.4632,4.882343,-5.4883204,7.811928,-10.3021755,4.56028,-5.5938463,2.4880297,-21.172543,5.149608,-4.777684,2.6929674,-16.26374,2.6442342,-21.547062,6.957641,-0.4683475,2.3259354,-280.035,98.66255,37.441704,11.569027,-36.0097,17.784006,-16.433094,7.9378524,-6.134111,8.14216,6.488447,8.228921,0.3586726,7.0635967,2.5013094,6.1328926,-5.303269,10.497689,-3.3099148,6.092442,-10.648183,7.007879,-7.4054923,6.603714,2.3405101,4.0946565,-1.9414972,14.810935,0.12931728,2.1358712,0.27130452,3.1584728,0.011200425,1.694003,0.1901027,1.6233435,0.15806206,1.4039502,0.18359372,1.1991507,0.114450514,0.93655133,0.15942337,1.4591974,0.14247784,0.98428655,0.13522619,1.1947511,0.07128962,1.332167,-0.0447384,0.6276223,0.027256725,5.454356,0.061891958,1.5264977,0.06571267,1.3196328,0.05571075,0.9361706,0.024620606,0.8386512,0.00091145793,0.6883444,0.004057026,0.7470331,0.037136395,0.4755615,0.05442578,0.64126855,0.043234702,0.63585335,0.01459135,0.61420995,0.014879513,0.6522721,-0.029008746,0.41684496,1591.1750503920678,232.17757988265504,1390.7766445351538,303.3629279520113,2727.8065286624205,775.6429510728098,0.13244551154458598,0.028063243497443883,0.03351312,0.028778853,2-125520-A-43.wav,car_horn,2
-111.82988,7.258474,69.50717,3.452443,-28.155378,5.26007,25.282106,5.018733,-15.874569,3.4724164,7.9357786,2.5645397,8.169358,3.5348778,-10.439896,2.9335632,4.326288,3.2663722,-3.2256458,2.376208,-8.357875,2.7457542,2.803061,2.3641918,-1.0886741,2.5695353,-94.02858,11.88348,55.254498,11.067749,-16.810123,6.398113,33.896378,4.2722874,-18.783941,3.6378517,9.114108,3.3008428,13.182694,2.6367946,-13.81659,3.2566009,7.143814,3.1641934,-1.8746845,3.272487,-8.521427,2.5432355,3.0132558,2.2734401,-2.3054929,2.7765625,-74.83907,5.623515,45.857525,5.626533,-14.931737,4.4358754,33.695698,2.8447516,-25.967844,4.4580464,8.418606,3.1198647,14.259393,2.5444322,-14.254106,3.221482,9.02695,2.854636,-0.53150654,3.0182636,-7.2150483,3.161172,3.3275151,2.482871,-1.6572121,2.8208692,0.25706264,1.3282555,-0.15421225,1.3597732,0.15249492,0.786928,0.08031301,0.5580355,-0.08708131,0.6079609,0.025712503,0.39038974,0.09222856,0.44086686,-0.037159488,0.5882286,0.054567758,0.42915195,0.019253306,0.47343573,-0.0037867127,0.37209693,-0.012042607,0.3056739,0.0052730944,0.46536028,-0.037796244,0.7883839,-0.007829652,0.830888,0.0069714566,0.48412085,-0.00957411,0.37674206,0.0013603504,0.38259873,7.101457e-05,0.3616056,-0.00016411551,0.29123226,-0.0029845003,0.4266051,-0.023382647,0.38015407,0.008162743,0.34927353,0.0025556975,0.2990121,0.014311845,0.2517235,0.009630736,0.35402673,1883.1384087736599,322.28232950078734,1418.1708091057542,103.14483224426266,3350.7165605095543,258.4015413361954,0.26027567675159236,0.0740046307468194,0.081052706,0.031359497,2-128465-A-43.wav,car_horn,2
-50.989944,9.426574,49.978535,8.210799,-18.187315,3.0320926,25.713463,4.2644424,-16.278057,3.2493527,-0.9985298,3.6214342,15.824896,4.8151956,-11.116212,5.443015,-2.0513332,3.8129482,1.0566137,2.6390235,-5.7401915,3.137845,-2.4052927,3.551864,1.0976325,2.4481595,-67.18983,10.296395,53.59981,8.480209,-21.2535,3.0468311,22.283318,3.389479,-14.541662,3.3742335,0.031052407,6.09331,15.802119,5.1771755,-5.7293673,3.802138,0.14200567,2.668013,4.155313,2.1836407,-3.180737,2.8026998,-2.7564478,3.9504428,2.111502,3.3250625,-91.430504,11.970756,57.706566,8.931157,-19.622,2.837463,22.35313,4.0872455,-11.0564165,3.3729746,1.1438556,6.224738,10.22305,7.575719,-5.4632545,3.8332489,-1.1435944,2.1813369,2.7016726,3.2533526,-5.130767,2.3405125,-4.984735,2.882754,1.5480287,3.0798087,-0.24482137,1.4924203,0.101264745,1.229937,0.001686403,0.4147099,-0.08932387,0.5733561,0.0486868,0.3957715,0.021223024,0.6827034,-0.09719082,0.7514174,0.035562545,0.71968126,0.015056328,0.37904307,-0.045438003,0.39847207,-0.030134229,0.39894417,0.0026096841,0.4591191,-0.03346031,0.3123765,-0.052360296,0.6263826,-0.005328605,0.48015535,-0.010995746,0.27562484,-0.00448127,0.33791947,-0.012608161,0.28985712,-0.0071439045,0.33425117,0.01137859,0.41601673,0.0047977283,0.3781655,0.019324953,0.3128428,0.004771797,0.28143957,0.0034129776,0.2593688,0.009975865,0.29203564,0.0074910987,0.27533802,1877.1495527661848,252.76379127067992,1440.7596178823926,53.90401438996625,3101.9108280254777,155.4776491113746,0.2526062400477707,0.0687240921563935,0.117718056,0.051804263,2-128465-B-43.wav,car_horn,2
-99.231476,5.1652727,45.621243,5.0568485,-10.641379,3.374055,23.184086,3.2303174,4.439319,3.288842,19.149906,2.6034803,4.4930973,2.5237992,3.8036609,2.571069,5.488464,2.3157995,3.1427686,2.619234,5.5120363,2.670063,1.4607497,2.3541899,2.3916323,2.2652516,-109.86927,4.25555,59.16594,3.7100873,-14.868818,2.4920416,19.105045,2.9373682,5.443787,3.0263748,16.221886,3.2780995,2.7097409,2.611632,6.061603,2.6962,5.400455,2.5414755,-0.05899366,2.4205403,2.9897282,2.24099,-0.4571063,2.9100227,3.9133172,2.228986,-119.489365,5.5318704,61.79965,3.681523,-15.744603,3.4992454,17.421597,3.2008336,6.8865795,2.8503745,14.505049,2.634253,4.5156865,3.4707544,7.1181755,2.665079,6.373255,2.5866678,-0.67742735,3.0409591,3.0238786,2.5168817,-1.1742761,2.9568563,3.9909718,2.6009634,-0.22382948,0.80254763,0.13013676,0.6518747,-0.037756994,0.42559975,-0.02696572,0.44074365,-0.0094069475,0.40958297,-0.029834233,0.42187223,-0.0006541014,0.4142818,0.044239957,0.38041565,0.010003675,0.38023254,-0.072486624,0.41536805,-0.027167248,0.369432,0.0033241215,0.41718185,-0.008458966,0.31728694,-0.035483498,0.5684034,-0.0026367144,0.40312642,-0.0036204946,0.32209063,0.0074640294,0.3190283,0.01573027,0.3550028,-0.00070758,0.32718363,0.004839255,0.32114395,-0.002559869,0.36013082,-0.0085825855,0.3228306,-0.009303603,0.28900483,0.0022812027,0.3007891,0.019084893,0.32336813,0.0040028794,0.2644952,1367.34969564777,213.44660379131798,1578.7487861661127,117.40745715574349,3013.3359872611463,473.6172966867242,0.06517466162420382,0.022889194348022057,0.08514006,0.020104555,2-138465-A-43.wav,car_horn,2
-118.89224,170.14482,-3.6186922,7.338602,-30.445515,18.805635,-4.3721004,3.9543777,-10.1354,6.8355293,-14.14956,9.050108,-4.9196377,4.1074066,-4.658786,3.631296,-11.510487,7.702553,-13.101579,8.469259,-13.908243,8.857981,-3.7501624,3.1256564,4.401282,3.4149263,-251.49324,181.8464,-0.58485216,4.418885,-17.100838,21.237257,-2.541688,4.05576,-5.9612436,7.7564883,-6.770951,8.696226,-4.180287,6.338632,-2.6585183,3.8629127,-6.113551,7.784459,-6.608727,8.334558,-6.91597,8.896625,-1.7819117,2.993901,2.8334591,4.2803826,-398.11508,0.0,0.0,0.0,0.0,0.0,0.0,0.0,0.0,0.0,0.0,0.0,0.0,0.0,0.0,0.0,0.0,0.0,0.0,0.0,0.0,0.0,0.0,0.0,0.0,0.0,-6.803282e-07,15.93843,-4.555769e-09,0.7770977,-2.4297435e-08,1.6905484,-1.5185897e-09,0.3676864,-3.0371794e-09,0.70404106,0.0,0.835967,6.074359e-09,0.6077934,0.0,0.3847017,-6.074359e-09,0.7011441,-6.074359e-09,0.77394813,6.074359e-09,0.75620174,2.2778845e-09,0.267737,1.5185897e-09,0.4152326,-2.4297435e-07,6.767022,-3.986298e-09,0.57623,6.074359e-09,0.6411437,1.5185897e-09,0.26099622,-3.0371794e-09,0.3708166,1.5185897e-09,0.40170908,-3.0371794e-09,0.37678704,1.5185897e-09,0.21899508,1.5185897e-09,0.33783084,0.0,0.37137437,1.5185897e-09,0.35679194,0.0,0.1757303,-3.0371794e-09,0.27436665,972.2942917223461,1237.2526380658503,681.1962587353867,864.3157453454501,1705.7125796178343,2179.4393736857764,0.09597681130573249,0.12210993258278537,0.13361046,0.17788614,2-144137-A-43.wav,car_horn,2
-75.452545,11.650301,74.82842,3.1101491,-6.5596156,3.7893155,12.816149,3.2574549,1.98589,3.1766047,5.8582363,2.174771,3.6151628,4.5126123,5.1952057,3.1258335,3.2206492,2.7068179,-5.073586,2.7547207,5.0994906,3.9263597,1.3183028,2.7680564,1.4802461,3.3503287,-90.35871,9.752412,80.45828,2.6296947,-2.839607,4.2687197,14.784753,2.719398,8.031356,2.6276479,5.2103014,3.2417192,5.5201273,2.858801,5.5742006,2.6473012,4.217956,2.8931355,3.03945,3.2229757,3.5891879,2.687294,5.063014,2.192796,0.36937764,3.4529974,-110.224304,4.798545,77.82727,2.5609229,-4.060261,4.0080066,12.026397,2.617068,6.6434374,2.2376728,2.6884322,2.510425,1.9989492,2.4603477,3.639393,2.4052882,0.738624,2.7079487,0.87411565,2.643732,-0.59748244,2.7369292,1.9690998,2.5905385,-0.60211897,2.4465966,-0.14092836,0.9577897,-0.008731555,0.45414627,-0.02238302,0.55495954,-0.03730618,0.37824556,0.0012497203,0.38177818,-0.010554152,0.3695889,0.06512083,0.4718817,0.02847305,0.3730758,-0.022069639,0.458522,0.020792017,0.40590605,-0.019231554,0.4233431,0.0109124305,0.39471233,0.010546034,0.45413074,-0.019175826,0.4054125,-0.0052189324,0.26915228,0.018079445,0.34174696,-0.0067023016,0.268016,0.020734522,0.29540306,0.008381842,0.27949628,0.0097369095,0.29574844,0.01467817,0.2981319,0.018606404,0.3035877,0.019817825,0.26974124,-0.004110283,0.29880527,-0.0020518478,0.3214399,-0.011823331,0.2827854,1000.6685038243504,110.35283553625545,1342.5801880581646,68.33786901957679,2011.1464968152866,195.236258649743,0.05042670183121019,0.022932942106366434,0.14076811,0.059564702,2-42101-A-43.wav,car_horn,2
-186.85532,85.677,-20.019743,14.873031,-1.8208877,10.226594,33.99494,9.689446,-19.694923,16.051126,-14.832454,14.2205105,25.763134,8.466689,-3.977083,5.68236,-5.4825053,8.67665,12.347011,4.637216,3.3991432,4.4765115,-2.5094836,5.015406,1.012163,5.3560686,-310.40198,105.74049,-5.065722,16.28529,2.021809,7.7084517,17.623537,17.213125,-6.039592,13.181922,-2.4891505,8.036871,12.051739,11.397755,-2.3926294,6.341575,0.43552878,3.7434268,6.429697,7.3786674,0.0057671713,2.5989244,-0.16584525,3.218118,2.161096,4.4126334,-409.28766,6.1035156e-05,0.0,0.0,0.0,0.0,0.0,0.0,0.0,0.0,0.0,0.0,0.0,0.0,0.0,0.0,0.0,0.0,0.0,0.0,0.0,0.0,0.0,0.0,0.0,0.0,-1.8604602,8.736638,0.16074735,1.7504781,0.07775659,1.1973643,-0.25708356,1.3864703,0.19253781,1.6119986,0.1779003,1.3792813,-0.19142865,1.0141221,0.024108209,0.8492467,0.06870247,0.96863383,-0.13454643,0.8570723,-0.0030783825,0.64669764,0.05681895,0.6053407,-0.011767855,0.68749535,0.054059558,3.294911,0.06584628,0.9787343,0.017315276,0.5127219,-0.0025411746,0.53842986,0.012840259,0.58198905,0.0020132915,0.5104803,-0.012269207,0.4069049,0.0020010106,0.42256886,0.02003462,0.4097568,-0.006260694,0.3436832,-0.01865653,0.3802946,-0.0069053946,0.29209375,0.011148097,0.3296931,1200.2674619554446,1274.1795649118294,915.8713237966854,900.7002038603289,1926.4530254777071,1856.2325928548596,0.10760847929936306,0.1559792332349284,0.062091663,0.101000845,2-54086-A-43.wav,car_horn,2
-224.59953,139.03409,17.746153,26.008862,10.5451,11.653359,17.817015,16.518248,2.5549886,4.1387944,1.8936762,4.5807023,9.549373,8.852038,1.4033464,3.9524183,-2.2598758,4.835523,3.651618,4.2524505,-0.5958725,2.5956333,-3.6170514,5.6282897,2.8857305,4.1929455,-371.92926,0.0,0.0,0.0,0.0,0.0,0.0,0.0,0.0,0.0,0.0,0.0,0.0,0.0,0.0,0.0,0.0,0.0,0.0,0.0,0.0,0.0,0.0,0.0,0.0,0.0,-371.9293,3.0517578e-05,0.0,0.0,0.0,0.0,0.0,0.0,0.0,0.0,0.0,0.0,0.0,0.0,0.0,0.0,0.0,0.0,0.0,0.0,0.0,0.0,0.0,0.0,0.0,0.0,-1.9331009,5.8267736,-0.120285474,2.8460262,-0.14114006,0.63418585,-0.22656563,0.672988,0.0065804697,0.34468293,0.011142416,0.41401055,-0.12377191,0.50700486,0.042899553,0.43183997,0.056841128,0.31572834,-0.03702346,0.43507677,0.02210288,0.2180072,0.076122336,0.29643995,-0.05476476,0.43621686,0.014694985,1.6327231,0.024795903,1.1176411,-0.04147129,0.3771681,-0.007296732,0.22608373,-0.0037779778,0.22722232,-0.015836142,0.22592877,-0.011579117,0.30226535,0.0077579627,0.23063216,-0.0021524844,0.1302547,-0.013739003,0.18750404,-0.001917265,0.17123099,0.020170601,0.15631624,-0.006041199,0.22133456,293.9113656889834,683.7709870845046,366.7410662270206,776.8166097970309,669.7850318471337,1582.884640269704,0.01923268312101911,0.04851632914571068,0.042537507,0.09668563,3-145577-A-43.wav,car_horn,3
-172.09772,18.227488,76.38234,11.194899,6.083451,4.8167443,9.614353,5.2578444,4.5348663,4.918309,6.995494,3.2587552,6.797531,4.1850367,5.007647,3.6326458,5.265575,2.1408916,3.4177718,3.0184402,-0.8460319,3.3240306,1.0950112,2.4717407,3.2999861,3.007752,-216.4074,9.138449,85.06147,5.0155745,9.855508,2.9200318,4.2266445,2.9364238,10.996897,2.109767,11.425447,2.4274929,6.3275447,2.3073862,9.322822,2.486656,5.6156225,2.2661908,2.0000398,2.3031087,2.0397303,2.538349,2.9534848,2.3404276,2.384014,2.761562,-233.51428,4.5539927,76.82749,5.369389,5.7422476,3.3435855,5.804041,2.7532103,13.184801,2.6432366,12.653578,2.554574,6.8080435,2.7825015,9.146064,2.441312,5.67906,2.3394887,1.4399241,2.5047917,3.7705855,2.9131315,6.207359,2.5971048,4.74636,2.561618,-0.3197965,1.4088429,-0.08742505,1.1598495,0.05178421,0.54164386,0.025245102,0.6068028,0.00987338,0.46350318,0.07285139,0.45007145,-0.018921714,0.56135267,0.001764258,0.4228851,0.03936081,0.34967318,0.017910868,0.36236238,0.041326728,0.3808923,0.023137342,0.33934975,0.018219935,0.3810065,-0.046318308,0.68234444,-0.00645795,0.58698756,0.008937661,0.30756727,0.006482592,0.37275144,0.011932897,0.34762523,-0.005137166,0.29227042,0.008259769,0.39800847,0.0019763063,0.283874,0.015728412,0.2559193,0.012592853,0.25446534,0.005848278,0.28557605,0.010694328,0.30159235,0.015416112,0.30504194,649.2669801011353,225.11362433495697,1234.5115110490565,178.4857293417081,1245.0238853503186,562.6687153443496,0.01904607882165605,0.013787183026896214,0.047031403,0.014377863,3-146697-A-43.wav,car_horn,3
-237.8319,134.54602,26.972029,28.71724,-6.372332,8.457921,18.669436,16.572653,6.1404605,5.5725503,6.706111,5.747866,5.508489,5.0265446,1.8590769,2.7440476,2.3429925,3.0399568,4.623316,4.253901,0.49292195,2.9367914,-0.46697995,3.1769166,0.13862263,3.7426934,-382.65704,6.1035156e-05,0.0,0.0,0.0,0.0,0.0,0.0,0.0,0.0,0.0,0.0,0.0,0.0,0.0,0.0,-1.2979902e-05,0.0,0.0,0.0,0.0,0.0,0.0,0.0,0.0,0.0,-382.657,9.1552734e-05,0.0,0.0,0.0,0.0,0.0,0.0,0.0,0.0,0.0,0.0,0.0,0.0,0.0,0.0,-1.2979902e-05,0.0,0.0,0.0,0.0,0.0,0.0,0.0,0.0,0.0,-2.017344,5.3832283,-0.15622196,2.510592,0.10680827,0.3988697,-0.22645068,0.7627372,-0.036240786,0.42962518,-0.06925659,0.33709386,-0.05182663,0.37679443,-0.014935298,0.25270203,-0.021320095,0.25850934,-0.055495203,0.28053764,-0.010774602,0.29067975,0.032547105,0.24740103,0.03218021,0.3368633,0.017624818,1.7043737,0.033551477,1.0224735,-0.028575843,0.359673,-0.043760113,0.4236872,-0.008370529,0.2802416,-0.0059320284,0.15267986,-0.02032851,0.2615277,-0.0049657812,0.16257903,-0.0040639457,0.15502027,0.006731729,0.17909928,0.018191434,0.20735846,0.018537084,0.20887405,0.0055234977,0.15293439,213.05195189927002,519.0612772306382,267.7966310520373,546.3283021994922,440.68471337579615,1032.4883675940162,0.018150378184713375,0.047487830667627434,0.029904082,0.06851482,3-153057-A-43.wav,car_horn,3
-162.6137,49.642437,54.810894,24.985794,-3.313293,2.975696,8.087639,16.6519,-2.8154433,9.760536,0.68138224,8.632712,7.3037763,3.5688848,-0.98601353,11.0947895,0.809523,4.7180758,1.2586884,2.5449471,-4.6991563,5.03707,-5.091827,9.078086,2.8262744,2.734233,-185.461,21.532618,62.912956,10.656564,6.673456,4.810648,9.791272,6.243902,2.0584452,5.704142,6.9648027,4.8661995,3.8411434,3.215012,2.6604526,5.2719584,-0.81823474,3.2454824,0.98728454,2.3144295,-0.32291922,2.9551115,1.1680623,4.146615,1.4794444,2.701959,-179.6174,5.4607415,68.203705,3.463055,10.226175,3.3764389,4.810456,2.9975996,4.7148256,2.7006624,8.086966,2.7544057,1.2845228,2.1293051,4.5175815,2.4044282,-0.09176137,2.7772014,-0.45128632,2.3840199,-2.1079698,2.831115,0.6374283,2.0586786,0.75407696,1.8713746,0.21634616,4.285276,-0.029804833,2.2064188,0.076294795,0.4655676,0.07061885,1.2947532,-0.01378739,0.8935639,-0.0007983332,0.8516563,-0.016440164,0.39391258,-0.020836787,1.0517508,-0.030062154,0.5328309,-9.243656e-06,0.37342572,-0.050476424,0.5679298,-0.0010528556,0.80650264,-0.007773309,0.36580476,-0.031552292,1.8048899,0.0074198376,0.98218155,-0.011444394,0.33077347,0.018340532,0.60873115,0.0042891596,0.46160734,0.0006524123,0.43003184,0.023654161,0.30343223,0.0009328309,0.49485177,0.014706845,0.32315746,0.01777402,0.268148,0.0053119794,0.29808363,0.0038463848,0.3755932,0.0071394225,0.32512748,1364.5398010851986,398.3828841242509,1662.2563468215078,99.98080045345975,2671.9745222929937,549.4083633411187,0.08293317078025478,0.05701469407027341,0.03241244,0.038926084,3-155130-A-43.wav,car_horn,3
-140.92445,11.406545,72.181465,6.711031,-3.5043995,7.026987,16.611969,4.111332,3.278037,2.7726634,5.3200583,3.174693,3.3038042,2.8454728,5.1496124,2.8456872,4.622066,3.222546,0.48866537,3.3283396,-1.5343571,2.0928423,3.408414,3.2205837,-1.3609505,3.4068742,-130.81584,11.080112,67.52468,7.10544,-7.713814,5.7621837,20.847086,5.6299944,2.0526128,3.692353,2.400768,2.299814,4.550053,3.1162665,1.4064364,2.9519808,4.9846983,3.3103774,1.9486994,3.355016,-1.7297763,2.6030169,1.2567632,2.7994113,0.0035855793,2.36907,-151.27779,4.997554,76.976845,3.5409324,-2.591443,3.306494,15.324975,3.342276,2.1065762,3.1825516,3.9062526,3.0820262,2.073768,2.4616442,2.964175,2.818757,4.75754,2.6047037,2.7513072,2.7374787,1.1118006,2.4139402,1.8377777,2.6183028,-0.025238918,2.137628,0.061088916,1.0757766,0.0014801937,0.75908595,-0.026711956,0.6742493,-0.018930266,0.6212154,-0.005887198,0.4454957,-0.029833034,0.5332381,0.006559591,0.44168422,0.015776537,0.5080522,0.060086817,0.484001,0.03179288,0.45228338,0.010632949,0.2884153,-0.030420164,0.47139138,-0.0047018575,0.38888466,-0.042780805,0.58167297,-0.022352595,0.52088827,0.015130086,0.5207125,-0.03649211,0.43674427,-0.009180417,0.35819933,0.025164567,0.42507198,0.018299758,0.3553963,-0.007404241,0.3447896,0.0024458952,0.31047392,0.023434315,0.30222392,0.0025659928,0.24638484,-0.0039779283,0.33738858,-5.242779e-05,0.29999524,1047.0640836812527,129.2966052159104,1385.5201514297867,97.73822634783615,2185.111464968153,335.9307444749925,0.0673952527866242,0.024890964937771237,0.0468666,0.008121577,3-155234-A-43.wav,car_horn,3
-116.07112,13.366154,37.509193,2.3985186,7.7744913,8.430797,9.766949,3.3308413,7.318072,3.0199864,8.3052435,2.8186193,3.9829435,2.6611226,0.51556575,2.9402006,3.111157,2.319916,1.983731,2.6605532,-1.0341481,3.1794124,-0.39056307,3.080689,-0.9670215,3.0289671,-107.96304,8.12933,36.786625,2.2802482,5.438008,5.6866817,8.159739,2.8637135,6.637861,2.8836799,8.041021,2.6420467,3.437099,2.5624804,0.54608285,2.8008013,4.243878,2.6101859,3.1302757,2.7882657,-0.42977217,2.8575573,-0.583882,2.999656,-2.3379266,2.6463823,-111.51592,4.1750035,36.99788,2.581277,13.023855,3.3138053,9.078467,2.5203314,6.2637143,2.3895984,9.587795,2.3484185,5.6320086,2.5821412,2.5919464,2.3782668,4.6918273,2.2481568,1.5937493,2.2460992,1.2579694,2.559226,2.1715596,2.4920473,-0.59489334,1.9537824,0.18853879,1.171765,0.01907588,0.37839735,0.02701712,0.784994,-0.005828848,0.4635996,0.021034664,0.4499287,0.008086195,0.39716622,0.011491535,0.45105228,-0.009148845,0.3511637,-0.008831606,0.39531666,-0.032002084,0.38825235,-0.018343406,0.455269,0.00988777,0.4716107,-0.0010702044,0.44075045,-0.040338915,0.61917645,-0.011116512,0.28459898,-0.02717324,0.44224674,-0.009685302,0.31007552,0.011941931,0.3406883,-0.0064496356,0.31804955,0.0057661375,0.36619726,-0.0024425178,0.35437083,-0.0029321052,0.27415818,0.0053619123,0.32369807,0.0041431007,0.32864204,0.0010578306,0.32090926,-0.008992674,0.34306625,2223.720646737387,114.94021431696498,2249.281193520871,76.96811545915044,5194.765127388535,228.36664753564972,0.14786524681528662,0.028069656375841374,0.042417306,0.0075455867,3-161010-A-43.wav,car_horn,3
-175.49673,68.01092,-12.852282,17.13691,-20.380709,12.723931,39.469334,4.6337614,-25.861965,4.2872243,-0.51214176,4.2069225,-11.703688,6.298566,-22.069338,5.196255,8.662601,6.3328934,-19.052235,5.400467,-20.401777,3.8311565,-4.4115553,3.5286908,-13.756383,4.2649236,-348.54837,28.146336,12.820485,6.04276,-4.2487936,9.858574,11.732795,8.387613,-4.423469,9.952461,3.1215475,5.1427293,-2.9085774,4.0018992,-9.74567,7.646647,4.8299503,8.195466,-9.2317705,4.961156,-12.098141,6.099964,-1.3980578,3.4743917,-6.0227404,5.0717325,-387.27094,2.4388564,0.7824046,2.7072868,0.31337848,1.1524906,-0.13957989,1.2202141,-0.3497658,1.7084011,-0.30058238,1.3072642,-0.15507968,0.7865456,-0.08894083,0.7692853,-0.14306575,0.76393425,-0.21811475,0.7875286,-0.19543657,0.6369804,-0.058569856,0.31262934,0.09607533,0.627203,-1.9038903,2.4704359,0.18838748,1.1038017,0.01766456,0.9309853,-0.26705638,0.998527,0.13244356,0.7653909,0.002501254,0.6238584,0.10600345,0.7457208,0.10423925,0.7738962,-0.010451878,0.6747008,0.1681801,0.59617317,0.09053261,0.67978215,-0.013612023,0.54778266,0.10084377,0.56166726,0.029327981,0.8609668,0.024321022,0.60546714,-0.009518418,0.47840512,-0.0049354197,0.47116047,0.0013027176,0.36370426,-0.0007161274,0.40464997,0.0031384784,0.45834425,0.0165412,0.37826595,0.0013668279,0.3676411,0.009292605,0.38714433,0.016754584,0.3634159,0.007765964,0.33294663,0.011249438,0.30855864,1814.7470361644625,1228.9139673244633,1083.2822296452005,732.0585579153595,2815.0875796178343,1831.9524715381442,0.23639032643312102,0.17621142300174014,0.04380493,0.101934776,3-174840-A-43.wav,car_horn,3
-172.6349,14.680871,52.996494,4.614974,-12.313223,5.998018,8.062746,4.4080296,0.37901753,2.9916143,-1.940185,4.686482,-1.1948732,4.074947,-3.3513434,4.627952,-5.2820635,4.56527,-4.59617,2.8860414,-7.748955,5.2424927,2.3056667,3.3070152,6.3498464,3.156388,-180.08392,10.096694,52.273098,5.146437,-4.4023433,6.2156224,5.4787974,3.4221623,2.5478108,3.6324224,1.3920206,3.1839743,-0.5842717,3.086719,2.5039027,3.4058893,-2.2399082,2.6364405,-3.0185559,2.9467645,-5.198985,3.2041636,0.76929694,2.8658338,2.8633695,3.0847194,-163.66432,6.8314114,55.975563,5.6462655,-4.48218,4.484228,4.1330085,4.0383134,2.078809,3.9194531,2.5993502,3.8214273,-2.7087574,3.0122323,2.9590235,2.8367555,-0.3858696,3.2140024,-2.4962988,3.2051375,-2.8216457,3.1572275,1.3849148,2.914475,1.5375836,2.3423483,0.38657835,1.624671,0.0072321435,0.7457267,-0.09448591,0.7797016,-0.058569323,0.6626288,0.02945909,0.5235867,0.024369063,0.64085484,-0.02806179,0.5069203,-0.009422974,0.68331313,-0.039489754,0.70748687,-0.038139187,0.40513477,-0.007473452,0.5786088,-0.0003611343,0.4456116,-0.010664009,0.48401242,-0.11543794,0.6787742,0.011530926,0.5097714,0.02186651,0.55533946,0.020740902,0.48796028,0.0067627975,0.38836518,0.030819913,0.38948488,0.01043871,0.43104127,0.0041489503,0.4665108,0.047137875,0.47037882,0.024615575,0.31070143,0.010902152,0.42930463,0.0055075875,0.4452067,-0.025739014,0.34562132,1736.1307218427144,179.5263541703899,1774.4191451632375,142.1748575982863,3605.891719745223,551.6344832623433,0.13272541799363058,0.022891643498258184,0.014153134,0.0037142895,3-243726-A-43.wav,car_horn,3
-104.55694,26.194412,70.9645,8.856293,-12.805498,11.376795,10.2071705,5.4028664,10.919526,5.652481,12.46903,4.11952,9.314043,3.53352,10.465496,4.8633437,0.69694734,3.7588775,-0.97946864,5.791358,2.4173682,2.6692815,2.7748263,2.8968687,7.677319,4.307149,-119.05098,3.9912474,77.31144,4.074975,-1.1053429,2.3909945,6.804446,2.4814298,14.433175,2.54351,13.283039,3.4811907,10.948846,3.1209493,9.178049,3.011704,0.88323784,2.7674417,5.3166,2.8778734,3.26541,1.8583202,3.0342474,2.1653283,4.209572,1.6829383,-261.35974,124.11669,37.12454,42.452766,-3.4800732,4.5486135,1.7811501,2.664207,5.7539406,6.6589055,4.879192,5.7326922,4.61512,5.595575,3.3257275,4.0036907,0.5633978,1.6828215,1.3902487,2.085121,1.818218,2.626901,1.9936512,2.7367055,2.0859976,3.0110025,-1.4850856,7.5551157,-0.4616,2.6503272,0.02376369,1.0189594,-0.023131283,0.51797235,-0.062546626,0.77680427,-0.07293377,0.5583894,-0.09010758,0.49078405,-0.044342443,0.63591737,-0.028234713,0.42191127,-0.03879926,0.5805515,-0.027758036,0.36722922,-0.03216119,0.38247523,-0.02951384,0.46203476,0.00022935032,3.413405,-0.010974298,1.2408441,0.008119916,0.5512458,0.00833019,0.38187748,-0.010629035,0.4764722,0.0057138735,0.41915026,-0.002487945,0.34301785,-0.002662239,0.42155397,0.008308638,0.3196324,0.00089039013,0.38863114,0.0049031056,0.28758734,0.0008484524,0.23038043,-0.0051732217,0.30505675,622.503719686763,361.8431142446098,999.0343872015231,491.86417881177283,1233.7778662420383,738.1943163193843,0.025832255175159236,0.036093780336627974,0.17711708,0.09868019,4-175845-A-43.wav,car_horn,4
-149.46289,39.85406,61.2572,15.427513,-14.033619,5.979278,14.890504,6.2816477,-3.9899826,4.858712,-2.803205,5.352064,12.066478,4.882376,-8.697046,6.8090243,-7.211726,3.865596,2.7225583,3.5386868,-6.4785833,3.0763576,0.7506981,3.0408592,9.999902,5.1740174,-288.3778,109.99491,67.686806,44.197296,-7.417964,6.8821125,1.7125059,3.8745096,4.592362,3.9529915,3.3897166,3.2975905,2.3110864,3.039384,3.0502515,3.3352482,-0.7926314,2.37614,-0.41963327,2.7436302,0.15841477,1.6235461,2.30824,2.445777,1.0608068,2.4617984,-451.71805,9.1552734e-05,0.0,0.0,0.0,0.0,0.0,0.0,0.0,0.0,0.0,0.0,0.0,0.0,0.0,0.0,0.0,0.0,0.0,0.0,0.0,0.0,0.0,0.0,0.0,0.0,-0.9569222,8.0457535,-0.66752994,3.4954298,-0.0004494236,0.65619916,0.052704666,0.90519196,-0.060076952,0.6691542,-0.09673354,0.63122404,-0.020212656,0.5044004,-0.054548446,0.9481176,-0.009230234,0.37405536,0.008841693,0.3797317,0.006081574,0.3620327,0.0005921908,0.30876508,0.039008167,0.6374947,-0.2953236,2.6743855,0.028678864,1.5553414,0.029562864,0.4062684,-0.022128923,0.3025844,0.020438857,0.3033454,0.007835719,0.32039243,-0.018098157,0.2737808,0.0066943155,0.45438468,0.010606863,0.2774816,-0.0149079645,0.29607713,-0.007444962,0.20120324,0.003273599,0.20979686,0.010865995,0.30697474,629.4473047825892,606.9486392695733,701.9972908915852,633.1546490923217,1185.0119426751592,1156.892022372799,0.05399084394904458,0.057707840765196985,0.02145021,0.025312807,4-175846-A-43.wav,car_horn,4
-160.7886,63.16021,74.43074,23.457975,-19.104197,9.929158,6.7964497,7.7624006,0.12260135,4.81447,2.513153,8.531967,1.1507744,6.739215,0.25000852,4.7068257,-5.310193,6.7040796,-6.1790752,5.8550973,-1.243337,5.899587,2.3206716,3.5853462,7.451339,8.98489,-304.5543,87.5539,45.54331,45.37227,-3.8795753,5.0620046,0.12595269,2.0186217,2.0111024,2.9354773,5.5423865,5.5567446,1.0239546,1.7867037,1.9943337,2.6889162,1.0405704,2.5699615,-0.7284343,1.7213556,0.93442875,1.4727323,0.7558588,1.6750187,0.51225847,2.0353866,-391.02625,9.1552734e-05,0.0,0.0,0.0,0.0,0.0,0.0,0.0,0.0,0.0,0.0,0.0,0.0,0.0,0.0,0.0,0.0,0.0,0.0,0.0,0.0,0.0,0.0,0.0,0.0,-0.4915618,8.739061,-0.71614164,3.5173292,-0.057551473,1.1886976,0.055069517,0.91587263,-0.057586726,0.46674576,-0.12638026,1.0139406,-0.043492917,0.6814693,-0.04586112,0.48431474,-0.046921145,0.70707893,-0.012576137,0.59876496,-0.023976782,0.50898343,-0.008746279,0.3074234,0.020106133,0.88855696,-0.06830293,2.543623,-0.06828354,1.4371371,-0.00066560163,0.46140838,-0.011806421,0.28635317,0.0022544814,0.2504453,-0.014583612,0.38975772,-0.01938043,0.31142515,-0.02772797,0.34511253,-0.020647211,0.41245922,-0.020853857,0.28311336,-0.009598125,0.21744199,-0.0012362088,0.21360824,0.022542102,0.40862843,548.8448645034715,635.6398298827272,620.4226607752621,638.0530109256487,959.9920382165606,1121.2413680161033,0.04143237460191083,0.050478936794171377,0.024153305,0.051568598,4-175855-A-43.wav,car_horn,4
-158.62517,13.437091,75.063,3.6131864,-4.426177,10.164637,4.5364532,6.512391,5.264267,2.883441,4.6771812,5.711736,1.9378835,2.652692,9.342544,2.3543699,2.297492,2.685841,4.5574303,2.5160136,0.6129914,2.43941,2.5644276,2.7350535,1.4238416,2.8689656,-92.42543,51.360348,54.7651,21.306362,-19.53981,8.215694,6.6727285,3.8441422,1.5221585,3.2827468,-2.0922098,5.1654577,2.249466,3.4422278,4.021564,4.916681,-2.7882152,5.6538677,2.3390234,3.2277672,-0.77158445,3.213281,-0.14549114,3.9417014,-0.5616993,3.4822185,-262.4405,99.87008,49.422955,37.19981,-2.2968338,4.712062,2.0118518,2.802419,-0.58117753,1.7878066,5.2837143,4.6162777,0.8108907,2.3606486,5.239446,4.4593496,2.142618,2.565954,3.116489,3.1791296,-0.48372647,1.9634472,0.21944495,2.2342017,0.3948836,1.640533,-1.503626,7.20537,-0.49394026,3.1861656,0.05763897,1.2687621,-0.043126825,0.63239884,-0.03193633,0.41100073,0.01053456,0.7016036,0.010458346,0.4954568,-0.06250205,0.60717547,0.0063306694,0.7393585,-0.046135247,0.43419462,-0.010525638,0.47170115,0.026477376,0.49238202,-0.002717817,0.37779245,0.04709397,4.838036,-0.0009683014,2.1898365,-0.044732593,0.80678415,0.012693655,0.4448421,-0.007567285,0.30151066,-0.014511257,0.44540203,-0.012249361,0.3996918,0.0015952602,0.4780427,0.013612606,0.5934591,-0.0045038834,0.31927428,0.007120957,0.33545762,0.0073894695,0.45964077,-0.0049302047,0.32349208,1089.8151371106521,557.4883708190803,1276.9348639302432,491.9132859014929,2019.1082802547771,1048.0227373775906,0.07196705812101911,0.05928924971425465,0.059414428,0.06893069,4-175856-A-43.wav,car_horn,4
-17.742563,30.13627,49.543575,7.6911263,-6.5502086,10.099393,3.3818529,5.041914,3.9244027,4.1844563,10.341764,3.6335151,5.53273,2.5455685,7.1436505,2.8549392,0.6747557,4.1828785,4.629453,4.420166,1.2187223,3.163699,4.6710215,2.2165604,4.1347504,3.8824656,3.745607,30.831564,56.368652,9.187154,-18.466564,5.5172005,1.8265802,2.1584494,0.41972357,4.32896,6.3715124,3.3902252,4.660249,2.7538993,5.4396534,2.73692,-3.009811,3.1361365,0.3265945,4.624128,-1.0120174,3.430231,4.705647,3.0860713,7.6390314,4.5704665,-77.99874,7.020279,74.570114,4.741913,-6.4572473,3.725345,6.7187314,2.3596818,10.915904,2.9207504,15.256143,2.626393,10.150859,2.1719038,10.3392935,2.2125025,0.20118222,2.7083933,5.423718,2.0357494,5.9268413,2.2078788,8.695456,2.05534,2.4836195,2.2446823,-0.083837815,2.452431,0.05760111,0.8759016,-0.006595812,0.87946737,-0.010239759,0.40425426,0.05454541,0.587097,-0.0069210846,0.47019318,0.027756473,0.35747662,-0.0054193395,0.39551324,-0.04230609,0.4109999,0.011134755,0.5560642,0.0065243654,0.44422773,0.011108742,0.3357885,-0.04139296,0.56954867,-0.038676906,0.78796095,0.0024135106,0.3710004,0.018164815,0.42015433,9.050263e-05,0.26837623,-0.0068129855,0.30714422,0.0028851244,0.30386224,0.0094947675,0.27812403,-0.0013871129,0.2947864,0.00970089,0.28481776,0.017536322,0.31045964,0.036666516,0.27765718,-0.023604406,0.28670174,-0.016254783,0.34545216,1262.3199606372766,500.2161129715681,1520.8456994196902,286.2112146224444,2623.208598726115,1090.5891088657995,0.06875124402866242,0.05358314359169014,0.48146003,0.14795806,4-176631-A-43.wav,car_horn,4
-166.11078,44.432587,55.00651,10.838469,1.1109828,11.789108,12.156347,4.2937617,8.498479,5.1539845,9.440175,3.8231995,3.6860685,3.9781582,3.9492834,3.3756042,0.25838932,6.307075,5.26822,5.5195746,3.520855,3.9620738,3.0378964,3.0547674,5.861695,8.930799,-186.31714,11.704818,57.30351,3.5423799,3.6105206,6.745952,10.241532,2.429868,10.784312,2.7069871,9.783416,2.615999,4.6823597,2.4820952,4.7896724,2.8631759,1.2323686,2.841639,5.2513475,2.9833744,4.135477,2.2559404,4.31221,2.368768,4.235973,4.350961,-143.34758,51.705772,48.87495,16.916147,-6.922506,10.96485,10.0704565,4.2643266,3.9074206,7.4605227,5.0868063,4.0352983,0.512213,5.4923153,0.8945618,5.6224513,-4.6157637,6.9890203,0.29055554,5.1724205,-1.1426351,4.927684,2.4874895,3.0791645,10.262438,10.424754,0.20742132,6.564324,0.025280891,1.9464047,-0.0015511847,1.3365619,-0.0032350235,0.64980805,-0.00834253,0.8587792,-0.021158567,0.5150739,0.0077190083,0.63116425,-0.007094052,0.5963121,-0.008306091,0.8032109,-0.037186876,0.7902097,-0.051421255,0.64328957,-0.02073997,0.41756573,-0.0206338,1.1586611,-0.040361296,2.885475,-0.00035865366,0.97539467,0.0055666286,0.5905614,-0.013773256,0.37292185,-0.0073315264,0.42740992,0.0057922644,0.35090658,0.007257966,0.39054966,0.003942928,0.39847773,-0.0045770584,0.3947854,-0.0148849655,0.4708658,-0.0028515523,0.38165364,-0.0075835353,0.2612272,-0.005283664,0.6211698,1395.491488318063,157.86937669188023,1702.377439137517,207.98981725453652,2987.1616242038217,439.9439217804173,0.06701582404458599,0.04767464864206237,0.08283466,0.15612946,4-176638-A-43.wav,car_horn,4
-179.18732,96.21994,16.702555,21.560106,-23.301657,13.671526,7.8063893,7.4590354,-13.142773,9.583285,-7.7682095,6.470465,2.7252727,7.2821918,-10.8014765,6.0558033,-4.118642,4.915025,-5.148812,6.914618,-14.472431,6.0761266,-10.637997,4.8714585,-18.33743,8.53225,-379.80942,81.52268,31.277576,11.897451,3.6110704,22.402945,9.306667,6.7970715,2.4827223,9.60769,3.434114,5.699224,3.815084,5.0002084,1.3937765,5.739096,0.56295043,5.8137574,1.3710735,3.2858498,-1.7678984,6.9375825,-2.7555273,7.086492,-2.7231238,6.562726,-430.62878,10.189121,17.435549,12.193776,11.4141,7.9699397,6.7607803,4.9250345,4.824011,3.5840247,4.3461413,3.3629656,4.0082197,3.2602174,3.1256316,2.5323775,1.9096186,1.7339743,1.2167624,1.4426204,1.1547108,1.3117493,1.0416112,1.5911738,0.6568607,1.592582,-0.1473927,13.83501,-0.22347544,2.7710705,-0.026729723,2.1741447,-0.060749702,1.2249631,-0.033898897,1.2924356,-0.009617772,0.81573397,0.004267902,0.8002362,-0.022548953,0.7696508,0.02142846,0.64320594,-0.016699811,0.87609065,0.004877417,0.81786335,0.020994836,0.7739907,-0.014103747,1.2306926,-0.8246704,5.5065913,-0.029578729,1.0998605,0.12841037,1.0403662,-0.027447412,0.93347347,0.031903077,0.8186409,0.04071465,0.4674848,0.01242146,0.49332008,0.012173287,0.5492341,0.03047015,0.63204455,0.020990739,0.41465777,0.055431936,0.46215385,0.039455477,0.52240974,0.030743884,0.47403532,2249.644376731811,667.2103573688269,2000.4522714271332,479.82403548243514,4625.995222929936,1445.96549473342,0.19459096337579618,0.1096286846105895,0.024522446,0.03944431,4-178402-A-43.wav,car_horn,4
-157.8942,16.95031,49.542423,11.115867,-8.500817,5.275097,26.25391,9.028066,7.2481537,7.6168537,5.8610973,4.6206927,18.741589,7.955879,-3.4817266,7.461432,2.8330595,3.2116423,7.807584,4.43658,-0.53409916,2.8330898,5.3797126,4.581906,2.7740893,3.913802,-165.4787,8.618001,53.65887,6.7520657,-3.8049357,2.973455,18.786303,2.6839871,11.450491,2.7669654,7.8144565,2.5298986,15.903397,2.899822,1.8758048,2.2071223,0.96021974,2.2712922,6.4850664,1.9479831,-0.6891324,2.197294,7.6853504,2.0987172,0.9054292,2.088326,-140.01578,5.3963723,35.180004,4.7187657,1.7813772,3.260405,22.81056,4.3006544,6.6494613,2.8746889,3.1243842,2.8889065,19.789318,2.3252835,1.5888494,2.1288245,1.7509217,2.537353,7.7759404,2.1578465,-0.32849884,2.2217462,7.3393726,2.1836114,1.3249109,2.4456513,0.19521138,1.725214,-0.18709326,1.330007,0.12389106,0.46149883,0.026298055,1.0194591,-0.014734183,0.7029392,-0.009884492,0.5144678,0.0048707468,0.811431,0.04668385,0.6049979,0.005623207,0.4081906,0.03860809,0.6047266,-0.017257174,0.37314352,-0.008587153,0.476121,-0.05215541,0.34951565,-0.16058944,1.1009266,0.07354084,0.78534186,0.02384121,0.30509058,-0.07370399,0.4633528,0.04696446,0.41738135,0.018298939,0.354825,-0.04635039,0.47856137,0.041836902,0.39304414,0.015120673,0.3078379,-0.01769361,0.3318843,-0.015774377,0.2507629,0.016671076,0.31703112,-0.030740332,0.35431907,1497.285689516674,373.5480047582608,1776.650058003175,218.2475368787337,3170.7802547770702,572.0263154554185,0.08322551751592357,0.06208680221581588,0.046190247,0.016757844,4-191015-A-43.wav,car_horn,4
-178.24979,65.59459,51.451374,25.890802,-7.27504,5.1605935,12.522685,13.53811,-13.634862,9.550847,9.251643,4.2976665,5.9131417,4.152525,-2.8128333,3.8068337,7.233844,4.979303,1.1897635,2.3518465,-1.6955025,3.1259634,5.466932,3.5034447,-4.78535,4.290124,-446.245,9.1552734e-05,0.0,0.0,0.0,0.0,0.0,0.0,0.0,0.0,0.0,0.0,0.0,0.0,0.0,0.0,0.0,0.0,0.0,0.0,0.0,0.0,0.0,0.0,0.0,0.0,-446.245,9.1552734e-05,0.0,0.0,0.0,0.0,0.0,0.0,0.0,0.0,0.0,0.0,0.0,0.0,0.0,0.0,0.0,0.0,0.0,0.0,0.0,0.0,0.0,0.0,0.0,0.0,-2.2131572,7.1946464,-0.077968,2.5332844,0.10902073,0.5172942,-0.18073474,0.6967373,0.1267819,0.5724017,-0.033145584,0.45897105,0.0345602,0.39019603,0.0367893,0.24240598,-0.1336304,0.3769709,-0.013935103,0.17072612,0.047096156,0.33781266,-0.0663457,0.2502466,0.0029345022,0.43731618,-0.014084354,3.1242464,0.005997937,1.0523412,-0.014074544,0.28769752,-0.013797137,0.2928758,0.012847633,0.23067822,-0.021113403,0.30088925,-0.014034326,0.18313184,0.020224093,0.18349701,0.015529092,0.16421114,-0.0049988455,0.14177734,0.01263435,0.23638014,0.007863786,0.19745448,0.0080224965,0.19705555,571.994554802823,900.2176832049213,500.63970762060296,726.3403393405442,1023.984872611465,1534.4106620740772,0.06531150477707007,0.11676097313483448,0.0115136625,0.03023151,5-179860-A-43.wav,car_horn,5
-147.73706,53.77567,41.55046,43.153797,-1.1823138,7.5145187,21.063477,12.0783615,-18.448307,13.421439,6.5486503,5.9435315,8.990371,5.5730057,-2.1351943,4.085009,0.935375,3.3212922,4.031998,5.953843,0.67514044,4.315379,-0.3451258,3.4454749,-0.98694694,2.501921,-372.38617,105.75991,25.487963,38.439285,-1.8204877,2.9106162,0.04421058,2.0545573,-0.19611791,1.603075,3.0627165,5.069813,0.5200325,1.4630834,0.7609287,1.805915,0.12047739,1.2100575,-0.37084395,0.95862406,-0.5764509,1.6701294,0.20378494,1.1761732,0.06539596,1.356288,-441.35632,6.1035156e-05,0.0,0.0,0.0,0.0,0.0,0.0,0.0,0.0,0.0,0.0,0.0,0.0,0.0,0.0,0.0,0.0,0.0,0.0,0.0,0.0,0.0,0.0,0.0,0.0,-1.0832926,8.912841,-0.7727776,4.9179025,0.043641515,0.6963921,0.07494601,1.40264,-0.10054325,1.5727278,-0.09761601,0.6443967,0.036081865,0.7133931,-0.056502093,0.42704377,-0.0043553147,0.2880419,0.031204827,0.7154979,-0.005569578,0.394557,0.00054372574,0.22972685,-0.0068979347,0.23773694,-0.15352319,3.1838005,0.054015104,1.7759767,-0.006239921,0.2766091,-0.024971321,0.40851742,0.017566845,0.6514343,0.0050098943,0.32011443,-0.015077199,0.28894007,-0.0017110633,0.25103438,-0.0075330106,0.23389421,-0.0022737589,0.3966296,0.011265977,0.32938683,-0.00043011925,0.20467348,-0.002972085,0.19964613,774.5986344025911,1091.6538128737109,624.9501178527258,726.267605492507,1257.8622611464968,1675.9440670145552,0.08028960987261147,0.13041440360952924,0.0228107,0.048908748,5-179863-A-43.wav,car_horn,5
-133.79547,33.195583,46.643223,17.578451,-11.075659,5.867659,11.207386,3.299424,1.5497031,3.2565928,6.128968,5.2071877,2.8181038,3.399895,2.2871885,3.715984,-1.9667072,4.536728,2.3260376,3.3279605,-5.283125,3.7036252,-0.76358134,3.784527,12.03839,6.610817,-307.27957,128.82788,35.72629,34.45403,-2.0343506,2.9902437,7.1031384,7.071777,0.5576513,1.7300777,6.3081875,6.2672176,2.596479,3.0465434,2.5094328,3.3617892,1.8934605,2.5168748,1.6902924,2.2877107,0.14170292,1.628642,1.2993242,2.1648922,1.5125892,2.6582165,-440.56793,6.1035156e-05,0.0,0.0,0.0,0.0,0.0,0.0,0.0,0.0,0.0,0.0,0.0,0.0,0.0,0.0,0.0,0.0,0.0,0.0,0.0,0.0,0.0,0.0,0.0,0.0,-1.5884612,7.8039193,-0.43759727,2.5959384,0.031948738,0.6215731,-0.058906283,0.49749956,0.013649746,0.28468034,-0.07669319,0.64102197,-0.022764644,0.4573648,-0.025968654,0.38413444,-0.03426909,0.35055932,-0.004777058,0.35008195,0.004633457,0.36735684,-0.011553406,0.34936276,-0.024640158,0.5811232,-0.032580968,3.5051093,0.0058376407,1.3462833,-0.0050052707,0.4033612,-0.010902543,0.30104637,-0.0029030698,0.27890557,-0.003787364,0.3974981,-0.0008814994,0.25844592,-0.011946989,0.33029005,0.004942527,0.26803902,-0.0021963129,0.23429903,-0.0036417968,0.26334888,-0.015581813,0.26143017,-0.006191574,0.39052898,764.0905928238549,798.0587903756405,782.9612016495594,777.9099328276211,1488.5549363057326,1536.828707236322,0.06103826632165605,0.07317955491160368,0.022442982,0.03158651,5-179865-A-43.wav,car_horn,5
-187.80002,47.540764,68.23206,20.121973,-18.142103,11.5310955,7.807566,5.1691384,5.333437,5.935536,0.84881645,4.8106813,4.0217423,3.085191,8.339149,2.6530914,-0.0333706,4.366544,2.2646673,3.2511744,-2.7628965,5.1985826,-0.027007844,2.5557966,2.3688102,4.3839736,-461.67316,52.540863,4.656228,18.456177,-0.15034506,1.2697403,0.14751357,0.61110204,0.46704644,1.7094207,0.48928148,1.9253507,0.27007216,1.0927024,0.5321982,2.054804,0.19211787,1.029605,0.08071758,0.7437039,0.057801683,0.49081323,-0.03052508,0.4940744,-0.041225396,0.6469446,-474.69745,3.0517578e-05,0.0,0.0,0.0,0.0,0.0,0.0,0.0,0.0,0.0,0.0,0.0,0.0,0.0,0.0,0.0,0.0,0.0,0.0,0.0,0.0,0.0,0.0,0.0,0.0,-1.6540543,7.9259777,-0.48740986,2.7833056,0.10306651,0.6637814,-0.05742021,0.34016532,-0.05720545,0.5689152,-0.03547337,0.4780135,-0.035258397,0.2599248,-0.054955672,0.33496413,-0.02712969,0.37413093,-0.028889274,0.27838004,-0.014274084,0.46355048,-0.0057577295,0.17971788,-0.014299414,0.42367762,-0.32759693,3.4474058,0.09468932,1.2501614,0.061074365,0.3947206,0.037571855,0.35635433,0.041591603,0.36459935,0.030385235,0.23788108,0.019972414,0.18792175,0.0018672062,0.21554947,-0.014580722,0.29837465,-0.0011862159,0.20160265,0.0429515,0.36503989,0.009772715,0.19198303,-0.033338424,0.36564842,475.33879128476025,732.3317353177134,504.0371667432588,693.0468398270373,857.5835987261147,1320.2281014002913,0.03675482683121019,0.06655346332034918,0.008069415,0.0149391405,5-179866-A-43.wav,car_horn,5
-132.99405,34.96083,46.236607,23.090597,-15.0828495,9.571409,11.280425,6.711111,-11.341885,6.698368,1.1273668,7.0573535,7.3072352,5.746576,-3.8912966,5.0416255,-6.3197126,8.049493,-0.93492246,8.236946,-3.0289614,3.7400239,2.9147577,5.96948,12.714442,9.797355,-177.46503,17.02563,76.82701,4.9406476,-10.886229,9.537459,4.729914,4.9345074,-5.930165,9.011865,4.611314,3.620948,5.34743,7.591827,-1.2473302,5.2243166,-0.10981118,3.2951415,4.6371007,5.1944833,-0.48647916,3.7659934,2.3841243,2.4388664,-0.31508482,3.9035316,-191.88342,4.721937,85.5919,2.811506,-10.588683,3.6029894,2.9632955,4.0198255,-0.41438878,2.5095696,5.7978597,2.9418893,3.334471,2.7564237,3.9356647,2.7856843,1.166799,2.5416305,0.33063215,2.6191094,-1.0134398,2.2607582,1.8260366,2.5699089,0.062022597,2.1106405,-0.49979392,3.1411648,0.31849948,1.6539723,0.041312687,1.6743648,-0.13341007,0.76091284,0.13641216,1.2742461,0.090022214,0.8169746,0.021922529,0.99652016,0.08700517,0.7955568,0.09567667,0.6727923,0.082836844,0.8974459,0.0034579076,0.61357135,-0.0692982,0.47632664,-0.1078937,0.8037356,-0.08708105,1.3586671,0.049214885,0.6848732,0.017987087,0.9489374,-0.037398692,0.55338925,0.013752713,0.7335764,-0.021105342,0.48369744,-0.02683755,0.68076116,0.016913211,0.50133973,0.01347603,0.48212233,-0.009792065,0.46550888,0.019206777,0.46020454,-0.0022749703,0.34672827,-0.02340101,0.4580399,1305.3049365425645,347.20628660866475,1339.6020796898981,162.8590681028667,2336.0867834394903,593.5158612540991,0.11707553742038217,0.06390720720985543,0.033693947,0.032352377,5-179868-A-43.wav,car_horn,5
-38.414165,5.6997504,46.19789,3.2118654,-9.392709,2.45324,3.4517863,2.2515738,-1.3892684,2.3689556,8.772634,2.3172545,2.3221085,2.5994012,6.748004,2.157913,4.925194,2.881304,1.6810424,2.2329338,2.230614,2.247366,3.2147052,2.2574852,0.19860712,2.2783637,-38.982132,5.8921947,51.46492,4.173822,-10.88882,4.242529,9.606347,3.6750367,-4.333339,3.4231122,6.673502,3.7542424,3.3149974,2.832784,2.0284011,4.81204,0.5061769,3.6290147,3.7868514,3.002903,0.24171503,2.6059637,1.7329257,2.4854605,3.2462986,3.9865692,-56.301197,18.435604,59.29492,3.37932,-14.578832,7.544873,6.3667936,4.903595,-3.4625735,3.0352287,9.458161,3.1290941,3.109275,2.8509848,5.2839994,3.536706,1.8628854,2.983529,0.8744957,4.354508,1.2331648,2.563977,1.1430027,2.5421677,0.65688866,2.9152792,-0.24692342,1.3798876,0.08118044,0.5866621,0.024119873,0.72791004,0.050563622,0.64394414,0.00046489498,0.44026187,0.011149671,0.47907475,-0.0070990287,0.4214759,0.0038796717,0.5266619,0.00093589164,0.44721243,0.015180793,0.48229912,0.039186962,0.35971603,0.010955385,0.34187424,0.002595209,0.5339413,-0.026715275,0.9342022,-0.002470983,0.45205003,0.011000249,0.50231004,0.00056914845,0.42493135,-0.016711496,0.35614768,-0.0017047817,0.32929134,0.017798077,0.327455,-0.034473263,0.41656893,-0.022891456,0.34534296,-0.0013302781,0.361223,-0.0032143926,0.27711943,-0.0008977864,0.26054916,-0.0111723505,0.3717849,1683.6024846311534,181.8604261047269,1700.9831014037818,149.76626739719595,3533.140923566879,475.4933950072121,0.12518038415605096,0.022741344141063817,0.15638138,0.050679088,5-180156-A-43.wav,car_horn,5
-41.591618,28.770063,44.90481,14.710351,-5.8336587,6.34197,14.57044,8.108285,-0.74619985,6.0311,12.351313,3.3621817,4.3178883,2.762971,-1.7630479,5.567315,10.857087,8.519982,-0.082521066,5.088871,-1.1258074,4.5235996,4.8784256,6.9263573,-1.7122757,3.8519533,-60.64708,14.287919,59.949078,9.360116,-10.020875,3.8841317,9.484345,5.069804,-1.875746,6.505324,9.790419,6.015534,3.4688594,3.2044945,-0.056766536,4.7866664,4.9537835,5.8908143,1.4252384,2.6950285,0.6131816,3.4655426,2.6923752,4.629704,-0.8073806,2.8927708,-50.143227,20.712181,51.294106,10.588865,-13.102595,5.9569783,8.385436,5.151983,-2.5347724,4.2505,7.2963567,6.501753,6.341472,4.1122046,0.66725886,4.448343,2.1480558,3.8011456,3.5078347,3.2009377,-0.009811039,3.266095,0.6901957,3.4917543,0.06822856,3.636973,0.30551308,3.810055,-0.124111176,2.2288296,-0.11055557,0.8345777,-0.09022793,1.0557053,0.038009,0.90006816,-0.070297025,0.85853934,-0.0032291745,0.6028717,0.037562344,0.87309176,-0.030410796,1.031849,-0.0082297465,0.5286843,0.009428758,0.61361927,-0.02580597,0.79995996,-0.079201415,0.556393,-0.19114357,2.7551117,0.070395544,1.6057926,0.04784997,0.5405413,0.0142576555,0.5723214,-0.0235045,0.56746197,0.060063247,0.72685707,0.007949302,0.44593185,-0.026109325,0.58362585,0.009899082,0.61972994,-0.0012385036,0.33952507,0.003808847,0.37081662,0.04320065,0.547413,0.01860206,0.42846334,1634.9359024073542,379.38508261943184,1681.8445948062863,210.64268907380233,3351.4132165605097,750.2707716714855,0.14574417794585987,0.08623726881549316,0.17645076,0.075981796,5-180156-B-43.wav,car_horn,5
-49.719437,17.160357,61.46903,4.1771827,-16.016338,5.415952,7.1135793,3.6851873,2.1403737,4.4170446,7.7703123,3.2281442,-5.319633,7.145705,2.9065363,3.0146148,2.7512205,2.6286929,1.2061529,2.6432858,1.8747629,2.8860688,1.1179477,2.6897988,-1.4879435,3.6216273,-36.92779,11.604112,67.29094,7.5311446,-15.275896,6.243655,4.6907434,4.2783284,2.9189556,3.5747142,14.0376425,5.255834,-5.726571,6.0486536,-2.4162247,5.1272926,-0.80915934,4.0599027,0.82342243,2.125023,-0.113993615,2.439862,3.8655767,2.720171,-0.76934403,2.856086,-52.23322,14.88853,50.1862,10.486434,-13.94701,5.2930174,12.100586,6.2097163,-3.183576,4.0632687,9.013658,4.368098,8.266288,6.713168,-0.94978267,5.1199303,1.1281652,5.3378186,7.477905,8.566674,-3.658482,4.11726,1.1209611,5.4537835,2.4146135,6.119832,-0.11213237,1.8794043,0.041699313,1.207485,0.04944767,0.7653442,-0.054638293,0.78662497,-0.0022362813,0.5059157,0.044011492,0.6927946,-0.0048605865,0.80761945,0.0016032906,0.7279226,0.017251564,0.6475483,0.019731961,0.75708675,0.015994923,0.5624632,0.03314616,0.60493267,0.028836684,0.6212528,-0.0123439655,1.3449425,-0.041884575,0.73865575,-0.0126264645,0.44246867,0.0067304773,0.48916396,0.011190779,0.32112074,-0.025065772,0.37517694,-0.0015391362,0.48743698,0.009943863,0.39278072,0.021614848,0.4134629,0.0042165597,0.43446693,0.002325345,0.37749147,-0.0023126556,0.34755275,-0.009221482,0.38322192,1505.6971256745853,271.65199982008573,1536.527978136293,165.6238870651487,2856.687898089172,620.0720791045767,0.15109972133757962,0.0637996767185668,0.19127797,0.07663635,5-180156-C-43.wav,car_horn,5
-141.58017,34.93326,78.31158,9.604741,-5.99882,8.8259735,8.639001,4.629857,-3.9441426,8.838961,-5.684568,8.438137,-8.126532,6.8781953,-0.15894662,3.8006415,7.3825636,3.938037,9.041482,4.9638777,6.285529,4.2302437,13.119267,8.342048,10.395414,8.047813,-138.49706,22.52697,81.177284,5.7760267,-9.15523,8.313333,12.205139,4.2100115,-4.0860004,6.9277754,-9.370484,4.89804,-11.262898,4.960366,-0.51927006,3.659705,8.349894,3.6872063,11.169857,3.1345997,9.184298,4.3594074,18.25685,6.2511168,9.49482,6.6799045,-113.82512,11.856654,76.780846,5.993088,-12.876342,5.346071,11.529663,4.510745,-8.019221,5.9581823,-13.982132,5.7424583,-9.362853,4.7379365,3.2370434,8.644374,13.5527725,6.781334,13.217648,5.7379875,10.944303,4.699444,14.709788,9.959086,2.5985153,12.157006,0.4181544,4.84957,-0.025966235,1.3836515,-0.07797463,1.3287566,0.017864613,0.8594153,-0.09262051,1.1918494,-0.14749663,1.0614103,0.007109411,1.0478541,0.10586477,0.80230343,0.10558166,0.6387542,0.07810669,0.6484293,0.042475898,0.74489695,-0.073348425,1.4477435,-0.13397709,1.408847,-0.23480035,2.0410404,0.036953337,0.91713613,0.045170464,0.66063565,-0.013463298,0.53540826,0.06327966,0.79059625,0.083892725,0.5923016,0.06928513,0.6041355,0.030815037,0.4768107,0.009859302,0.3637579,-0.042356398,0.417349,-0.038335957,0.43996233,-0.06461987,0.5962068,-0.052882165,0.7594468,919.7765918219585,113.72759263845732,1095.2570216176784,148.93983122524844,1647.9896496815286,225.90907248053895,0.06883210589171974,0.019308418945797667,0.19292255,0.14072073,1-31482-A-42.wav,siren,1
-111.06536,11.886842,74.74948,4.2389383,-16.933039,4.8738427,2.9034479,4.818114,-14.661869,7.062867,3.2360992,10.364201,18.615536,10.381801,22.765556,6.796819,8.515651,14.1441555,-5.5445046,12.662722,-8.662098,10.08565,6.1319904,15.903875,7.5740156,8.389231,-108.44854,9.937286,79.608795,3.9465363,-16.236822,5.3249035,-0.41307846,3.4583962,-9.239084,4.8582788,7.0592685,11.634613,24.81597,6.9046636,20.05496,6.0882683,3.631915,13.446211,-6.7530956,11.177691,-4.637482,10.230868,7.0368066,15.832145,5.7670283,7.483838,-101.59401,6.788941,83.877144,4.14873,-5.0011373,3.7742603,7.193574,4.7244287,-4.8335567,4.677417,-10.835683,4.142894,-2.898292,5.352418,8.961988,7.6653986,13.513499,4.479516,11.656847,3.4600396,10.448144,3.7231572,10.152375,7.989146,-1.7143091,8.694359,0.088696174,1.2202635,0.014010713,0.6672626,0.083429255,0.66509956,-0.04188821,0.63609546,0.049668726,0.6927981,0.08976923,0.7827714,0.042699132,0.78912234,-0.0370296,0.7815571,-0.059085846,0.82624775,-0.021925628,0.8371435,0.06279819,1.0745281,0.1002367,1.0820624,0.0240782,1.0657924,0.070821464,0.6374505,-0.021660315,0.4555027,0.027126957,0.47263595,-0.020702656,0.41548035,0.009108381,0.3575344,0.011589662,0.3974589,0.020132232,0.39096892,0.0048013707,0.41935322,-0.022562739,0.32333457,-0.027182762,0.354426,-0.006937434,0.34239355,0.013370586,0.3977978,0.016227752,0.44539234,979.2515800072302,106.1962413052418,1037.488152136962,101.77795726793832,1426.0549363057326,284.139998384323,0.0963437997611465,0.02565378797031159,0.23135327,0.069935635,1-31482-B-42.wav,siren,1
-223.00554,6.6132684,80.025955,18.580355,-64.47676,14.01933,-18.197304,5.681969,-26.383617,6.225114,-23.858786,4.936377,-25.485138,7.3385644,-27.20335,4.8527737,-18.517672,6.5332103,-8.553508,12.9963875,5.3797483,18.273485,11.855775,15.66198,9.1447115,10.3607435,-232.74438,12.478922,60.066196,20.057379,-65.795006,15.057964,-10.154709,11.768617,-23.793697,11.118473,-24.672075,7.105894,-35.28201,6.2896576,-31.690208,4.370551,-4.6363645,4.419765,29.508541,5.943971,41.026,4.611425,36.011326,4.57327,2.003782,3.8647878,-184.55072,9.076864,108.515465,9.698696,-51.279026,15.677897,-11.034275,12.425011,-24.405651,11.66356,-24.258478,8.821396,-27.228323,5.531098,-27.961746,2.9986603,-13.617763,4.810988,3.1137395,9.362148,6.086751,9.379563,14.080149,6.550754,-3.8403363,6.3021283,0.32307702,1.3044652,-0.15838207,1.4912928,-0.24786527,1.4247589,-0.07729045,1.0026658,-0.10743213,0.92220134,-0.04878393,0.7716856,-0.09770254,0.73428017,-0.068345256,0.63155127,0.026640626,0.7299798,0.117668636,0.91279024,0.16321704,0.9960808,0.2001866,0.84449804,0.16398317,0.8417549,0.17603686,0.8098106,-0.051995162,0.5801178,0.20879464,0.9061844,0.040867724,0.44735762,0.06273635,0.42646742,0.065528154,0.40076235,0.017871516,0.35087606,0.036883846,0.33148208,0.045216072,0.4970936,0.031224743,0.326492,0.026757015,0.31437293,0.016518136,0.29659367,0.006179899,0.42422655,876.2628687325749,97.80125688225156,608.3526400873752,100.43245923128767,1297.6711783439491,190.4197771712348,0.07668192675159236,0.009360751515180283,0.08130087,0.030883942,1-54084-A-42.wav,siren,1
-132.68054,15.105176,11.496034,9.338145,-18.5076,4.3772902,-3.0311863,6.5029387,5.4296536,13.312897,25.164783,12.735233,5.573085,15.662963,3.189529,21.01714,4.8289013,17.211353,11.692495,23.99477,-1.104922,23.331545,-0.83971065,20.248514,6.5629215,14.30693,-138.79385,10.189266,6.3729715,7.153988,-18.672487,4.243265,4.543754,6.31278,18.606077,10.160034,25.329573,7.2845306,-13.842845,12.171067,-7.3270264,9.58076,19.05726,19.147455,19.592777,14.768326,-12.645203,24.79735,0.8552303,18.255405,12.097793,13.096953,-78.90453,32.95443,7.7331996,11.517349,-31.05453,17.279251,-9.820877,8.571394,-10.210294,14.215452,16.280039,15.022479,13.882592,14.692768,9.1129265,16.811825,0.13925056,14.525556,-5.96677,14.473399,1.608383,17.993927,11.027123,15.413709,7.484709,12.814302,0.24991623,2.620435,-0.26900387,1.827565,-0.1446953,1.2414513,0.08384295,1.2911333,0.29383266,2.2568443,0.33393914,1.9967198,-0.052447192,1.7517116,-0.3293013,2.014766,-0.21380408,1.793265,-0.03592131,2.4959033,0.056592077,2.464544,0.19197866,2.6288755,0.075340256,1.9183385,0.14995818,1.7859247,0.14025843,1.3164508,0.0105593875,0.72396046,-0.035955966,0.80132556,0.0048939968,1.4703052,-0.048477475,1.1937994,-0.100002006,0.9665341,-0.08897644,0.93184334,-0.04358383,0.77748615,0.01253471,0.9493397,0.056659967,0.96998,0.04414495,0.84066886,-0.03939414,0.82161236,2038.3415113721912,271.6137682124064,1404.9201330954147,189.2329088001329,3397.890127388535,703.8500964483602,0.17142714968152867,0.03447889793281411,0.40052998,0.16509195,1-76831-A-42.wav,siren,1
-68.98373,22.445757,19.092844,16.14301,-52.314724,9.706162,-13.362253,10.989214,-1.2791361,21.656023,21.366428,20.684813,3.4745069,16.570492,5.855338,14.959596,12.659933,11.4167,13.101577,9.319716,-2.3722966,12.469782,-0.26671427,8.044939,5.3794546,8.685349,-24.1998,14.020333,44.460747,11.022627,-51.800827,10.496181,-18.927422,6.904322,-13.3414545,8.253893,3.6064272,11.862633,-6.919912,9.265272,3.1251893,5.7585716,14.191749,4.6745687,15.10383,5.101393,3.5431328,4.898341,0.5358142,3.2354074,2.6590047,4.417954,-52.75875,25.486353,27.546541,17.295202,-53.59573,9.482755,-14.462698,9.665469,-5.8601413,19.511078,17.545107,18.09085,4.0685225,14.8037615,5.0391016,12.481236,14.599212,9.380361,13.1602955,7.5003066,1.2137103,10.501202,-0.21486895,7.338063,5.194245,7.9782043,0.0047777505,4.27872,0.04436991,2.891256,0.049352784,1.3094271,-0.030884616,1.809482,-0.015593608,3.9397178,0.005121632,3.2255914,0.043931726,2.3496087,-0.061104406,2.3440194,-0.026108608,1.1478859,0.044505563,1.247252,0.10189179,1.6380911,0.006112281,0.8376636,-0.007083723,1.2514489,-0.17367357,3.6471465,-0.10683193,2.4593472,0.016232697,1.0094147,0.090081885,1.478468,0.2114802,3.5469873,0.119991034,2.8796916,-0.12805025,1.8441448,-0.13638638,2.118611,-0.0086414125,0.86370313,0.017526992,1.1099625,-0.07593844,1.422342,-0.03176199,0.6118697,0.05922151,1.0774308,1677.9103244694616,203.04677025880372,1170.752401036267,84.85510644826375,2485.9673566878982,349.01237936887895,0.1565485668789809,0.03003516370146667,0.42538014,0.06452709,1-76831-B-42.wav,siren,1
-27.512318,15.471985,44.1741,9.957727,-52.814396,8.946261,-20.203474,7.3528414,-14.795496,8.508509,4.6773777,10.567203,-4.8871574,10.050432,3.4333103,6.514304,15.649825,5.3093843,15.605867,4.614306,4.380069,4.4608583,2.946578,3.9650795,3.5376575,3.5696342,-68.40738,21.395615,18.821058,15.755044,-54.61185,9.372615,-12.288096,10.371763,-2.8477392,22.070736,21.065409,19.162048,4.575999,16.698528,2.6212015,15.256472,12.421677,11.350576,12.753931,9.055245,-1.6594621,11.629682,-1.2114209,8.27144,5.5513763,8.920807,-66.79895,21.382914,20.10029,16.659946,-54.827545,9.134471,-13.834671,9.864428,-5.619759,22.513533,18.480587,19.870014,5.9179254,16.517597,5.4133782,15.158865,11.670442,10.396944,12.967202,8.675323,-1.6244931,11.571285,-0.4208962,8.282673,4.1112194,8.743559,-0.17833337,4.207126,-0.10317591,3.0000203,-0.03380439,1.2280418,0.01610194,1.8546656,-0.029146511,4.3089275,0.08473721,3.375281,0.1641576,2.4210267,0.05070592,2.5509467,-0.06418798,1.2552699,0.010306026,1.2505275,0.051103223,1.7095258,-0.07102266,0.893092,-0.029788528,1.3487955,-0.21920827,4.1503906,-0.08575551,2.824975,0.027369754,0.85470784,0.068995334,1.7428731,0.14336373,4.216339,0.10032483,3.150501,-0.073988006,2.0603871,-0.101646245,2.5038035,-0.00053322356,0.806008,0.030434435,1.1833918,-0.03827004,1.4249716,-0.032039132,0.62568426,0.022179112,1.2432246,1683.288533444552,209.7548353739861,1156.7145168054542,77.87730344184864,2498.109076433121,370.13896854593537,0.15550980294585987,0.03179025369281146,0.41986653,0.06637815,1-76831-C-42.wav,siren,1
-54.59729,42.92512,34.251106,19.881115,-44.278076,10.31424,-13.130491,7.643254,-9.57174,13.183532,8.805416,14.379069,-0.72451633,18.265364,2.9024954,12.830614,10.010817,9.510267,7.9812117,15.888508,0.8936085,11.525746,5.7776456,11.66985,7.233173,8.805192,-111.18967,12.492144,14.461509,6.881687,-19.096975,5.8064003,0.30606893,4.287911,-18.806187,5.298663,-2.7807105,9.363474,2.9354336,14.79566,24.727978,12.116932,24.984596,8.434318,15.299011,18.918518,-3.6026778,23.840418,-7.449059,17.561138,-3.985388,22.18654,-131.95392,14.003995,6.7124114,7.710506,-19.919477,5.03319,-0.4553283,6.0284343,10.648981,15.2828455,26.196127,7.5612,-0.79650754,19.542532,-7.293125,13.25926,7.187893,20.472486,14.117815,19.633097,-2.830264,25.298712,5.336182,20.937178,8.782921,14.113418,-0.30543736,3.3994174,-0.08294609,1.9902939,0.1455635,1.2178649,0.09897535,0.89213675,0.09850425,1.771301,-0.046443053,1.6343855,0.05716716,2.0846148,0.013574795,2.1093009,0.10871916,1.6753112,-0.19611955,2.4214141,-0.077247456,2.705145,0.15754642,2.9171739,-0.004490579,2.1739707,-0.21081395,1.9585404,-0.12613446,1.1421577,-0.06129475,0.6853113,0.060295567,0.6721434,0.07033895,1.2277516,0.056856494,0.9207105,0.053144645,1.0478742,-0.0114973,1.0145019,0.0022828928,0.6610748,-0.031111212,0.7973675,-0.00090766407,0.92652047,-0.032046672,1.0300741,0.019414457,0.7455104,1777.7375495532885,298.61807039380574,1318.539433663911,139.60537569640064,2912.6194267515925,598.9805736219022,0.14543317078025478,0.040904777604232015,0.4358065,0.14876612,1-76831-D-42.wav,siren,1
-110.05191,28.277887,10.5568075,9.259656,-25.136972,14.284008,-8.056039,6.576655,-1.092933,13.645922,24.7531,10.842054,11.19258,14.522207,-3.724609,17.006594,-3.9790132,12.021818,5.100938,21.996794,10.379364,17.417301,8.529631,22.355621,2.502229,12.743919,-39.376907,18.725163,20.372746,13.727738,-57.687325,5.6719875,-20.105185,8.705069,-10.218282,18.835222,17.559553,14.08009,1.5273963,12.590438,3.19994,10.712765,13.478858,7.4593115,7.178565,7.7882485,-1.1117705,9.209477,2.5937717,6.8030515,5.5781446,5.5623784,-21.727747,14.787251,36.096924,16.532019,-54.25251,7.8419685,-20.214142,6.644162,-12.331244,11.233452,9.358722,11.611835,-7.8377743,10.452735,-0.88690865,7.141165,14.025966,4.024815,9.227562,4.2059336,0.72233313,5.8460474,3.3904614,5.476867,5.81343,4.05093,0.37449825,3.2819514,-0.091045044,2.5218403,-0.17000774,1.484023,-0.021411689,1.297985,-0.049335044,3.0143604,-0.005463606,2.3020992,0.00934158,2.0288076,0.06648784,1.9955609,-0.007510668,1.1591483,-0.112766944,1.6534882,0.033408597,1.7635756,0.10382126,1.6793706,-0.038290445,1.4068247,0.06796496,2.2173805,-0.046304345,1.8986882,-0.01572135,0.93747765,0.06430843,1.0441563,0.1657405,2.6429791,0.024769327,1.85326,-0.11014904,1.6747111,-0.0645514,1.4648193,-0.01647653,0.6539899,-0.03870577,0.8491948,-0.07634235,1.1762818,-0.011421252,0.8004853,0.057053257,0.9480855,1836.5924980457935,241.88646313597465,1294.0668786646131,136.17930299623356,3047.8702229299365,529.2019860274488,0.16297397492038215,0.02559505910373192,0.42839435,0.09682175,1-76831-E-42.wav,siren,1
-34.987164,2.8149931,49.256058,4.2877464,-19.420137,3.0158665,-6.861847,2.9399953,1.9832238,3.6258638,14.510134,3.9082017,2.811907,3.0997567,0.4186983,3.3508174,-3.6566455,2.839389,4.861961,2.5000067,8.170848,3.2298002,10.0883045,2.3464756,-5.9937587,4.5441794,-45.123806,7.0356927,46.46851,4.0087733,-19.716078,5.2809353,-6.4033422,3.3817935,1.1610947,4.9730062,11.48234,5.0352798,7.3712053,3.4780812,6.65168,3.3806221,5.2705135,4.0519376,9.476853,3.731624,7.299095,3.9473546,9.162863,2.8252316,0.17991859,4.606376,-58.851555,11.513175,61.241814,5.412329,-8.083042,4.6631303,-0.43174922,6.0803666,4.5202756,3.9025748,11.69923,4.016232,2.5212262,4.3480334,7.071136,3.0808468,1.0944706,3.502836,7.25323,4.529198,8.301303,3.1182308,6.3524623,4.3869967,1.9675884,3.5492115,-0.2732191,0.7659229,0.019785559,0.6543767,0.106491916,0.6879044,0.13912244,0.6028066,0.03829062,0.64861596,0.056975834,0.7495896,0.012923198,0.60503876,0.13461812,0.49667126,0.04455578,0.6476384,0.021259487,0.5320531,0.005009147,0.5404206,-0.04788304,0.5682228,0.008021821,0.62829447,-0.031423412,0.35940665,0.023695786,0.4298258,0.004406891,0.41495714,-0.025871137,0.38877654,-0.023006788,0.36099643,0.014320323,0.38479632,0.0027109317,0.3398636,-0.0026890533,0.2583506,0.0010113837,0.3409326,-0.035206914,0.32617524,-0.014693178,0.35339183,-0.0048760907,0.41038275,-0.030032929,0.36100462,1531.0695093376648,146.4390583196667,1581.7113971370618,91.52175429531228,2930.1353503184714,361.06317567922264,0.11976263933121019,0.032406941880508716,0.19861895,0.034540813,2-43802-A-42.wav,siren,2
-102.70775,8.727881,52.252213,4.767785,0.73214316,7.83175,4.666557,8.781345,-2.4391744,10.672136,18.055756,15.211784,3.295363,15.0141535,14.954017,15.524641,-0.77936673,12.564453,9.667491,10.100477,7.942872,11.187456,10.82839,13.853649,0.36615467,11.515796,-120.73438,8.848987,42.228027,5.859123,-2.2226872,4.766327,7.0735464,5.0157065,19.192972,4.587929,27.739237,4.122593,-13.186543,6.8547454,-1.0808041,5.562426,10.098769,7.36484,23.152649,6.5876436,-11.920487,7.969055,-0.20695448,9.237678,14.915175,4.3600936,-179.10349,101.89002,29.763845,18.699923,-5.3562145,6.2577257,-0.09846184,4.8146415,5.8693676,8.4930315,23.415535,15.371349,5.471522,9.547309,0.19393852,9.839181,-7.9314027,7.9190784,4.6159887,11.936831,6.0993896,10.01916,11.359808,14.085357,-1.3584939,8.937814,-1.5435846,6.952614,-0.34108263,1.4182495,0.10847527,1.1153626,-0.107724816,0.8467523,-0.13122152,1.1309426,-0.15516756,1.3378701,-0.0084677655,1.5440015,-0.012271629,1.4343375,0.09996733,1.3371543,-0.033879917,1.3041168,-0.06272782,1.6009151,0.00036966725,2.0914233,0.077387005,1.9048364,-0.043947726,3.2270398,0.0034220112,0.8894765,-0.025451833,0.7407694,-0.02705365,0.6492731,-0.009946424,0.56082565,0.009452115,0.5395985,0.030091917,0.5864486,0.027674269,0.6671528,0.0014279124,0.4446698,-0.012703734,0.56888264,0.026589224,0.63038576,0.052839484,0.85894614,-0.0655867,0.8656805,1503.3516297218603,498.7349514431393,1442.689526243644,462.5996018254446,2944.3670382165606,1157.9800406821091,0.14673318073248406,0.05717973776876836,0.14973553,0.08004242,2-43806-A-42.wav,siren,2
-51.87153,17.063648,23.766764,5.0981507,-49.844124,3.2184215,-12.968881,5.6361427,-12.962387,6.207181,13.580888,7.599622,16.196749,10.366311,-4.131821,5.9793878,-10.698206,5.903554,-4.3518705,5.773722,7.3021097,6.0188665,11.771807,7.888634,-9.704978,6.7082705,-37.55162,12.330643,28.280283,4.4733577,-52.311672,4.3701982,-10.4189205,7.336921,-12.610215,8.141435,3.6450534,6.5450754,6.3759885,10.280704,-5.2814755,9.826463,-4.236222,5.555547,-1.5085329,4.2374578,4.91876,7.007583,13.606957,8.536568,-4.854105,8.025186,-68.13724,12.206254,23.24133,4.8560023,-52.25377,4.5232024,-13.567948,3.5284064,-9.341372,7.0399456,20.684862,4.8255453,18.036684,5.8549633,-8.69791,7.6023555,-13.468296,3.9355788,-3.1500278,6.217579,6.073218,4.7364697,20.90391,5.5857215,-8.285904,4.167781,-0.31838444,1.9225148,-0.0006108861,0.82599664,-0.0571181,0.6776374,-0.10499349,0.86216927,-0.003309224,1.063763,0.051149655,1.0542883,0.03323665,1.3645273,-0.01676707,1.3394529,0.047887422,0.96786803,0.1389486,1.121632,0.10190337,1.3206743,0.01235903,1.7328734,-0.119477585,1.4938208,0.070807084,1.19322,0.016712718,0.4618101,0.030791808,0.49624506,-0.030456655,0.440146,-0.010007752,0.52472013,0.01402509,0.4536315,0.0461158,0.5961722,0.060375694,0.6818211,0.03407389,0.55226994,-0.024059882,0.52630246,-0.036255613,0.64828825,-0.053394597,0.9071977,-0.0145141855,0.8260349,1843.1125825201877,137.5581273472889,1284.5019275176705,94.01057734832544,3111.763535031847,308.1916666938123,0.15358777866242038,0.014930240972222421,0.40056157,0.05386648,2-70052-A-42.wav,siren,2
-54.660397,14.827109,27.313446,6.768029,-52.86849,5.121886,-9.338764,6.0142803,-9.653894,8.730398,9.89744,10.381772,10.92708,12.443128,-2.5644426,9.395089,-7.869684,6.6981273,-0.2950228,6.4592824,4.7117033,6.473595,11.3647,12.930233,-4.607326,6.3964763,-67.50003,9.396389,33.641922,3.5987263,-50.951817,4.551764,-9.225173,3.8122602,-10.322412,4.6987453,10.946854,7.3399014,13.255898,8.351615,-0.7300467,6.057036,-3.837649,5.0066853,-0.62605125,7.3476233,2.9262798,7.0617876,9.891044,11.072851,-1.6271858,8.51327,-268.0857,101.630035,9.580053,13.720762,-14.547642,20.751898,-1.4220927,3.4838033,-0.62720823,1.46034,6.967329,9.807278,4.482296,6.60323,-2.9763489,4.7865396,-3.3283942,4.8204536,-0.20982091,1.6203443,1.0505356,1.8211943,4.2905607,6.1467304,-0.2723555,1.4734721,-1.7298745,5.481307,-0.14273578,1.0020031,0.32135805,1.4214311,0.09800629,0.5554972,0.05439389,0.9118695,-0.16143745,1.1819993,-0.117686495,1.1389279,0.012263095,1.0916897,0.08541724,0.80161077,0.029363463,1.0133164,-0.042256795,0.8590337,-0.104419656,1.902756,0.021579184,1.270267,0.019172853,1.7196133,0.012462297,0.47088248,0.008285281,0.6318304,-0.021681014,0.4033409,-0.02174939,0.38079745,-0.013053738,0.485151,-0.008538774,0.539882,-0.008795929,0.47799936,0.016167533,0.3701158,0.004128151,0.48017988,-0.016968114,0.39392474,-0.014317366,0.58337504,0.0069461544,0.43728456,1443.395820913486,780.4753543852888,1002.8896722865659,545.0144606603061,2361.9625796178343,1310.9468260404792,0.12460813097133758,0.06787308370779403,0.21880455,0.1552273,2-70052-B-42.wav,siren,2
-167.34724,25.199858,-22.226103,16.12559,-44.8554,5.1592875,-49.534855,5.913836,-26.32053,10.868037,9.614599,13.585265,22.779827,8.279659,15.900666,6.668276,-32.429295,7.7376294,-17.056107,7.773857,13.896351,13.119719,28.472694,7.177878,-9.034065,13.158152,-160.38898,11.52312,-40.758327,3.413821,-44.53821,3.022384,-36.186348,7.844857,-39.626286,10.432218,-7.554771,18.677938,20.89996,12.22047,37.43255,5.9539948,7.197285,17.983053,-4.824446,26.255854,-21.05811,15.110579,-6.772462,24.09675,6.3694143,19.534773,-136.89607,13.105268,-32.963123,9.506999,-45.71397,5.403137,-23.06532,17.827028,-43.575264,8.078821,-37.015663,14.728908,-11.502052,22.840527,28.23587,14.982667,14.191081,13.516669,14.954311,18.697512,12.48639,17.791883,10.414744,17.677757,-8.195463,17.960733,-0.15517402,1.9142816,-0.12368006,1.1447431,-0.112262994,0.7348366,-0.0828124,1.3478826,0.040594745,1.1826906,0.109722,1.4694945,0.080626205,1.6395706,0.032869376,1.4984528,-0.05259514,1.6648176,0.020956464,1.7502449,0.14512013,2.0010247,0.11638561,2.2484474,-0.15258075,2.045748,0.34280926,1.3600978,0.17941576,0.80716866,0.064521514,0.49779502,0.078494124,0.60377187,0.09402763,0.60770506,0.0752113,0.6070493,-0.0029560989,0.5608802,-0.10103494,0.68792844,-0.028421387,0.6443662,0.06471351,0.69596213,-0.016460828,0.60166836,-0.026860304,0.69609135,-0.057445563,0.71652883,1766.6415598242793,126.23247522040981,1406.626707948169,87.41074701624142,2796.875,434.08156071584426,0.14510350318471338,0.03682857717188601,0.35082522,0.06559834,2-70936-A-42.wav,siren,2
-83.06307,13.275973,-21.333271,11.918777,-50.498764,6.187954,-10.116887,5.2813673,-44.091713,8.1748295,-26.793169,8.9962,-32.62209,6.823281,-5.4316463,10.157509,2.595118,11.286369,12.436388,10.994394,8.811977,12.488695,2.7577732,21.621346,-9.867666,18.647928,-154.07097,76.68563,3.4083164,23.58804,-49.479958,9.747725,-1.3456438,3.8219903,-22.485533,13.936379,-15.010293,4.9832697,-28.45822,8.988384,-25.248293,3.6378717,-16.63691,4.6143255,-4.6419334,4.6513586,-1.8115389,5.275677,1.5346011,9.39478,7.232923,13.532487,-324.1827,11.996809,4.3225255,6.962786,-2.2269266,4.867488,-1.3213294,2.2439063,0.59736574,1.1986532,-1.1105068,2.6923897,-3.3630528,5.360551,-4.1186547,5.9814568,-2.865443,4.2186613,-0.17250322,0.94710976,1.0029398,1.6503781,-0.32422933,0.8947305,-0.3628466,0.71773463,-1.8209059,3.2694669,-0.07987524,1.4612716,0.36235085,0.9194875,-0.05672352,0.7433559,0.06451044,1.2075666,-0.058516666,1.3000877,0.12756538,0.8086144,0.19027779,1.1164564,0.23755257,1.2817613,0.14348884,1.01291,0.06346586,0.8656675,-0.06514771,1.4452406,-0.03057279,1.4884647,-0.036041666,1.1371826,0.07219444,0.5588949,0.058583412,0.5312973,0.021339167,0.30513486,0.03994433,0.3890476,0.08280278,0.53788334,0.12145419,0.7421574,0.08262997,0.7875554,0.0030816447,0.53459376,-0.043577753,0.42361405,-0.05977983,0.47672933,-0.065253004,0.6618632,-0.026154967,0.544953,1659.9748137549532,863.4933233088414,1186.8122623327044,615.5691889820374,2930.334394904459,1546.6326999781916,0.11314440684713375,0.07524513457785864,0.15304293,0.15625393,2-70938-A-42.wav,siren,2
-102.52377,18.340248,-36.825848,11.002441,-87.07887,8.968926,-43.569134,6.673089,-40.920742,9.479353,11.761736,17.047327,25.459848,10.1775,7.664699,15.252424,-3.9112685,10.650417,7.1556187,11.344863,9.644113,14.550991,-5.755479,14.790103,-14.559885,11.754135,-103.847984,17.78648,-38.986202,5.7428627,-88.647095,6.1960254,-44.437813,3.9853086,-41.60876,9.0870285,11.856736,17.17557,26.203098,9.533339,8.03169,15.39063,-3.5871534,11.304563,7.805454,11.638388,10.148699,14.03472,-6.001198,15.31195,-14.993408,11.361378,-102.15003,18.865541,-36.609066,10.746202,-87.235054,8.831453,-43.722443,5.978466,-41.30616,9.364716,11.384417,16.81166,25.314846,9.66082,7.9272842,15.233721,-3.6223536,11.020014,7.7702923,11.822346,9.514439,14.252961,-6.1355586,15.173015,-14.18046,11.842964,-0.16351466,4.532417,-0.06598271,1.7159634,0.08237811,1.6807424,0.019919705,1.0315195,0.054728612,2.2343352,0.16532658,4.1775846,0.11041913,1.5198885,-0.032825593,3.9578574,-0.12118579,2.270382,-0.09356005,2.2157326,-0.021395802,3.1948502,0.093306765,2.0472946,0.039216798,2.0862415,0.42084527,3.8011737,0.25652856,1.3637972,0.08462031,1.2931038,0.15668714,0.8954751,-0.08787479,1.8004643,-0.24210435,3.3522215,-0.033052195,1.0881989,0.23198041,3.25279,0.049528457,1.7403867,-0.1782183,1.8369226,-0.23454979,2.7116392,0.16131213,1.561637,0.16980909,1.8499047,1994.4081758554141,39.39685332843886,1316.1097118258642,38.83493985234303,3385.4498407643314,251.38566854753137,0.14719347133757962,0.017495552679769384,0.4190753,0.062044423,2-70939-A-42.wav,siren,2
-118.683685,32.9607,92.88285,9.589989,-16.484438,10.127321,28.32847,4.838504,-10.956301,9.775736,-6.193492,3.77956,-12.512137,7.5102334,-3.2486317,3.9320154,-1.63744,5.7825594,-4.296813,3.044208,2.3667862,4.51099,1.2180177,2.7800202,-0.99289787,3.334175,-82.77375,19.179571,57.93718,16.449959,-29.970552,5.961143,19.164064,3.8517976,-23.951164,6.218785,-12.512049,3.1924105,-22.255222,3.823619,-3.709395,3.8099115,-1.2515752,4.041972,3.9635813,3.787874,8.592373,2.7517676,4.422019,3.9215193,3.2842822,4.64255,-111.9605,14.882763,67.82581,5.8178077,-38.440285,8.424375,19.038605,6.0295873,-21.19014,6.2878337,-13.198709,5.020485,-16.901299,5.682869,1.4942518,4.241792,0.30679935,3.748827,-0.7223937,3.255868,7.522552,3.652354,2.2288902,4.2353387,4.8323965,3.4272637,0.5005635,2.2802978,-0.121270925,1.4137504,-0.17265363,1.1420641,-0.07157086,0.812638,-0.14597173,0.95556813,-0.13143034,0.7276876,-0.0580734,0.90894014,-0.01315482,0.7532123,-0.06162319,0.7310269,0.015179932,0.5211657,0.024391202,0.6409141,-0.004495794,0.68053836,-0.0016433569,0.5706491,0.055931214,0.7986548,-0.012474186,0.5211046,0.069778115,0.5861107,-0.07059438,0.5669313,0.047861155,0.58166736,0.010572759,0.44872555,-0.017335534,0.4226326,-0.019375032,0.4454649,-0.011753793,0.44435945,0.02615556,0.386059,0.012261496,0.3985492,-0.031771407,0.4126762,0.0054532182,0.352719,1107.496269055023,293.8792168832206,1090.7591432520553,139.65381374595617,2111.3654458598726,534.1799534235726,0.07625895700636942,0.0360826594426728,0.20393367,0.096140236,2-72688-A-42.wav,siren,2
-118.34294,8.886959,92.03399,5.328211,-31.822487,4.995431,13.593473,3.4268157,-5.870927,3.7497556,-7.6480265,3.8803484,-8.738035,3.480333,-3.272881,3.634318,3.9721072,3.5465486,5.6331897,5.097092,0.99492586,7.0548234,-4.082384,5.438624,-2.7704656,3.5271685,-97.994675,5.321325,82.92969,5.186114,-41.47576,3.7017787,14.350063,3.537939,-10.007911,3.5446105,-1.8781897,3.8847637,-10.026803,3.2257125,-7.9949713,3.5046923,-7.306982,3.4317296,-3.80706,3.4184027,-0.9420786,5.0342226,5.868977,6.8710856,16.495096,5.6070833,-96.52347,7.9956408,78.116776,4.589336,-40.188877,5.83076,16.075264,4.5974007,-8.821214,4.6361194,1.0338626,3.6696887,-18.00198,5.2332273,-15.519543,4.0427036,-10.57272,2.6261506,-1.1736598,2.854559,5.3875527,3.1745548,16.683735,2.879082,29.40424,3.996132,0.3686624,0.9557652,-0.13802488,0.72591156,-0.102770194,0.8764984,-0.00838511,0.6161681,-0.007449378,0.5522839,0.085986465,0.6895309,-0.020890502,0.6566997,-0.06702812,0.6675892,-0.08569772,0.49842244,-0.06740142,0.530232,0.0006235815,0.5930602,0.08545861,0.60733896,0.14221254,0.591066,0.09065643,0.6573039,-0.0841119,0.53739583,0.06370786,0.5568249,-0.04948399,0.4652624,0.0011056168,0.4066932,-0.03651397,0.43400526,-0.009715391,0.42650208,0.030481325,0.43758848,0.013647857,0.3504216,-0.002024072,0.384472,0.0049101575,0.35642532,-0.028115692,0.4176431,-0.039447177,0.36088428,1066.3808738319779,98.76973046836284,958.9583967365558,83.99601517653657,1887.7388535031846,208.65602903006751,0.08369824840764331,0.015613434473964979,0.21203613,0.11756575,3-51376-A-42.wav,siren,3
-113.72757,4.637944,67.841156,4.1664686,-11.489379,2.9176083,19.94514,3.0888128,7.3750763,2.6158035,10.697988,2.582598,5.6750083,2.595294,6.5876627,3.456955,-0.37860343,2.3965967,1.7084457,3.190245,3.9723947,2.9434552,3.151013,2.865758,7.909681,3.273415,-113.38057,3.9900682,66.753975,3.2742398,-16.488981,4.0665536,15.089746,3.6631372,7.082939,2.6604059,9.498235,3.3857522,7.790059,3.4178681,5.12535,3.0483325,-1.3508422,3.4516494,2.158205,2.779825,6.872323,3.2909906,3.1943667,3.109679,6.4794245,2.3395774,-114.160545,7.270231,61.033142,5.7883444,-22.83725,4.535437,19.387672,3.5088341,2.404734,3.9806676,4.5698996,3.4109833,3.0247107,4.023652,2.7376676,3.464204,-3.2526786,3.2740798,2.1051574,2.6575177,6.251478,4.580775,5.1048946,4.7998075,6.0443754,4.3105116,0.02545741,0.8176738,-0.09550226,0.62361807,-0.034851328,0.5697446,-0.03854024,0.51495373,-0.11488577,0.4932021,-0.025207195,0.49749568,0.01289457,0.51895595,-0.0045542535,0.43332902,-0.0086211795,0.46608254,0.012378924,0.4897795,0.011567122,0.50580144,-0.014901453,0.54678804,-0.022387115,0.5096208,-0.039703418,0.45874697,-0.003752347,0.40254846,0.010865841,0.30407414,-0.017847076,0.31605065,-0.010806458,0.34016493,-0.025092077,0.35669976,-0.005919702,0.3459439,0.01144887,0.30854124,-0.03038414,0.38826996,-0.015303633,0.33036593,0.004987068,0.30025446,-0.008080704,0.33993095,-0.016499145,0.37516123,1266.1388524076367,190.5424745247927,1392.3088066078083,57.80261676320647,2456.5087579617834,239.35018356612736,0.09912420382165606,0.048866876566902286,0.07071092,0.02063445,3-51731-A-42.wav,siren,3
-21.051058,9.776837,33.812435,6.9428926,-15.380456,5.475635,13.218303,5.6271415,-1.8414923,4.6619873,1.6025071,4.66437,1.2851099,4.55669,0.025068449,3.6064596,-8.842648,3.363062,0.9543423,3.372017,4.0115504,8.707717,9.308862,9.351111,9.25937,5.0821056,-63.829468,19.027872,51.01669,8.640894,-22.197987,5.4106164,9.703559,3.1411626,0.3383447,3.381129,2.861107,3.0448987,-1.5680686,3.0496867,-1.3767552,4.4960256,-6.0609436,2.691994,-0.95917505,3.5267005,2.4798586,4.3628454,8.007712,7.4467635,10.047548,7.4800963,-79.96508,6.2990646,44.12087,7.657371,-33.672737,3.7149537,5.425073,3.3847892,2.543578,3.957034,-0.13394961,3.3344114,-5.7554297,3.9178183,0.5966524,3.600641,-9.910761,5.005824,-2.7197742,3.1247537,-0.08141834,3.9577558,6.5355134,8.175071,6.008099,4.473015,-0.38564786,1.503209,0.17830217,1.0053403,-0.053749256,0.7280691,-0.118136935,0.8252283,0.013585623,0.6682797,0.04118694,0.6966049,-0.024579743,0.5613303,-0.021951795,0.6161253,0.013124334,0.6740005,-0.010533725,0.57716465,0.013627161,0.7734154,-0.034230784,1.1098655,-0.017000053,0.79230756,-0.07006135,0.7594192,-0.024741622,0.45166123,0.041718308,0.41266653,0.033480648,0.44114158,0.032228544,0.40893474,0.0069765453,0.39114842,-0.041110653,0.47837827,-0.0065602665,0.4031774,0.047093563,0.42433003,-0.017865568,0.34377745,-0.05143204,0.41374752,-0.010583825,0.41657203,-0.014684926,0.41851214,1795.6180382481562,176.83628729111518,1484.1653676868848,125.49742017643835,3066.480891719745,360.6509665296337,0.17045680732484075,0.031190744746104223,0.18261406,0.10129449,3-51731-B-42.wav,siren,3
-80.359245,4.828711,102.21215,5.4035625,-22.794415,4.968564,23.403841,5.3547177,-16.01194,4.8461843,4.381287,5.8752093,-4.294509,7.0493183,3.641708,6.548958,4.403611,3.9895632,0.63743937,6.995831,0.20669225,4.9757876,4.2350965,5.653593,-0.22109666,3.8474793,-82.13223,5.4208198,102.630005,7.7083473,-27.410313,4.2621655,31.949389,3.9200523,-11.872417,5.379888,3.5770276,3.5979927,-8.560073,4.1349654,0.55232865,3.4789076,-1.05464,4.2824125,2.8200755,4.3809514,4.40415,3.7255497,2.665567,3.7390947,-3.1215951,3.186832,-99.26874,7.7101827,113.66315,5.0593843,-34.600914,4.080292,20.145456,4.2968783,-7.136988,5.218274,2.057321,4.745615,-6.209274,5.046633,-0.9432389,4.0649033,2.5526257,3.7007852,-0.47624817,3.2730622,2.917378,3.805255,3.7686718,4.1306114,1.082452,3.970289,-0.059053402,0.9505245,-0.0015865435,0.86068094,-0.11747809,0.86271894,0.035293337,0.7685546,0.07461842,0.8202122,-0.08300594,0.8119237,0.01698545,0.70716965,-0.05248402,0.77059317,-0.009076355,0.746963,0.033567764,0.7414514,0.029419625,0.59535265,-0.013755774,0.73236626,-0.02245951,0.6664869,0.022386113,0.5521738,-0.031877387,0.4399233,0.033669233,0.5422676,-0.035431016,0.42555717,0.030830707,0.46972018,-0.008051667,0.47682902,-0.01220861,0.4950704,-0.030180888,0.50019056,-0.030697761,0.4810298,0.013998364,0.40862483,-0.00883154,0.3793892,0.00047210295,0.39958438,-0.0022813666,0.39733136,846.1503552026733,83.17828584456895,844.0176028703249,60.686558813032455,1559.5143312101911,223.18450582457066,0.0826657046178344,0.012335850568384092,0.25676164,0.06482151,3-51909-A-42.wav,siren,3
-43.438057,9.748157,67.36314,13.677946,-23.995014,6.378683,13.970947,4.7125506,-12.910224,3.4041154,-7.090646,4.906798,-10.803799,5.577115,-12.302847,4.2211323,-9.309572,4.658526,-7.049308,5.4890265,-8.574283,3.0249586,-5.080682,4.307469,-7.4137144,3.8476975,-34.383797,6.2723455,35.079678,4.2021265,-29.88981,5.036565,10.578378,4.857178,-8.616398,3.8230038,-5.586151,6.2922587,-5.8473024,6.8498106,-12.585975,8.887342,-14.182384,5.1526375,-10.397158,3.995927,-2.5622866,5.0124354,-6.9376416,4.6602135,-9.868783,4.3007545,-50.170074,7.3213363,25.550274,5.909127,-21.80167,4.402163,20.97775,4.140013,-7.8387384,4.8369617,-7.8912015,4.2483993,-5.4126143,3.9705944,-8.120351,4.325449,-15.333407,4.4321666,-3.736402,4.146187,-5.552097,4.4736776,-10.466021,4.3717294,-6.2034082,3.8154469,0.21277654,1.4842001,-0.39374635,0.8834282,0.10677849,0.6882056,0.023604363,0.83526903,0.013422927,0.7036393,-0.071557306,0.886155,0.065227196,0.8711325,0.0628992,0.95701545,-0.0069215614,0.7757992,-0.040160555,0.8237745,-0.052549757,0.79902077,-0.04916031,0.8355868,0.02874559,0.6769648,0.070068575,0.72123593,0.021784656,0.7333303,0.09802055,0.62519145,0.0042677578,0.5519328,-0.002303942,0.44345465,-0.026606405,0.5254948,-0.024579966,0.4312989,0.047067795,0.5100649,0.06900747,0.4985815,-0.023925958,0.43495235,-0.007922886,0.49798968,0.01771285,0.55862725,-0.0007151073,0.47552067,1240.9051925814563,144.96087141077138,1259.5312680740853,121.60828231581587,2303.3439490445858,357.67279203989676,0.06723352906050956,0.022946714835022055,0.61710644,0.08951196,3-51909-B-42.wav,siren,3
-61.910072,3.4388058,39.314316,3.662109,-19.536716,4.9030404,19.773067,4.4278708,-19.41404,5.5579343,-7.431742,4.679143,-19.027313,3.5032988,5.971913,2.9341094,3.223562,3.7402022,-10.843635,3.8305788,-11.956411,4.830237,-14.353245,4.5525804,-11.188215,2.7294328,-74.94644,6.0625095,51.391495,3.6429832,-19.180622,5.285631,12.765355,3.3555872,-21.701164,3.889453,-4.947383,3.4101436,-20.487455,4.029435,3.9664977,5.7058883,7.4225516,3.0544977,0.70716804,5.313547,-8.097114,5.5309067,-8.352431,3.8950496,-11.131964,2.9044454,-91.82261,9.304677,65.72217,6.1951237,-23.53407,6.657087,16.62251,4.7863426,-13.63882,4.7323165,-7.5840387,5.5285716,-22.779367,3.6029248,-2.4415052,3.2802765,4.7395587,4.622503,5.540812,3.2453415,-4.7527614,4.3735075,-0.19532245,5.622715,-1.7442578,4.6843896,-0.23293762,0.735815,0.17327195,0.78058237,0.0720819,0.844426,-0.019835312,0.7530745,0.11260641,0.61452276,0.10520719,0.7428015,0.020270739,0.67657244,-0.051342078,0.7514509,-0.023353297,0.663994,0.10924208,0.76705474,0.07009847,0.83214784,0.13409066,0.87169236,0.13077877,0.5769112,0.026211146,0.39538366,0.054874852,0.53302413,0.01423847,0.44148263,-0.0134699615,0.4833351,0.004857285,0.4100518,-0.010894768,0.4005949,-0.016443515,0.3971756,-0.017817937,0.43172964,0.023045441,0.39361897,0.0129915085,0.41549098,0.02062068,0.42422116,-0.009146715,0.53086525,-0.021703899,0.3763405,1399.4870147599934,157.35661558480217,1355.0534670165432,140.56698878678807,2798.3678343949045,485.6871847696316,0.10343476313694268,0.023770749483538748,0.20085417,0.09141751,3-58772-A-42.wav,siren,3
-135.64493,24.961798,12.708116,13.307196,-31.06066,7.671407,-2.6877172,11.492293,-28.540483,6.185702,-9.584321,13.49309,0.67710817,22.95827,12.779573,21.203587,12.969972,14.308002,3.1018286,24.638428,-0.88855034,23.186113,9.43334,25.643751,4.862157,19.203987,-153.20995,13.971207,-6.2751255,8.362429,-32.304188,7.2466583,-6.690748,6.019013,-0.41734108,12.414278,25.22372,7.474247,7.0359926,12.828896,-16.849545,11.260471,-9.030602,15.481452,20.213398,21.864595,14.398423,14.3497095,-10.1015,23.17865,-6.308859,13.842148,-145.83134,25.143007,11.894752,14.8294935,-32.496284,5.9024096,-11.967389,4.505482,-18.647263,10.536389,10.741287,19.552608,17.577137,11.85112,11.908502,21.434633,-1.5901678,21.463835,-3.7633908,20.907337,1.6216133,25.075191,3.6899529,21.939928,-2.726966,18.9431,0.052809283,3.4216137,-0.09154029,1.7780309,-0.02521041,1.1100379,-0.083978206,0.8368852,-0.020953683,1.112978,-0.027083622,1.3950167,0.14021876,1.5301116,0.17327031,1.7996498,0.14997825,1.8775359,0.13574827,2.424608,0.047752805,2.5917516,-0.2725431,2.7031095,-0.30097103,2.5093985,0.09994091,2.114502,0.23752856,1.381389,-0.011123747,0.7102899,0.028730743,0.62533975,-0.025723925,0.76983553,0.0013440856,0.64155096,-0.008044048,0.73383117,-0.019177472,0.793101,-0.033640943,0.8083363,-0.047024272,0.91947275,0.032417037,0.7256927,0.0022022952,0.729331,-0.048581325,0.7730189,1656.9993737639372,377.81734376583483,1142.3545301615782,219.26500374181856,2652.766719745223,739.1705016251924,0.1392876691878981,0.04036554610000952,0.45820102,0.13079381,3-62878-A-42.wav,siren,3
-150.27399,18.772747,1.9060762,16.988264,-34.615013,8.134116,-10.327656,6.9396515,-10.31245,14.402422,20.679186,11.232021,16.161556,12.837974,-2.1074822,22.031153,-9.575121,14.730078,1.1690805,27.470797,7.377259,20.928951,4.037235,23.704676,-1.2246299,17.362654,-246.272,79.114235,-2.1718283,5.247658,-16.091595,17.67784,-2.7668457,5.074202,2.1863446,6.5498586,12.067979,14.1072445,-0.031612102,4.3349085,-9.95667,11.583975,-1.0973312,8.777163,14.32728,16.828539,5.8942456,12.651445,-9.778549,12.304564,-3.393017,11.12534,-318.7773,3.0517578e-05,0.0,0.0,0.0,0.0,0.0,0.0,0.0,0.0,0.0,0.0,0.0,0.0,0.0,0.0,0.0,0.0,0.0,0.0,0.0,0.0,0.0,0.0,0.0,0.0,-1.2783519,4.749342,-0.3226476,1.2924757,0.21071668,1.4274468,0.11801976,0.66399753,0.14676864,0.83565915,0.04888598,1.4020672,-0.11768441,0.9376748,-0.18163817,1.2315489,-0.07418082,1.3584093,0.055988323,1.5920812,0.19244224,1.8285311,0.042787448,1.6004968,-0.105903216,1.6089768,0.15791309,2.5299938,0.05632285,0.5934909,0.025465883,0.67987853,0.021270057,0.5052409,-0.007390768,0.6455656,0.016030774,0.6169677,-0.0010069904,0.53836685,-0.071005195,0.69797313,0.009930741,0.67872566,0.040417325,0.6235247,0.051733546,0.6914099,-0.02078331,0.51518863,-0.0035598506,0.5175229,929.7741967141328,986.141916721214,575.7220435289304,615.4422420169284,1445.8598726114649,1581.3212853289426,0.0836609275477707,0.08929771924135621,0.20838547,0.2358274,3-62878-B-42.wav,siren,3
-65.0353,4.067199,48.84082,5.416772,-29.642845,3.0785284,3.8698976,3.92127,-5.382012,3.940199,-2.458648,3.5295122,-9.094775,2.842477,-4.371719,2.5624003,-10.239136,3.3094692,-0.73780257,2.8916352,-0.35234877,2.7470822,5.4152703,2.4301236,3.440236,2.874425,-69.52072,5.3586373,51.23497,3.8796072,-31.603191,2.8592954,1.528056,2.5568364,-5.5932765,3.2597892,-0.041958515,2.8493729,-6.906772,3.5421941,-4.882031,2.9832132,-10.459678,2.9961407,-1.1180352,3.3880737,-1.625995,2.801063,4.9952307,3.9952083,2.1830509,3.2155495,-71.94421,3.9020097,51.073837,4.4473486,-33.04073,2.9854646,2.6354275,2.5939991,-5.842252,3.725199,-0.58935505,2.538975,-5.303906,2.8715785,-5.6057343,4.349666,-13.737838,4.1849174,-0.4799605,2.9257977,0.4138992,4.1454086,7.1765194,7.2292113,1.9198297,4.182791,-0.022380916,0.7192946,0.008619113,0.8018541,-0.032237988,0.49897963,0.010141507,0.4707591,-0.0017353501,0.6622698,-0.009856367,0.477425,0.0067233127,0.50128096,0.04088752,0.54131645,0.05512234,0.6188006,0.016346453,0.49929577,-0.019269248,0.51693505,-0.03284481,0.58094704,-0.06209693,0.41589242,-0.034907885,0.4118002,-0.00032482785,0.4424586,-0.02228509,0.34319872,-0.030881714,0.36661807,-0.0072126677,0.4185629,-0.01466379,0.31754324,-0.034262482,0.33715597,0.0062490883,0.35078466,0.0038610264,0.41972864,0.0038630667,0.37987572,0.0073602055,0.3267806,-0.006619196,0.25618097,0.025696306,0.31675053,1745.8303760678866,96.03790708134554,1393.7971280399004,73.69160584607305,2924.6616242038217,215.4660171590579,0.16641371417197454,0.018511244731344842,0.10604061,0.017186556,4-102871-A-42.wav,siren,4
-218.39618,14.2462635,2.695034,8.410778,-41.29474,5.9581456,-22.755114,4.0140023,0.26401025,6.2646437,32.327347,6.577549,7.684909,13.19534,-14.260674,9.79227,-9.537273,11.410739,13.748708,14.534308,11.976922,10.455838,-8.532614,19.517958,-6.374322,13.350508,-209.1408,12.11694,6.4039106,4.1531887,-42.69111,5.8308063,-26.414433,4.913976,-18.743261,8.279842,18.034458,14.686246,26.689648,5.878735,14.151616,14.651315,-6.4478655,12.938885,-1.0942374,8.23509,-2.9492466,15.701201,-2.0844908,15.790678,-2.129576,16.615786,-232.94223,14.470679,-0.112335995,3.7221973,-38.086334,7.2395763,-17.765127,7.5661354,7.8123727,9.143693,32.917473,8.2242775,-2.3874154,16.151627,-6.335907,8.417181,9.162855,16.905302,8.909355,7.101503,-11.18436,16.764809,-4.9183774,10.214514,10.804533,16.023155,-0.39169592,1.5988923,-0.08201807,0.85328096,0.101690225,0.94434816,0.1340563,0.7417835,0.11590268,1.034905,-0.1151954,1.5890168,-0.17895,1.4512339,0.0774897,1.7418195,0.22009689,1.7226472,-0.047643356,1.4447659,-0.2812544,1.702005,0.078803845,2.1837573,0.21575673,2.0160906,0.20409502,0.92897177,0.14099364,0.7203629,-0.014827599,0.508766,0.034519836,0.513372,0.011105704,0.4643509,-0.056822874,0.67953867,-0.026569992,0.5920185,0.030060485,0.6797702,-0.01154167,0.6628248,-0.034260593,0.5424102,0.0060224216,0.64833874,0.06521703,0.7710029,-0.060771663,0.74913776,1888.984529014247,198.53844854073813,1322.9661135313484,164.10719757182326,2941.3813694267515,689.2770173791793,0.16479025676751594,0.030771645574911438,0.072558515,0.03843979,4-111671-A-42.wav,siren,4
-149.41043,12.064938,28.678688,9.720504,-61.984722,3.836277,-34.843475,4.0872183,-25.532162,10.385797,3.777557,14.129358,-10.187644,13.369194,-0.80237633,11.136148,4.2460136,6.308035,16.367512,6.0268307,3.7548468,7.152994,-2.6753044,8.028021,5.8586836,7.733003,-149.07451,11.197677,29.358408,9.529685,-62.486008,3.4619873,-35.41743,3.668834,-26.78868,10.784209,1.5233554,14.085364,-11.6977625,12.946077,-2.0749643,10.753517,4.1343026,5.839657,16.06674,5.698704,4.2782826,6.7192035,-3.0715604,7.669302,5.9938483,7.690158,-149.47466,11.928395,30.54419,9.616585,-61.724525,4.1098423,-34.502316,4.6975293,-25.623394,11.713903,2.806077,13.819568,-12.377872,13.577655,-3.2323673,10.558022,3.5720882,5.8223133,15.749973,6.0543056,3.4758227,6.8909545,-3.9804552,7.4043064,5.285798,7.186062,0.056238953,1.9802207,0.06564915,1.74455,0.008588835,0.42690104,0.011704508,0.41559526,0.05467848,1.8654916,-0.034293186,2.4134827,-0.13047662,2.2508996,-0.06348324,1.7026795,0.020915117,0.5735886,0.008425604,0.7215667,-0.003589375,0.60036504,-0.011013884,0.66262496,0.011193588,0.99646634,-0.1449701,2.6305833,-0.0666402,2.2129917,0.06535704,0.53512645,0.07180449,0.5075071,0.17332944,2.5467937,0.1704432,3.2036006,0.002331758,2.8994393,-0.06807862,2.1810844,-0.03945234,0.72643846,-0.012704913,0.7675496,-0.0083216205,0.6152707,-0.013512548,0.8517711,0.01495225,1.334684,1598.2510425307928,172.69550178855332,1138.516687413729,80.76645780641563,2281.548566878981,399.8472326334174,0.15125522492038215,0.032193648325052455,0.07438967,0.01305794,4-111671-B-42.wav,siren,4
-211.51443,29.039425,112.05821,6.7022905,-30.765684,15.790631,-12.4884205,7.902448,-0.42041764,5.051019,-12.637752,3.2687368,-6.2746677,4.4911065,-6.6782827,7.2104635,-4.624251,4.3089952,-0.90757936,4.5466657,-3.1451087,4.9985685,-4.0711703,4.3897524,-6.654104,5.8763003,-156.86977,16.102667,113.986885,10.22833,-58.14536,5.039877,-6.670937,5.0431952,-8.443892,5.599707,-14.967052,4.7191095,-9.397791,4.836435,-14.910483,5.304943,-9.3622265,4.456928,-7.677439,4.540086,-3.9624019,4.1775193,0.47492763,5.3437676,0.07561179,4.0954447,-126.96676,21.99037,85.7198,8.851636,-58.00888,6.211127,-1.4481528,5.5245843,-19.85651,4.962257,-4.099787,4.683035,-14.968149,5.00579,-10.290054,3.7653592,-4.713935,4.937157,-2.5380113,4.448172,-0.934031,4.606911,0.9100268,3.6359363,3.0249689,4.226885,0.5946033,1.7568183,-0.014376464,1.1233381,-0.35532767,1.0746543,-0.027632661,0.8811461,-0.043594286,0.8124219,0.07764336,0.79073334,0.050690662,0.82614505,-0.039959498,0.92884815,-0.0633335,0.88609684,-0.058590174,0.8473512,-0.043336406,0.80298007,-0.0043900637,0.9327819,-0.008432868,0.83218956,-0.023407083,0.5044723,-0.041635204,0.5301854,0.05392554,0.5933437,0.01153471,0.48909372,-0.010424577,0.37615207,0.014178233,0.4338838,0.049556624,0.5660662,0.0044767004,0.5110683,-0.0078066494,0.4418556,0.012281101,0.54035646,0.017543748,0.43577915,0.022302985,0.46277964,0.0060015447,0.4401191,958.7463635603881,112.45181812753984,684.8547015652576,86.2466535194878,1475.1194267515923,171.63467033352967,0.09558494227707007,0.02067238591477438,0.09582702,0.06180933,4-121532-A-42.wav,siren,4
-139.56454,13.101027,-15.778305,7.902739,-95.60589,7.059199,2.7995846,6.3245196,-8.460539,6.016328,6.669421,4.3355966,20.035887,11.579821,-3.7249494,7.2605605,-9.101045,6.5978184,19.057823,19.499424,7.389879,12.436961,-1.1969832,10.950491,-17.564981,9.8821125,-144.68796,5.999196,-10.992742,5.291893,-86.20378,8.5314,-1.5087923,7.742729,-24.445457,3.9087057,-25.887337,13.102101,27.832275,8.982507,24.507872,7.089124,17.869633,13.853452,5.5277047,13.087256,-8.133454,14.25968,-8.636309,17.339489,-6.9612913,12.501809,-272.9869,109.16425,-2.1086116,5.8783526,-31.67873,38.015594,7.650729,9.831879,-7.0374084,9.150591,-16.0415,19.52913,0.30855218,2.853399,5.373841,7.6362824,8.487875,10.518312,5.5102134,7.2457895,4.356518,7.3318067,6.178809,9.883021,-3.4581213,7.715908,-1.5741699,6.558402,-0.033376116,0.82841825,0.49958122,2.433835,0.01179406,1.087697,0.12995233,0.8059643,0.00463295,1.3349032,-0.21393505,1.0451286,-0.06334183,0.892722,0.08601682,1.2091504,0.067461625,1.6120524,-0.12556598,1.4676777,-0.05939047,1.5928475,0.10530878,1.3273919,0.08196212,3.0638716,0.04738211,0.56587607,0.070691794,1.0208349,0.032184526,0.6036636,0.004774086,0.3853485,-0.0006386444,0.5131113,-0.026033502,0.4665943,-0.007074219,0.3453416,0.011698351,0.48199117,-0.033099923,0.44514796,-0.027132459,0.4601777,-0.0004524243,0.49889874,0.019216435,0.43001625,1715.3816139517874,844.6041066966033,765.2254584164093,405.5621262622802,2291.998407643312,1169.7650239188085,0.19028662420382167,0.10121140093002175,0.19708171,0.10703093,4-67358-A-42.wav,siren,4
-162.49544,37.525917,130.00099,11.957441,10.367046,22.874052,5.0216455,4.7607956,5.0250463,6.5000935,-2.852708,5.498728,-3.975852,3.9673386,-3.0399365,3.9712548,-3.732871,3.5095022,-3.996413,4.168827,-1.2787573,2.6200504,-2.6834166,3.942258,-1.9087068,3.255671,-92.09687,10.892612,92.472694,15.935153,-35.87704,6.358575,-0.826565,6.164436,-20.772581,4.920087,-11.343894,2.6817484,-22.733673,5.0322104,-12.991484,4.2431,-19.45247,5.6167116,-17.686893,4.8505406,-11.887895,3.9359088,-8.11591,7.4118657,0.10160681,10.870228,-65.47131,19.178879,65.21084,5.5584874,-34.065903,8.403236,-6.473347,6.761235,-13.5000105,5.042782,-8.509434,3.0977612,-24.777931,7.5523944,-14.53186,3.6775262,-16.279385,6.543269,-9.5295925,9.498081,1.7091379,4.685108,13.005913,3.3282518,22.71341,3.5744455,1.2637748,2.041011,-0.11565752,1.4188797,-0.42042902,1.1510516,-0.10772335,0.8435261,-0.055621937,0.6732808,-0.07469784,0.47348905,-0.12428446,0.9638413,-0.08709678,0.58327734,-0.044070754,0.68083906,0.0057020006,0.776317,0.028509377,0.49972275,0.05396074,0.58544964,0.11619689,0.65807813,0.030945586,1.1302838,-0.059065334,0.46745303,-0.02727264,0.7124167,0.021444144,0.51502454,0.01802842,0.37331104,-0.028030269,0.2901945,-0.009978462,0.5841851,-0.0003262445,0.31531078,0.008929985,0.43878797,-0.0068246713,0.49002054,-0.003349628,0.3094785,-0.012157986,0.2699234,-0.027738089,0.31107715,766.1010993809242,245.51889172870878,749.6960476035377,253.69030884207075,1238.8535031847134,417.15837270473673,0.05675880772292994,0.017610698846778957,0.34802887,0.16453156,4-80761-A-42.wav,siren,4
-156.22745,4.797096,69.56711,5.530851,-14.139572,3.7728024,4.3293133,5.033699,-4.053151,5.9823904,8.274163,5.98451,3.650571,3.6133976,-0.45806345,5.5013824,-0.45626763,6.466702,0.8550164,2.4090238,4.5606127,9.953183,-0.28587696,8.456849,-1.0259951,5.8021297,-150.42946,9.210008,67.51208,5.3981605,-16.231003,4.309518,10.962467,6.057546,-8.72027,6.9482017,7.791048,4.319635,3.716302,4.279582,-3.6551197,6.7291007,1.2090609,3.6635783,2.0542715,3.0780246,1.0800787,10.072999,-0.82367486,10.535087,6.4504313,5.8031735,-147.84561,6.248656,64.822296,6.327069,-17.475124,4.2584243,13.231754,5.6129932,-4.733008,7.8095984,8.855541,4.163105,2.5904248,5.2693453,-7.8297977,3.0099359,-1.111085,4.5932217,1.2993969,5.3140926,3.2083411,8.091071,0.25077862,5.8679023,3.126819,6.5370803,0.039238017,1.363069,0.01147301,0.92224133,-0.0161968,0.77632,0.013064009,1.0293472,0.09684134,1.1618221,0.023256399,0.8410912,-0.06162025,0.9033707,0.0076837796,0.905858,0.03468983,0.9912116,-0.049948074,0.54547083,-0.19010347,1.6688366,-0.08183818,1.5466983,-0.057649564,1.0868447,-0.029631196,0.78697634,0.0008627867,0.5201007,-0.033479743,0.5086441,-0.01783888,0.5989139,0.036814738,0.58974344,0.014371614,0.43874744,-0.0127280075,0.4873634,0.02623313,0.4185174,0.006615646,0.5812961,-0.00697589,0.33549982,-0.033744425,0.7687852,-0.02099715,0.62401503,0.0272479,0.53166807,1257.5662754648718,94.93824011390655,1308.1874849159535,90.07740449212018,2352.209394904459,325.1734021782655,0.12218849522292993,0.020424069545219067,0.038251292,0.009083394,4-90014-A-42.wav,siren,4
-134.09854,12.430584,55.32997,4.781164,-18.815172,5.920106,12.22999,5.863115,-3.2329175,8.010846,5.9479704,4.6427946,-0.69475067,4.8316708,-0.7410898,4.1106677,-6.392346,5.243142,-1.0747361,5.374595,8.0377245,14.1205225,0.5139369,8.380387,4.881952,4.754444,-119.3439,10.560871,52.620842,6.1506147,-23.698608,7.2443504,9.857441,5.256134,-1.4288156,6.2361794,6.786837,5.935154,0.9419205,6.5149226,-5.9502063,5.0467753,-3.1512542,7.1616497,-2.2663665,4.0298443,6.2795615,13.928689,3.271858,9.461864,4.5685625,5.805166,-158.98419,21.210747,61.133675,5.3466005,-6.3628755,10.481101,15.689277,3.7001877,4.4704623,4.9942365,10.981599,4.408287,2.848013,3.9074914,1.0012167,3.268272,2.3483891,3.361307,0.397262,3.9813426,-1.4964906,4.8696647,0.30802608,6.2417474,0.2644141,3.2172709,-0.030925872,2.4258952,0.052372787,0.8743623,0.099888,1.1812378,-0.032489236,0.94119245,0.12933923,1.1002953,0.0062918244,0.8409888,-0.023912648,0.96334904,0.06463253,0.81671154,0.03767313,0.976476,-0.053211335,0.79022306,0.013337266,2.1555474,0.10699837,1.3029559,-0.004035874,0.8200104,-0.012588195,1.1918724,0.0011146665,0.5708779,-0.0029088221,0.73836017,-0.018283958,0.573003,0.009149551,0.5341826,0.009118478,0.51438296,0.016423112,0.5801468,-0.0151062375,0.58092374,-0.06316884,0.5865828,0.011989856,0.47539806,-0.012999048,0.8969648,-0.0033124876,0.62850183,-0.0015031282,0.47350514,1422.6872769247882,146.06987684758272,1408.3677373604933,149.82363385549846,2640.4259554140126,266.1366796895108,0.13712305931528662,0.047996126797440856,0.053975936,0.02804823,4-90014-B-42.wav,siren,4
-126.47824,32.657356,111.929115,6.1184263,-38.410416,15.0955925,-0.7667103,9.27756,-11.420222,5.5720897,-9.608115,3.3679426,-13.450655,4.0075636,-9.813314,3.6382976,-1.2665305,3.189738,-7.5325193,3.6662872,-5.4792066,2.7690737,-2.6494482,2.954235,-0.6390025,2.6898487,-83.53234,7.1075044,86.422714,7.202744,-60.93929,5.9592624,11.672733,4.3255663,-20.345325,4.7942224,-1.5794017,3.8567283,-14.364046,3.131049,-3.4357524,4.4246426,1.3800703,4.086279,-3.9204352,3.9982696,-5.6584067,3.9947424,-2.0329251,3.6790106,-0.89574444,3.3806179,-70.93023,6.9428515,80.05947,4.791688,-60.735462,4.823487,13.855288,5.0119743,-22.734808,5.6029882,-1.3689429,4.168461,-13.120178,5.94352,1.1658493,4.5660305,-1.3763216,4.3115635,-5.5307417,4.0505266,-10.918207,3.6446798,-7.188691,5.4723635,-3.0154471,4.2046084,0.93400246,1.6900373,-0.25072178,0.8176423,-0.40447137,1.0245454,0.10715198,0.8682929,-0.15699872,0.5423186,-0.027741909,0.67250466,0.0019723685,0.793815,0.053304944,0.7443101,0.030359885,0.68286836,0.014347107,0.6387148,-0.011694331,0.6161714,0.023276333,0.85081357,0.036437567,0.6826943,0.052757926,0.7828801,-0.02615958,0.49835095,0.061388295,0.4998109,-0.0062710857,0.5316208,0.032602564,0.41335866,-0.010439115,0.41740814,0.019446429,0.39683136,-0.00665644,0.46453074,0.004393201,0.4242391,-0.004770083,0.43943375,0.017134663,0.4263856,0.0007266917,0.48490724,0.024024297,0.44676828,1136.4404293016744,176.50444468713115,838.0256658152938,106.73322518965155,1859.8726114649683,283.5430473977014,0.10014430732484077,0.022401075623705507,0.24425456,0.0970758,5-117118-A-42.wav,siren,5
-101.69923,42.859478,-22.206217,34.00381,-39.929268,12.288059,-3.7383897,3.6585526,-12.689681,5.8626842,0.6606683,5.242472,-11.362636,6.7956414,4.081512,8.559117,1.3865826,12.771425,13.846679,15.190808,10.704474,14.402462,-1.046903,17.516655,-6.547997,14.860514,-81.55098,6.7635927,-42.519924,4.74608,-30.80078,3.2841144,-3.1859426,5.979977,-14.140039,4.1739683,-3.9476619,5.2522173,-3.3110962,4.2914476,18.10374,3.368558,15.108771,4.2877812,12.71332,6.4872503,-13.511339,3.7662401,-16.711605,6.2637706,4.4463835,5.6598005,-80.62025,7.0007777,-42.199627,5.816792,-32.599205,3.1946344,-5.898978,3.8970115,-15.668923,2.118693,0.46984136,2.6940858,-3.5502598,4.1122327,18.11462,2.7759697,21.875734,1.9618524,3.5888078,2.1091917,-12.272296,2.0635834,-19.479776,2.2198749,8.524471,2.6527658,1.2778554,4.126732,-0.70493674,2.0994525,-0.021930069,1.1572102,0.04961754,0.7587989,-0.13076892,0.8732827,-0.051189836,0.5750152,-0.059054606,0.91274613,0.08385837,0.6785082,0.14122021,0.86280435,0.04748117,1.0814513,-0.093821675,1.276175,-0.12616931,1.4919182,0.045535702,1.5753522,-0.17376561,1.0404818,0.06916697,0.71199185,0.099372655,0.5676277,-0.018178202,0.545083,0.06893994,0.48696434,0.008318465,0.39206225,0.011429884,0.44509393,-0.018572973,0.40696803,0.003355664,0.41838202,0.017625343,0.42547747,0.027284106,0.49414036,0.0064011766,0.62908804,-0.014845927,0.6277984,2924.085610934298,354.63107839214075,1664.8745493485733,142.10588790858984,4820.5613057324845,566.2406724421636,0.2767777169585987,0.060900703061126875,0.25558493,0.09209512,5-117120-A-42.wav,siren,5
-169.32318,55.19912,110.496735,11.822561,-17.03427,25.044853,-1.2781663,6.8393545,-12.82419,5.519942,-8.712431,2.5392811,-9.880513,4.0918865,-7.423245,3.2266245,-4.0448904,2.6728904,-5.1747766,3.2853174,-2.640486,2.9838881,-4.294179,3.2260087,-2.7581253,2.3504183,-91.84809,5.4234653,91.20628,9.809142,-50.73509,6.177965,11.422625,3.5270975,-23.923166,4.5265584,-1.5779917,4.5530467,-15.5537405,3.8267593,-5.311402,4.1117015,-5.763747,4.193319,-3.2367413,3.4397867,-4.9704914,4.241384,-4.141095,4.3535705,-4.740032,5.2889404,-88.7455,7.822627,90.3146,13.412441,-51.433453,7.4100356,11.920613,3.6405358,-23.548883,4.709966,-0.55181664,4.071835,-13.770128,3.2109182,-3.4841855,4.222255,-5.0668635,4.0014424,-1.9965117,3.6969628,-4.7877254,4.1875596,-3.545634,4.6324406,-2.6507401,4.74715,1.1953605,2.2941206,0.24402858,1.3638254,-0.4782008,1.0678539,0.018395366,0.69428253,-0.10051369,0.57839644,-0.008216025,0.6481703,-0.06643397,0.55241615,-0.025947753,0.5692067,0.0073014693,0.52215433,-0.042167064,0.48577142,-0.031331915,0.5688394,-0.004680524,0.7046487,0.0036058442,0.7101646,-0.06714144,0.40942448,-0.058895987,0.46457565,-0.0018262757,0.3940873,0.03307997,0.39009568,0.03696454,0.428073,-0.0023569902,0.38097194,0.009683255,0.40109065,0.01947402,0.36786202,0.04351853,0.44267136,0.027107531,0.37386477,0.026978064,0.43291384,0.018755129,0.49055016,0.020773627,0.42301515,1019.8063747768191,203.52144557889054,839.9427411931746,121.2423509720749,1691.5804140127389,409.0999164539917,0.08195038813694268,0.019422393258953837,0.18383388,0.08756775,5-117122-A-42.wav,siren,5
-91.72126,17.913826,45.988533,9.332649,-12.785818,3.5687888,3.3712034,3.7183828,-15.693416,3.3832512,-14.851466,5.265434,-11.282121,6.0126944,4.9391985,5.6954794,7.2575383,4.818683,17.464767,8.272538,10.12169,6.5383325,-0.3547144,9.634903,-12.898737,7.588464,-135.11102,12.305088,26.20974,4.476583,-8.092982,3.7514358,-1.9449325,4.251305,-17.54851,3.588679,-12.573242,5.744995,-3.855641,3.2050178,13.864344,4.3070073,14.190273,3.1724837,26.978504,3.5270789,9.11286,3.9544334,-14.896321,2.7911625,-18.46472,4.359529,-146.40636,8.965753,15.377632,6.4288445,-5.0717916,4.3481555,-10.253184,4.9645047,-19.241205,3.7406583,-19.968319,3.5605326,-3.4503696,3.3661935,19.201406,4.0981236,14.00017,2.138597,26.389145,4.0420704,14.646223,4.099471,-15.417705,2.690267,-20.994133,2.8550434,-0.33432698,1.3742964,-0.2702579,0.87577957,-0.032141503,0.6802405,-0.051998958,0.6462117,-0.0611677,0.61873823,0.051346596,0.6157888,0.108501785,0.55724025,0.161627,0.6317511,0.07158244,0.52444607,0.10176102,0.6709013,0.07250054,0.63061273,-0.15116885,0.53410405,-0.097348824,0.5613073,0.05978701,1.1713,0.07621347,0.63528067,-0.00033785886,0.38851476,-0.0068460954,0.36236033,0.0035037417,0.4299713,0.008173685,0.4234251,0.016492166,0.36860877,-0.010039269,0.44389254,-0.025983319,0.38147578,-0.033451766,0.4535185,-0.03031962,0.4223075,0.021362333,0.29901928,0.027512174,0.36043563,1465.3308132960308,116.17523750880709,1436.3090204752164,87.06705400395192,2595.7404458598726,333.46628054278125,0.09432847332802548,0.006948270382668552,0.15573587,0.011565009,5-133989-A-42.wav,siren,5
-123.67034,21.256987,35.7209,10.6307335,-11.033921,6.1453032,-0.021715898,6.5018454,-17.483335,5.793313,-16.371563,6.980563,-7.398677,4.5623126,13.498531,8.054257,11.323379,3.423589,17.502491,5.742198,11.861362,5.7642055,-9.432151,7.0487614,-20.23264,4.893618,-114.7904,8.78549,44.23127,6.806274,-6.7802267,4.8601832,9.061451,2.8769426,-11.715914,3.394101,-16.0099,3.1070354,-20.861767,4.0619164,-3.5142152,4.937587,4.9717226,4.1433554,14.971479,3.477143,17.674404,5.2486134,18.13764,7.437538,-2.2562716,8.621044,-108.988144,7.949488,45.096794,4.7681875,-6.63319,3.2424238,13.630822,2.952412,-7.957021,3.259739,-15.455409,2.8205726,-22.675138,4.050794,-10.854044,3.0865495,-5.984714,4.1956654,4.416292,4.816883,9.019358,4.8435645,22.269924,4.318186,17.983093,3.9601872,0.25764737,1.7095332,0.11260576,1.0397959,0.050071258,0.6766663,0.09701,0.55773926,0.10260765,0.5292597,0.03991199,0.676072,-0.082542896,0.47151044,-0.19876388,0.6566741,-0.13331747,0.48792514,-0.078442335,0.68257666,-0.049982764,0.9171872,0.17796198,0.7704709,0.25930095,0.6234677,0.07779367,1.1838858,0.04773792,0.89397,-0.03179611,0.46001077,-0.0049842475,0.39975402,-0.0027659843,0.3333688,-0.013818102,0.42379913,-0.014124034,0.41915947,-0.0047071544,0.44703415,-0.003059678,0.3830982,-0.01855153,0.52765167,0.018827714,0.629892,0.021705583,0.53528166,0.03032356,0.4500242,1371.7345009080927,142.64579278856823,1379.2890881719295,74.19383736213847,2467.5557324840765,310.325542865421,0.08449442675159236,0.017465659573923008,0.1838741,0.04202365,5-133989-B-42.wav,siren,5
-91.77998,8.089931,89.04314,6.2303505,-11.114303,4.7499375,4.5242133,3.0031624,-11.182753,3.4108799,-12.534829,2.708964,-11.81505,2.7418187,8.859315,2.963769,5.2191305,2.8697844,6.612342,3.571661,0.8837873,4.9659414,-4.658025,4.4805503,-7.528648,3.594526,-86.25521,8.116319,82.60499,4.4701867,-12.939894,4.498427,9.318375,2.925711,-4.5667043,3.2678475,-6.907832,2.5524418,-9.92755,2.989149,6.6096244,2.675067,2.6963925,2.6878533,-1.7771448,2.4778695,-13.328968,3.3630273,-10.286342,3.180495,-3.635687,2.6138175,-80.12108,10.275028,71.5211,9.137793,-4.517218,4.9061055,8.4836645,4.453052,-4.1937494,3.035756,-4.5995994,3.006736,-8.872303,5.068961,4.511002,2.471423,-0.63376766,2.5251002,-2.528567,3.4671965,-11.035967,2.4004822,-11.89655,2.4964576,-1.7293794,3.4668105,0.023416689,1.7328504,-0.095924765,1.2294992,0.0038994635,0.6844553,0.087526985,0.50569093,0.103022,0.4465802,0.07629707,0.46258777,-0.0027529115,0.48519164,-0.014946212,0.4006503,-0.052868653,0.36453116,-0.040849566,0.4816305,-0.10828149,0.41552356,-0.07716915,0.38596186,0.02831606,0.46858218,-0.022802783,0.97649705,-0.019516412,0.5921169,0.0046310434,0.37198976,0.006398371,0.34505695,0.0028942716,0.27244464,-0.0050255796,0.33294243,0.027672306,0.40782297,0.026238281,0.3184628,0.0041914163,0.3112087,-0.0007111191,0.35900846,-0.006021121,0.27135667,0.0013335362,0.28238857,0.008034379,0.3047548,1104.2671828053021,163.75921634928872,1191.164361503778,198.42032373534778,1948.5469745222929,521.4421701264952,0.08693272292993631,0.013135979577894205,0.19131365,0.04022234,5-150409-A-42.wav,siren,5
-95.54715,5.485105,57.982357,3.8999276,-19.553135,4.2648273,2.5966392,3.8356888,4.871352,3.8042321,12.977086,3.3638914,3.2218046,5.0698576,-7.31072,5.3226995,-1.0217458,6.8890653,12.189307,6.442105,2.8956182,7.3353386,-4.254926,5.415562,-2.2941842,4.653068,-91.0842,6.8242545,58.2657,3.612411,-20.55827,5.6987567,1.4943477,5.87162,3.5904036,4.994858,12.157337,6.231136,2.892755,8.513564,-5.1948185,4.666209,-2.7375035,9.465094,6.6058598,8.194245,1.3029143,8.288094,0.18250081,8.969176,-0.77437395,6.0971293,-93.78899,6.243422,61.07986,4.0044236,-15.50349,6.1793365,-2.7879734,6.0950294,-7.0640073,4.744942,6.4167347,7.835299,12.624513,6.8040657,7.0989666,6.099806,-3.508125,6.9833436,-0.85708606,6.787632,-2.8426454,8.360186,-1.0296892,8.266455,1.7103283,5.782131,0.10446876,0.83052385,-0.0315953,0.6248123,-0.12310576,0.78647864,0.003693356,0.79816854,0.07807618,0.6645175,0.03048771,0.7477165,0.026198054,0.7815574,-0.08308287,0.7634074,-0.10517727,0.8537878,0.10841348,1.0843039,0.14090657,1.1048244,-0.055669334,1.1129076,-0.09634349,0.8385919,0.012574452,0.51386374,-0.0070437444,0.40003136,-0.0066448473,0.3928828,-0.012781921,0.40881658,-0.010108512,0.3294922,-0.021729955,0.3634746,-0.010014135,0.3635073,-0.008630764,0.31050208,0.016050167,0.3143849,-0.01167686,0.41918582,-0.030432547,0.3771549,-0.029657716,0.4469857,0.01016613,0.33721966,1521.9426845890878,118.24716171485962,1418.0378594284557,166.56623246683992,2629.2794585987263,468.19437433789136,0.1497064092356688,0.02590444082994082,0.15249838,0.09405473,5-160551-A-42.wav,siren,5
-177.04582,13.528231,80.15744,7.3896976,-36.36356,4.745249,-12.36727,5.535996,-13.259869,3.9644384,-15.041317,3.1391711,-1.9688137,4.6469893,19.014902,3.5072753,13.736623,3.9926317,4.504267,3.6785157,-10.341096,5.3430467,-11.943371,4.6868296,-8.538861,4.6438427,-196.09927,7.311788,89.44487,4.117051,-17.858326,5.312566,-21.072697,4.1858506,-19.518217,3.6699874,-7.1843896,3.3999074,-1.6723437,3.5900922,12.161981,3.5615914,12.82964,3.6994085,10.55168,3.7762585,1.3702253,3.1775384,-4.035709,3.3193374,-9.700911,5.018913,-189.34395,7.040997,87.13007,6.3259797,-22.736876,5.7964168,-14.203463,5.751983,-13.202076,4.1026616,-15.110512,3.1868882,-6.4221587,3.9310513,15.20559,3.8942022,15.359345,4.050627,6.7214656,5.1453485,-8.240716,6.353456,-11.013045,4.756664,-8.385111,4.428404,-0.120726,1.4527171,0.040725168,0.84552115,0.07757652,0.63372403,0.027992375,0.6669942,0.010004068,0.596686,0.025859736,0.5205033,-0.0073360046,0.70738184,-0.059234448,0.6221662,0.02909932,0.7045716,-0.026456838,0.68305534,-0.023855932,0.83665717,-0.023612387,0.6151097,0.017957674,0.7099758,0.23830155,1.1137496,-0.122776225,0.62748533,0.03523639,0.3980641,-0.041068107,0.4124885,-0.0015991114,0.43418944,0.009440185,0.37599114,0.01771102,0.4092889,-0.039898075,0.41866735,-0.0238441,0.4322934,-0.019379877,0.43085903,-0.012686275,0.47127646,0.036679424,0.40532693,0.0026483203,0.4189076,979.099523441872,101.31571652081988,797.108974177045,152.51595379678255,1166.7993630573249,308.51467790120785,0.09871989450636942,0.007902466254956185,0.12459499,0.06540242,5-184323-A-42.wav,siren,5
-204.6974,65.70345,93.81909,30.940628,11.978593,10.62599,21.4481,8.741245,1.7914622,6.7750273,-3.507718,5.534722,4.9099607,7.3337893,5.699425,4.744475,-1.0429914,4.8901978,0.9385806,4.614019,1.6260581,4.9335446,-0.62123686,5.3102336,-0.64443326,3.4635298,-250.83546,88.35113,74.19234,46.97968,13.3420925,9.776877,15.208482,9.835597,-0.32713825,7.0950036,1.4831802,4.421891,7.653954,6.093109,3.8721135,3.0268865,-2.438565,4.746558,0.42528346,3.0253937,0.5577727,3.34917,0.37574285,2.5443652,1.1652368,2.7585676,-370.18753,0.0,0.0,0.0,0.0,0.0,0.0,0.0,0.0,0.0,0.0,0.0,0.0,0.0,0.0,0.0,0.0,0.0,0.0,0.0,0.0,0.0,0.0,0.0,0.0,0.0,-0.673375,7.1146493,-0.48745358,4.0442877,-0.0934009,1.1387664,-0.06166723,0.9784256,0.008925481,0.9062118,-0.0010515273,0.642647,0.010544194,0.63452363,-0.029886795,0.50486904,-0.033169653,0.56647575,0.0025416408,0.4140669,-0.008349725,0.4515132,-0.008085035,0.47964188,-0.0030524821,0.30386508,-0.17853165,4.6095924,-0.23446167,2.047476,-0.048684146,0.747916,0.0037678198,0.60313714,-0.01789184,0.53975374,-0.043891642,0.5112137,-0.040546574,0.6671198,-0.0008909907,0.37524965,0.03744297,0.42931733,-0.010255487,0.36724573,-0.013150721,0.3070604,0.012018744,0.36134475,7.2710072e-06,0.30390018,446.82068872070226,542.1757486414987,648.5222458240873,667.1591298080958,844.546178343949,1177.5833582985813,0.01698721138535032,0.019707960415722574,0.056018658,0.086292066,1-101336-A-30.wav,door_wood_knock,1
-276.59927,112.17962,68.21802,40.93703,8.715639,21.163824,9.527653,11.197003,8.738633,9.13872,5.9023495,6.86573,6.707832,4.6015925,1.2855494,4.769618,3.3917174,3.549643,4.050107,3.9127321,2.7935994,3.144571,3.6108072,3.406555,3.5260217,3.998283,-405.0279,6.1035156e-05,0.0,0.0,0.0,0.0,0.0,0.0,0.0,0.0,0.0,0.0,0.0,0.0,0.0,0.0,0.0,0.0,0.0,0.0,0.0,0.0,0.0,0.0,0.0,0.0,-405.0279,6.1035156e-05,0.0,0.0,0.0,0.0,0.0,0.0,0.0,0.0,0.0,0.0,0.0,0.0,0.0,0.0,0.0,0.0,0.0,0.0,0.0,0.0,0.0,0.0,0.0,0.0,-1.168015,5.028846,-0.6195996,2.0249236,-0.025808042,1.4813354,-0.0048141344,0.9593191,-0.038655605,0.82144725,0.00080197933,0.57305926,-0.016742347,0.3596779,0.052812584,0.43596122,0.015919827,0.33543146,-0.027899088,0.32179984,-0.031061549,0.316607,-0.06380865,0.33353075,-0.09736462,0.48331738,0.72039664,7.511266,-0.11264712,1.4808865,-0.2099129,1.9945997,-0.10344101,0.9159508,-0.06817128,0.8069171,-0.050052848,0.54494375,-0.004631164,0.2096154,-0.03273731,0.33238977,-0.00044040164,0.20283927,-0.010740052,0.30099094,-0.015767135,0.24856512,0.011845848,0.18196872,0.0037167764,0.21046372,173.24188595279,453.20419110388156,275.39519141240976,511.7575382221144,284.2356687898089,844.2090300033531,0.007930682722929936,0.023297739208031343,0.019412927,0.04128406,1-103995-A-30.wav,door_wood_knock,1
-326.79236,108.85352,66.497185,45.52492,5.415964,23.559666,5.405489,10.756741,10.739538,8.829228,6.652694,6.828451,2.6214228,4.6786942,2.167892,5.030635,5.687894,4.4117274,2.7390459,3.5114586,2.161348,2.907949,3.8198519,3.3652837,5.488361,4.467073,-436.09094,6.1035156e-05,0.0,0.0,0.0,0.0,0.0,0.0,0.0,0.0,0.0,0.0,0.0,0.0,0.0,0.0,0.0,0.0,0.0,0.0,0.0,0.0,0.0,0.0,0.0,0.0,-436.09094,6.1035156e-05,0.0,0.0,0.0,0.0,0.0,0.0,0.0,0.0,0.0,0.0,0.0,0.0,0.0,0.0,0.0,0.0,0.0,0.0,0.0,0.0,0.0,0.0,0.0,0.0,-1.4868639,5.3466845,-0.6850002,2.031267,0.15663747,1.9192768,0.03437019,0.9714612,-0.056090496,0.68748146,-0.0076646563,0.5901165,0.034430005,0.44738242,-0.0028394347,0.5532549,-0.061967243,0.42920548,0.011283313,0.29885426,-0.024625553,0.28761032,-0.028799688,0.31410813,-0.026921296,0.37446037,0.6837791,7.1987753,-0.11961829,1.4214729,-0.24639903,2.1678147,-0.10807188,0.7388922,-0.07615097,0.733968,-0.06016288,0.6275482,-0.050967686,0.36630422,-0.033968464,0.4381063,0.019557705,0.2630223,-0.03302652,0.27439395,0.0028035317,0.13763037,-0.0107849,0.15482178,0.005486547,0.21876357,197.51680070380434,570.0155591512628,273.38108213879946,555.5846371128713,337.6791401273885,1106.08469304276,0.009809166003184714,0.037431967663719375,0.009895125,0.025841191,1-103999-A-30.wav,door_wood_knock,1
-234.78685,74.958565,90.126114,42.595123,10.907521,14.121497,2.2229714,6.359638,6.8697124,6.74768,8.13661,4.4256783,-0.96565163,6.7913404,-1.6308314,6.9123073,2.810021,5.2706113,6.6208057,3.371391,1.7629453,3.7062895,3.5881515,3.044829,3.8306231,4.734937,-302.31094,71.14036,47.435284,44.70616,13.685502,12.194346,9.037793,7.0722547,10.016556,4.9744263,8.542559,4.5849605,5.0349727,7.0731616,6.5616636,4.740984,8.038698,3.7060728,7.50968,2.3803806,4.117901,5.2364435,6.030007,2.6703131,6.254797,2.8877344,-226.19937,90.27422,31.390156,17.091284,15.695927,7.6074786,13.58753,5.8218164,13.600662,5.2859626,21.547144,9.705578,4.2147627,4.4250784,9.058611,5.568875,5.929483,3.382031,8.579767,4.397817,7.240512,3.1794338,6.12678,3.157962,7.5405817,2.9399457,0.033211727,10.583501,0.29717198,4.1960993,0.13800997,1.6670413,0.087520964,1.0515921,0.07195339,0.7625411,0.052017223,0.95521647,0.03261859,0.8158588,0.043701462,0.7789808,0.06043388,0.7320138,0.0671433,0.53448874,0.063439876,0.59961337,0.040563066,0.52904284,0.01714344,0.568966,0.13439299,6.298558,0.0055075176,1.9671522,-0.025685757,1.187581,-0.012855493,0.6923401,-0.018519912,0.57072294,-0.049577523,0.5691137,0.014586916,0.5942394,-0.027154561,0.6359663,-0.010802805,0.49838132,-0.027385585,0.38056666,-0.02327225,0.3680092,-0.023361683,0.39952907,-0.013743774,0.3878802,878.2070162831196,776.5005416875795,1359.3334595556328,713.0523488324304,1985.46974522293,2086.443988082667,0.02274706409235669,0.03220690860968224,0.11016147,0.109711505,1-26188-A-30.wav,door_wood_knock,1
-257.24402,66.209915,77.31916,16.825893,1.7278792,14.294828,13.851083,11.28599,11.220466,6.392255,14.384694,4.243342,8.012698,8.145544,6.9730153,4.7165956,-0.8096473,4.5068336,7.1915236,4.183952,3.650658,3.619641,7.2581396,4.863469,3.262648,2.635306,-465.9145,35.206623,8.869863,19.546535,4.248698,10.291432,2.989857,6.8982444,3.198825,7.0889587,3.6364033,8.34575,2.2934868,5.4274583,1.1884215,2.7638628,0.34317833,1.0941154,1.0225595,2.5433698,0.9393529,2.5400386,0.7745311,1.8940654,0.14824328,1.1262385,-481.68503,6.1035156e-05,0.0,0.0,0.0,0.0,0.0,0.0,0.0,0.0,0.0,0.0,0.0,0.0,0.0,0.0,0.0,0.0,0.0,0.0,0.0,0.0,0.0,0.0,0.0,0.0,-1.2168274,8.022646,-0.42453563,2.2972858,0.008475202,1.815236,0.032055855,1.4797567,-0.018666942,0.87997496,-0.122126706,0.82497424,-0.023980202,1.0511333,-0.08701156,0.48762226,-0.011091619,0.46808305,-5.5029894e-05,0.43806115,-0.053801287,0.4335327,0.006435734,0.6478404,-0.013283954,0.28552067,-0.5755699,6.500799,-0.13293196,1.7885938,0.102802224,1.4704998,0.048985943,1.1760851,0.02501831,0.6371842,-0.021093726,0.3901184,-0.021130243,0.7729607,-0.048277605,0.4240308,-0.0110957185,0.36591294,0.017849738,0.34588203,0.0060746213,0.2877725,-0.00041860229,0.4910934,-0.019585561,0.20966749,356.2532911964451,535.653966838237,539.7542535439449,710.1519843614514,695.7603503184713,1108.3766091879336,0.012359424761146497,0.02280240062278879,0.006466686,0.011617679,1-52290-A-30.wav,door_wood_knock,1
-96.50026,70.84418,96.01002,19.013874,-1.1834438,9.627467,5.966151,5.8323545,4.9909773,3.8959253,4.090803,6.432962,1.4043325,5.36668,2.6366992,3.8858633,-0.020830236,3.5920613,1.5363218,3.9574602,-2.3004916,3.6267536,-0.9528932,3.1675515,1.6341418,2.7820652,-193.72562,65.90533,76.46884,16.281212,16.322456,14.602043,12.296885,7.475484,6.2075043,4.2551804,6.217356,4.895068,3.7050576,3.4738584,3.1711109,4.9653983,-0.33691776,5.243273,0.10982418,3.1833556,-1.3367492,4.2832794,-1.4325904,2.9421284,-1.7745885,3.5328257,-163.64755,87.69037,91.08961,16.65903,9.294301,17.26703,10.291941,8.564196,6.4437094,8.654936,5.087378,4.9170995,1.7873956,4.3242993,4.180073,3.4984512,0.4415913,3.8296885,0.1560387,3.6264691,0.38228536,3.293024,0.184254,3.224427,-0.6232937,2.6768227,-0.007780816,8.623835,0.15753941,2.727038,0.09905159,2.0913892,-0.098697186,1.2026545,-0.071050495,0.8786893,0.044758122,0.89469004,0.042088587,0.70375806,0.028261743,0.8097558,-0.041346367,0.63330996,-0.014361725,0.54054564,0.0069534946,0.5925915,-0.012604894,0.43320036,0.04022859,0.49056473,0.20415697,9.307662,-0.121762976,2.6697176,0.07271881,1.418384,-0.011654509,0.58133626,-0.030873049,0.5873326,0.058103476,0.68393,0.025548303,0.51832813,-0.006820339,0.53189695,0.0028639508,0.45307326,0.013063209,0.4315992,0.00034564012,0.43360794,-0.017849514,0.40814188,0.014578921,0.3537437,761.4197582604733,364.4809713546157,1144.8337469243756,322.56171447139525,1367.6353503184714,871.0949179527782,0.03791799363057325,0.020051229899915434,0.15069145,0.15290855,1-81001-A-30.wav,door_wood_knock,1
-153.7518,85.11836,73.29724,19.189075,20.12191,10.972667,15.001252,7.438571,9.22044,6.6285343,7.978075,5.309015,0.5745652,4.7056704,3.3556376,3.6268137,0.42103595,3.8926814,1.2675673,4.028641,-0.8438863,2.3504207,-1.8561451,3.9216356,-1.640984,3.0121124,-121.57198,70.97496,86.73091,13.785332,-0.5184276,8.691052,10.699404,6.259983,11.907528,5.590893,9.535357,6.938476,1.800749,4.8572125,4.012917,6.416719,0.98931205,5.400096,1.2637527,4.742091,1.3459871,3.4730666,1.7708186,3.5863423,-1.189569,2.9830246,-291.7099,59.558098,15.090381,23.896465,6.0284295,9.258048,4.6880774,7.7429857,3.1540086,5.6597896,3.3442247,5.6095986,1.4788634,2.9075913,0.24545763,1.8521148,0.008630699,1.781451,-0.26488575,2.2616296,0.13732167,1.6356514,0.13860513,2.306046,0.25789708,1.7148794,-1.2510487,10.634759,-0.5266826,3.232024,-0.09247391,1.5038218,-0.031222932,1.2130659,-0.05364647,0.9581269,-0.09122762,1.114717,0.002287634,0.6734982,0.0024905873,0.8901399,-0.0063535757,0.7306516,-0.00989592,0.54963946,0.006554664,0.4866692,-0.018295467,0.7054844,-0.011698799,0.4859046,-0.50562,9.4522085,0.12543215,2.3010714,0.0255134,1.1962404,-0.015571912,0.6423406,0.017261723,0.6663942,0.01788701,0.7210684,0.0018534072,0.41511378,-0.014714806,0.5879183,-0.013296561,0.4231384,-0.015105416,0.3337191,-0.00089411065,0.31808862,0.0007085671,0.37967432,-0.00065405504,0.33836037,722.2385635250525,717.2676729587401,1071.4564062849108,712.795217566265,1494.4267515923566,1596.32380527596,0.03251268909235669,0.0612211424027141,0.13506295,0.1579492,1-81001-B-30.wav,door_wood_knock,1
-318.53952,117.85263,37.509018,44.590084,2.837148,10.292397,3.6985838,5.529214,3.5982604,5.9333596,1.5911579,4.138317,-0.6272425,2.9567206,-0.38468176,2.132576,0.95138675,2.202287,-0.49601167,2.6973288,-1.0625416,2.45152,-0.1192704,1.6015071,-0.03472834,1.6429497,-408.55518,6.1035156e-05,0.0,0.0,0.0,0.0,0.0,0.0,0.0,0.0,0.0,0.0,0.0,0.0,0.0,0.0,0.0,0.0,0.0,0.0,0.0,0.0,0.0,0.0,0.0,0.0,-408.55518,6.1035156e-05,0.0,0.0,0.0,0.0,0.0,0.0,0.0,0.0,0.0,0.0,0.0,0.0,0.0,0.0,0.0,0.0,0.0,0.0,0.0,0.0,0.0,0.0,0.0,0.0,-1.4450417,6.253455,-0.5856273,2.6593626,0.0062759607,0.7547586,-0.043818876,0.45633635,-0.07870514,0.457948,0.0030897378,0.4426092,0.0018526791,0.16960096,0.018167319,0.14972612,-0.009881005,0.15917957,0.02284835,0.17147934,0.015626917,0.16206746,-0.0047415365,0.09292436,0.004793374,0.12299338,0.22823966,4.333508,-0.040213164,1.1123626,-0.036407106,0.7997552,-0.017700586,0.38317728,-0.06572165,0.549716,0.0054107155,0.34962103,-0.0013683586,0.17814538,-0.0024331831,0.17119099,-0.011178636,0.18938261,-0.0034099626,0.17412187,0.016450228,0.2033385,-0.0054317,0.11164047,-0.006391565,0.11121227,151.78277232171286,432.20359535058884,202.52310471115814,501.8461814390337,278.7619426751592,809.8036576416687,0.007433071257961783,0.021585539204973074,0.009948206,0.03601457,1-82817-A-30.wav,door_wood_knock,1
-341.64655,98.611534,74.5567,48.14919,-0.37371355,21.333849,0.8990915,9.185234,11.192734,8.918453,10.4957905,8.355002,5.1105633,7.3997517,5.9475894,5.6314397,7.259022,5.3536572,5.5270457,4.2957683,3.4334846,3.9023244,5.2893214,4.838631,4.0328236,3.5980115,-455.54312,0.0,0.0,0.0,0.0,0.0,0.0,0.0,0.0,0.0,0.0,0.0,0.0,0.0,0.0,0.0,0.0,0.0,0.0,0.0,0.0,0.0,0.0,0.0,0.0,0.0,-455.54312,0.0,0.0,0.0,0.0,0.0,0.0,0.0,0.0,0.0,0.0,0.0,0.0,0.0,0.0,0.0,0.0,0.0,0.0,0.0,0.0,0.0,0.0,0.0,0.0,0.0,0.19884038,9.352017,-0.25505823,3.4769921,-0.29830584,2.8068926,-0.15021117,1.2757455,-0.08873974,0.79039496,-0.0543607,0.86188537,-0.08268858,0.8030963,-0.037544116,0.5758822,-0.024907377,0.5118343,-0.029756097,0.35687426,-0.015078889,0.38887593,-0.004131422,0.35728544,-0.0003621244,0.27409646,0.38093087,6.5505815,0.06140132,1.5048789,-0.09028233,1.8158995,-0.011906293,0.574722,-0.026451211,0.50962526,-0.0013977722,0.3608642,-0.013343237,0.46199247,0.008966097,0.31411898,0.008048076,0.30413625,0.0053799017,0.20711091,0.006656323,0.20212387,0.011890384,0.2571757,0.015785627,0.1892838,172.3000524349322,437.77982762474966,248.51886542995328,472.7734684565037,309.11624203821657,858.6940311398333,0.006829717356687898,0.019484386208003742,0.005502585,0.015244788,2-114254-A-30.wav,door_wood_knock,2
-261.13257,98.749825,58.16602,23.636972,12.957211,8.396436,10.4174595,4.0805345,14.673737,5.7806954,12.330046,4.5528636,4.6999373,3.9685364,6.769381,3.4383388,5.907958,3.9976928,6.617582,3.893668,1.9809959,3.525113,1.6643677,3.8108263,5.9962597,4.203534,-378.667,7.302556,2.6619136,8.484082,1.6884444,5.054108,1.0391275,3.0178137,0.81951106,2.320873,0.7304709,1.9713879,0.6725972,1.7835177,0.61987525,1.6879721,0.47486803,1.3588414,0.3349726,1.1276745,0.40074408,1.1825979,0.5670607,1.5031298,0.58718246,1.588161,-362.3166,48.705166,9.618798,19.194868,3.0068073,6.230691,1.4572271,3.0551243,1.6238135,3.2351499,1.7638083,3.743684,1.0426794,2.651176,1.210957,3.0575378,1.1715515,2.6720479,1.072864,2.2786522,0.6122041,1.5158533,0.40180308,1.3483682,0.42193478,1.065638,-0.22256353,7.228249,-0.25070518,1.9227161,-0.040850844,0.9576242,-0.04771139,0.5341269,-0.026279926,0.5373871,-0.03883911,0.50249887,-0.022916831,0.4963424,-0.031603597,0.50606203,-0.014800076,0.54348874,0.011686935,0.4080255,0.028882759,0.32684633,0.014019723,0.31627405,-0.00854633,0.37559044,0.16117181,4.301206,-0.08166196,0.98156947,0.011170641,0.5582886,0.054663304,0.30834773,-0.011133098,0.26046145,0.0009343926,0.27780256,-0.017149525,0.3076502,-0.032922532,0.3107841,-0.029439218,0.29048696,0.005493139,0.26977074,0.03418629,0.24731177,0.028956134,0.23348767,-0.003555136,0.22518669,531.9002862546023,821.4347761785418,747.9172490810096,862.9838608002252,1088.7738853503186,1639.1509701952136,0.021496815286624203,0.05883294331363576,0.020667607,0.05229852,2-118624-A-30.wav,door_wood_knock,2
-179.94002,87.879,72.48978,10.177101,9.052121,5.865336,6.2279663,3.7760186,10.163555,3.4926026,8.6125965,5.042981,2.421485,4.119662,4.333065,3.910194,2.878498,3.676616,4.76042,2.9984074,1.1691613,3.1599743,0.31925112,2.7141783,6.0930867,3.8073123,-327.3582,16.034666,3.9981503,14.394194,1.1951532,3.4120286,0.69761765,2.1317236,0.92865336,2.5595162,0.8861379,2.3921642,0.8056451,2.1615531,0.5201653,1.678381,0.43167093,1.6790568,0.7035507,1.9060056,0.6819165,1.8799579,0.5367034,1.6011142,0.587175,1.6532797,-313.93686,37.023506,12.720008,23.625223,3.3924162,6.613017,0.7789799,2.1431894,1.48023,2.9671535,1.5205051,3.1622725,0.80321836,2.3511915,0.9703247,2.9173918,0.9255541,2.7625666,0.95816374,1.9858743,0.6745027,1.6512852,0.59369326,1.3465312,0.43027544,1.1375359,-0.9971575,5.845512,-0.2341299,2.5536895,0.013073976,0.79037994,-0.06436993,0.47471413,-0.0075383703,0.4393794,-0.0034223422,0.5396986,5.1039797e-06,0.5211285,-0.023439186,0.60408354,-0.04485247,0.49084076,0.010873053,0.38392177,0.037603732,0.34674928,0.024566608,0.32519194,-0.021609344,0.4055424,-0.19383644,3.7514398,-0.06808613,1.1362637,0.013863636,0.42324838,0.026891943,0.29926986,-0.013107415,0.23493928,0.009426935,0.33157924,-0.02477602,0.27858245,-0.04309469,0.31054282,-0.04142675,0.2925037,-0.020641662,0.23523742,0.0041009123,0.18290122,0.017341938,0.23856102,-0.009763753,0.2388355,505.29620357909164,706.4344526578329,714.4385721402442,798.0564687946927,1028.9609872611466,1466.9477687161268,0.023425059713375797,0.04868222969597779,0.048582748,0.13127217,2-118625-A-30.wav,door_wood_knock,2
-297.98065,78.92167,64.27135,29.575878,24.677498,8.291514,20.168242,7.933284,9.855264,6.9105024,6.182155,4.0478687,4.199622,5.445639,5.1998873,4.3072324,3.9936388,3.1794434,1.8138452,4.574886,3.7640734,3.2157745,2.75214,2.3992665,2.2448106,2.6177592,-351.71576,54.50758,46.978455,18.577524,25.58609,8.431099,20.4468,6.8301983,14.090368,5.26561,10.8268585,4.3347754,8.570573,3.3380637,9.249625,3.6396072,7.6010394,3.34939,6.3275595,2.932201,5.386055,3.4891102,4.0122943,3.512509,3.8268237,3.0803838,-317.8309,69.80351,53.058647,26.1456,24.890926,9.505571,21.524227,8.349611,13.116199,6.2357473,9.744499,3.9042063,6.302501,4.8757396,8.013699,4.6208467,5.7878113,3.7570572,3.842429,4.843582,5.8183722,4.2445526,4.0698233,4.2001524,3.344667,3.486261,0.94573617,8.763917,0.22568975,3.2969117,0.06533052,1.3623325,0.07113261,1.1120821,0.015417389,1.0483519,0.007660252,0.60316265,-0.0012644051,0.6219245,-0.01148686,0.66001564,-0.034707725,0.5251223,-0.013915,0.5779949,0.0015365105,0.55705714,-0.030209234,0.49269655,-0.0541477,0.46424434,-0.27677923,5.6772647,-0.17455333,2.769404,-0.08923111,1.1603696,0.030814711,0.7621893,0.020553848,0.76693755,0.013801885,0.4145401,0.04031958,0.58614933,0.05042002,0.6411074,0.022138268,0.46259317,0.021408452,0.45911452,0.044315442,0.57529885,0.024255227,0.40244582,0.015850635,0.33381307,822.8197093644828,603.1853685976587,1489.1155916264313,620.9643378080207,1939.4904458598726,1983.3326621006406,0.01903985867834395,0.01913810637564383,0.02952041,0.03148667,2-120218-A-30.wav,door_wood_knock,2
-272.6557,87.94701,68.72562,28.830872,25.051382,10.182745,20.335384,8.318222,13.643433,5.9597373,9.350234,4.027778,5.8994956,4.962262,5.060847,4.1887274,3.7848206,4.2868896,3.7301416,3.0344145,2.784457,3.4532132,1.1482917,3.8494282,0.8684839,3.7107441,-258.41583,105.49949,55.53155,23.98996,22.43124,9.245346,23.888607,7.2059484,13.920424,4.347907,9.525862,6.3532057,7.5058007,5.0484433,6.731719,3.9546504,4.7976055,4.8189373,4.1545653,4.4997964,3.3927677,4.2751775,2.196072,3.973159,1.4592888,4.522215,-234.43303,70.04031,79.75737,16.105728,25.923784,8.055843,19.278688,8.449142,14.977756,6.2637987,9.855652,4.4312634,8.259718,4.902696,7.5996194,3.8211167,2.5884895,3.539528,2.808755,3.9688556,0.67952317,3.9923677,0.70767134,3.0327394,-0.33453345,3.8929298,-0.13535324,13.664198,0.23569821,3.6390207,-0.04123502,1.5108497,0.03250496,1.1448928,0.022446193,0.7216466,-0.04783733,0.8071754,0.02328301,0.74817735,0.017417956,0.5717818,0.0031653787,0.62997615,-0.0029210045,0.54419374,0.007493514,0.61023706,0.016784914,0.4841787,0.029869596,0.63828605,-0.076412454,7.612768,-0.22478276,1.827848,-0.07325937,0.96758133,-0.12482297,0.90281993,-0.057018243,0.5696015,0.012204708,0.5500163,-0.0019420469,0.46411934,-0.011619202,0.4587634,0.012100082,0.38491854,0.009680631,0.3730848,0.007251305,0.45670816,0.029653208,0.3552483,0.027556743,0.4228971,541.7521944955691,357.6399638379203,1162.689064594948,456.3758247057397,1002.0899681528663,1133.3854258169629,0.01246516719745223,0.009455374861003805,0.06884288,0.058019366,2-120218-B-30.wav,door_wood_knock,2
-286.96246,37.609245,115.63583,20.023977,41.28375,9.575746,13.764902,5.4440384,8.160256,3.3065102,5.0288553,3.4516318,3.4138434,2.7257938,3.4838755,3.0005054,4.4337153,2.7761357,5.176389,2.5276034,5.7644925,2.379611,5.607366,2.469721,4.790963,3.0940833,-388.4355,36.18212,18.455816,36.005924,8.55252,17.092087,3.0601983,5.946551,1.6706938,3.3131578,1.342072,2.7235732,0.6809543,1.5237162,0.62820625,1.4073412,0.93396705,1.9554224,1.197829,2.5477784,1.3542043,2.7812107,1.4905213,3.0568178,1.3412582,2.8325908,-406.6561,0.0,0.0,0.0,0.0,0.0,0.0,0.0,0.0,0.0,0.0,0.0,0.0,0.0,0.0,0.0,0.0,0.0,0.0,0.0,0.0,0.0,0.0,0.0,0.0,0.0,-0.85217345,4.191056,-0.6053431,3.2383068,-0.2901192,1.4743171,-0.12364542,0.6554943,-0.036590636,0.38332164,-0.02285899,0.3770027,-0.023025734,0.24380071,-0.025684107,0.29423034,-0.008586135,0.3027398,-0.027923891,0.2608247,-0.033227365,0.25008303,-0.04053186,0.31369752,-0.04115968,0.34364265,0.48840502,4.5955143,0.08584984,2.3898785,-0.094288155,1.03889,0.00018747294,0.4878097,-0.0035820403,0.27518082,-0.007819795,0.3240641,-0.017991722,0.27324036,-0.019035015,0.30468655,-0.025042621,0.2823924,-0.021492483,0.24937236,-0.009094564,0.1873065,-0.011301421,0.24005038,-0.018107135,0.29586476,84.90320929859885,270.2235665844946,190.99539250361605,316.067847008803,142.81449044585986,558.9570687436259,0.00403687300955414,0.013745472484079266,0.040286604,0.054353025,2-133889-A-30.wav,door_wood_knock,2
-287.7331,37.50217,118.4676,21.316408,41.198673,9.77591,14.588512,5.5299077,8.567968,3.9928663,5.2700934,3.2849224,3.549568,3.0032845,3.8112903,2.9249828,4.5195737,2.6775134,4.6289954,2.8360932,5.412621,2.7629144,5.491654,2.8990023,4.570805,3.155102,-374.25488,49.93213,36.268917,48.872852,15.026571,20.403372,4.9919686,6.745737,2.9771662,3.9917257,2.2519252,3.3807273,1.4668467,2.314326,1.4283807,2.2472968,1.9714068,2.754249,2.4214158,3.3008423,2.5050752,3.5634253,2.356285,3.3268828,1.715331,2.4314334,-410.5143,6.1035156e-05,0.0,0.0,0.0,0.0,0.0,0.0,0.0,0.0,0.0,0.0,0.0,0.0,0.0,0.0,0.0,0.0,0.0,0.0,0.0,0.0,0.0,0.0,0.0,0.0,-0.81557584,4.3773746,-0.73568046,3.2636604,-0.30255052,1.5497482,-0.12213531,0.6530969,-0.03477033,0.43912813,-0.005032521,0.41602656,-0.015140216,0.28626674,-0.049407065,0.33079016,-0.03899644,0.31134224,-0.021724569,0.30547428,-0.015207391,0.31384337,-0.03554149,0.28775078,-0.03543039,0.2582258,0.34931564,4.515004,0.1766235,2.7229123,-0.01851089,0.9551353,-0.017958764,0.52414745,-0.043159176,0.39633554,-0.019895162,0.33343714,-0.025205482,0.29722044,-0.010120513,0.29659304,-0.011115808,0.27416936,-0.02434356,0.29891446,-0.019862328,0.2544701,-0.029795758,0.31252185,-0.029541742,0.32443285,90.07638677069434,279.5124963577438,203.3009898752227,302.89063658552294,147.7906050955414,552.4032186065384,0.004777070063694267,0.01944977645669184,0.04679544,0.05681872,2-134915-A-30.wav,door_wood_knock,2
-280.17398,96.09858,72.68599,45.770233,1.4198922,10.062173,-0.261916,6.1144776,1.0882791,7.192025,-0.12869479,4.9467697,-3.6488867,4.618053,-5.2878137,4.3419094,-2.1124334,3.6583045,-1.4871252,2.4867182,0.014199293,2.2800632,-1.0036138,2.3564553,-1.1385697,2.3297067,-417.85675,6.1035156e-05,0.0,0.0,0.0,0.0,0.0,0.0,0.0,0.0,0.0,0.0,0.0,0.0,0.0,0.0,0.0,0.0,0.0,0.0,0.0,0.0,0.0,0.0,0.0,0.0,-417.85675,6.1035156e-05,0.0,0.0,0.0,0.0,0.0,0.0,0.0,0.0,0.0,0.0,0.0,0.0,0.0,0.0,0.0,0.0,0.0,0.0,0.0,0.0,0.0,0.0,0.0,0.0,-1.2714216,5.665447,-0.7504604,2.6392334,-0.08145571,1.2308179,0.011181003,0.60987616,-0.073697925,0.9409431,-0.015641134,0.5429937,0.07268557,0.3953358,0.032759093,0.37134746,-0.0012263044,0.31753105,0.019259578,0.21060124,0.008092578,0.22282162,-0.0062891087,0.19613966,0.022408836,0.27348325,0.21832946,3.8569613,0.06620958,1.4069585,-0.0509931,0.87533766,0.03537082,0.49458647,0.021908317,0.56972855,-0.0008126824,0.4317635,0.009236047,0.2501817,0.004039272,0.26535973,0.0077034943,0.26067224,0.016645936,0.21545391,-0.0013540155,0.15806384,-0.008219733,0.1333581,-0.004459179,0.19202453,469.3370032456588,888.8154654586128,460.49672403387433,807.0521225015475,947.452229299363,1884.3831638358204,0.037289759156050956,0.07203534998793128,0.0091364,0.026337475,2-140841-A-30.wav,door_wood_knock,2
-213.0214,112.71809,59.632133,42.79778,15.171639,11.031067,12.575552,4.9641743,10.022007,3.88032,7.7240686,2.9725077,0.49016982,6.5791593,2.2232065,4.4219685,4.6686597,2.3837795,4.433147,2.4546833,1.2424437,3.7915554,1.8007425,3.013084,3.152185,2.6245465,-329.28406,0.57146424,0.24347757,0.8061929,0.2418032,0.8002932,0.23903272,0.7905392,0.2351955,0.77704704,0.23033303,0.7599795,0.22449668,0.7395398,0.21774857,0.7159724,0.21014725,0.6895598,0.20180944,0.6606128,0.19278447,0.6294797,0.18317768,0.5965295,0.1730862,0.5621519,-329.45663,3.0517578e-05,0.0,0.0,0.0,0.0,0.0,0.0,0.0,0.0,0.0,0.0,0.0,0.0,0.0,0.0,-1.2979902e-05,0.0,0.0,0.0,0.0,0.0,0.0,0.0,0.0,0.0,-0.85416156,6.829698,-0.3644554,2.5510027,-0.10992614,1.1193898,-0.104553245,0.51011723,-0.03844736,0.35508394,-0.060812186,0.30271143,0.015413934,0.46989694,-0.022272764,0.40348512,-0.0056820684,0.22604287,-4.5690187e-05,0.20351054,0.01680307,0.36311322,-0.0022735011,0.32029396,-0.013454928,0.2522745,-0.24163522,3.146085,-0.18993995,1.3455752,-0.042344052,0.6996375,-0.008708431,0.31233534,-0.00036688216,0.18918373,0.009320343,0.19875917,0.036378756,0.2722984,0.022073746,0.22907099,0.0130426325,0.17063345,0.006542697,0.15754417,0.013038137,0.23061252,0.00011466871,0.20064169,-0.01960228,0.18381754,318.64202443331186,625.9692385116397,514.149872023396,744.507328382993,630.7722929936306,1357.2510983930017,0.013360867834394904,0.04210869525294807,0.050824925,0.13150351,3-144510-A-30.wav,door_wood_knock,3
-294.69467,89.56362,70.323784,20.73188,13.289621,13.328761,4.2051086,9.061933,4.9481487,5.9568224,4.111313,8.264835,6.825534,4.2845263,8.557394,4.824493,9.542837,3.6188765,5.5411024,5.3238378,4.9912205,5.603359,6.6269097,4.5284495,6.9644117,4.5801735,-404.3455,11.494168,13.408131,14.227594,10.369068,10.4698925,7.8737416,7.8028793,6.683241,6.4937725,6.3227587,6.25966,6.147197,6.2885394,5.8494945,5.779423,5.493638,5.2394614,5.2214155,5.007722,5.071053,4.746007,5.0054836,4.646625,4.8813944,4.572226,-414.84534,3.0517578e-05,0.0,0.0,0.0,0.0,0.0,0.0,0.0,0.0,0.0,0.0,0.0,0.0,0.0,0.0,0.0,0.0,0.0,0.0,0.0,0.0,0.0,0.0,0.0,0.0,-0.1567307,10.063082,-0.18091147,2.6325316,-0.14416894,1.4578261,-0.12435717,0.9180327,-0.10634703,0.706873,-0.12948334,1.0538832,-0.06454019,0.51879257,-0.054603845,0.571894,-0.061579626,0.42725262,-0.08530922,0.6696608,-0.07442551,0.62562656,-0.0823686,0.59316254,-0.073307976,0.62181586,0.35356662,8.78244,0.09952287,1.9556206,-0.018521238,1.1188514,-0.0024964423,0.5252143,-0.023134656,0.48743242,-0.020565335,0.7159687,-0.018872397,0.31571653,-0.009712644,0.35783425,-0.005302648,0.26951388,-0.00753432,0.3850638,-0.014579795,0.35415193,-0.02598879,0.3682641,-0.032024097,0.43971467,276.3190981025315,578.3616639627973,563.3506332106558,656.3385348687334,436.8033439490446,1237.8205207384751,0.009180931528662421,0.032388512596968975,0.014371617,0.025921004,3-151089-A-30.wav,door_wood_knock,3
-387.29456,86.64111,62.316345,38.887196,19.367424,12.092116,11.602178,9.001804,5.7391896,7.1924562,5.712375,5.607412,3.7298877,6.1988873,5.4472036,4.8152437,3.7970026,4.2855263,4.529673,3.7139394,2.7154489,3.9669032,3.0059118,3.293112,1.9155655,3.3558142,-503.85706,3.0517578e-05,0.0,0.0,0.0,0.0,0.0,0.0,0.0,0.0,0.0,0.0,0.0,0.0,0.0,0.0,0.0,0.0,0.0,0.0,0.0,0.0,0.0,0.0,0.0,0.0,-503.85706,3.0517578e-05,0.0,0.0,0.0,0.0,0.0,0.0,0.0,0.0,0.0,0.0,0.0,0.0,0.0,0.0,0.0,0.0,0.0,0.0,0.0,0.0,0.0,0.0,0.0,0.0,-0.8037452,6.64883,-0.37760672,2.5083199,-0.13030311,0.94510627,-0.13995272,0.88628566,-0.072186425,0.74933827,-0.09084389,0.54725534,-0.08731405,0.61815673,-0.07742131,0.44780502,-0.051257472,0.41276467,-0.06091622,0.29261425,-0.06596626,0.36760223,-0.05440353,0.23334193,-0.044522602,0.279851,0.2244635,5.6456466,0.011910675,1.2919469,-0.027130904,0.5526659,-0.009052735,0.517052,-0.019179417,0.536861,-0.020081853,0.3532297,-0.033340584,0.49011716,-0.024385776,0.30775797,-0.025340185,0.30630323,-0.014620656,0.21172808,-0.023992844,0.28366423,-0.013682915,0.19788681,-0.02421419,0.31346107,131.51524341402612,379.2504277264266,270.62877165753326,503.07809527443106,202.12977707006368,723.2569541957175,0.004801950636942675,0.017506433952415787,0.0030141051,0.006948762,3-152594-A-30.wav,door_wood_knock,3
-293.27283,105.561844,49.886257,47.80523,7.1947927,12.968724,-2.2889607,8.927978,-1.7242538,5.0508494,0.23379524,3.6196957,-0.031415645,4.0221868,1.5024068,3.7294855,1.3877494,3.7475626,0.3233534,2.6020875,-0.89301884,2.4520657,0.14987388,1.5953149,0.50443864,2.0320528,-400.09613,3.0517578e-05,0.0,0.0,0.0,0.0,0.0,0.0,0.0,0.0,0.0,0.0,0.0,0.0,0.0,0.0,0.0,0.0,0.0,0.0,0.0,0.0,0.0,0.0,0.0,0.0,-400.0961,6.1035156e-05,0.0,0.0,0.0,0.0,0.0,0.0,0.0,0.0,0.0,0.0,0.0,0.0,0.0,0.0,0.0,0.0,0.0,0.0,0.0,0.0,0.0,0.0,0.0,0.0,-1.5943383,6.999073,-0.536075,3.2571688,0.121010005,1.2718703,0.08343518,0.98635495,-0.00984261,0.63612795,0.0067063873,0.15843086,-0.0021208122,0.23646528,-0.087170385,0.3856757,-0.06648358,0.29667798,-0.020213181,0.23323841,0.023223685,0.20063016,-0.0001516008,0.11033118,-0.0255095,0.15517618,-0.17967613,3.4338417,-0.028049426,1.7403461,0.006271891,0.53817713,0.022867246,0.7460132,0.006374684,0.3868823,-0.025736682,0.2353701,-0.02759293,0.2840268,-0.0081219915,0.22705303,-0.019586746,0.20057593,-0.01403944,0.17436107,-0.002222853,0.16253345,0.0023901698,0.13157423,0.016846532,0.13665493,177.84129818973338,400.20368729358506,249.50524040882686,553.5141646061288,323.546974522293,850.4307293605325,0.011015873805732485,0.026145866146895593,0.00930422,0.030832795,3-154378-A-30.wav,door_wood_knock,3
-295.80383,96.65425,58.696777,44.85974,14.672644,14.520086,6.4002028,9.936869,4.1414742,6.4915357,1.1263064,4.6379213,-3.8564398,6.398843,-4.90484,4.868813,-5.0513153,3.7667902,-4.7732425,2.9152052,-3.3906946,1.9639546,-3.0187302,1.9353718,-3.2565107,1.9759902,-379.57437,0.60721153,0.20782445,0.8411756,0.1955269,0.78979176,0.17591189,0.7081641,0.15022491,0.6019226,0.12006513,0.47822523,0.087257676,0.3451401,0.05371113,0.21105647,0.021275163,0.08502352,-0.008396114,0.04246313,-0.033945087,0.1342128,-0.054396264,0.2100343,-0.06919196,0.2643589,-379.7243,3.0517578e-05,0.0,0.0,0.0,0.0,0.0,0.0,0.0,0.0,0.0,0.0,0.0,0.0,0.0,0.0,0.0,0.0,0.0,0.0,0.0,0.0,0.0,0.0,0.0,0.0,0.69022906,14.096961,0.07448387,6.843167,-0.19526191,2.2361765,-0.104674555,1.4590135,-0.09823346,0.89554703,-0.048736595,0.6214555,-0.04650636,0.9656151,-0.009753682,0.6960474,-0.0020399455,0.48818037,0.015752908,0.32915264,0.030256556,0.18422566,0.032047052,0.22073801,0.030408807,0.20209876,0.4544322,8.601828,0.17332056,3.6091323,-0.00074271794,1.2043056,0.007485056,0.8175296,-0.017360987,0.5563107,-0.023263186,0.42237574,-0.035737317,0.5478064,-0.028275076,0.38186717,-0.025279017,0.30157724,-0.011751036,0.24899645,-0.009513573,0.17920096,-0.014347852,0.12313288,-0.010352966,0.13522212,558.192910832209,932.463169442099,643.2568962597917,922.6689511124817,1167.2969745222929,2039.7355075028909,0.054053045382165606,0.13328958184404252,0.014691815,0.0548048,3-170574-A-30.wav,door_wood_knock,3
-323.76617,79.3505,75.44158,24.750256,24.13281,18.306948,21.48087,11.27505,15.749945,7.721093,11.493724,7.3731937,9.77039,5.612272,6.0460644,4.5584793,5.1554317,3.9697065,4.7056875,4.2149057,4.6477776,3.3992395,3.7012737,2.9134233,2.738918,3.068222,-380.5272,44.556652,42.203037,19.485723,14.554088,8.737732,12.429066,5.68738,9.3936825,4.368959,8.16945,4.511428,6.4726386,3.404631,3.8254828,4.2165084,4.666673,2.6082766,5.077476,1.9014316,4.8093944,2.074306,2.999177,3.5411797,3.620441,2.3877366,-315.1316,85.540375,81.31959,20.488136,23.252022,19.608017,21.550442,11.98683,14.574966,7.6259456,10.20971,8.147746,8.021976,6.034297,4.454808,5.3952513,4.366521,3.828478,3.8568146,4.013369,4.2719293,3.6640503,3.4024608,2.5826154,2.9448593,2.8726518,-0.8165021,12.1090555,0.04972509,3.4560437,0.13001533,2.5473418,-0.0055214707,1.6130748,0.0411728,1.1735073,0.069318615,1.189819,0.040169477,0.8061315,0.016743481,0.6835179,0.013184504,0.47940588,0.019534288,0.51019824,0.026947532,0.4348664,-0.0014156543,0.43149644,-0.0007668745,0.42921722,-0.10397863,13.527298,-0.13028157,3.5371146,-0.02795596,3.2334657,0.011541665,2.0514839,0.0023938743,1.3538954,0.011877018,1.2787383,-0.030691257,0.8776113,-0.00051972823,0.66039795,0.0083233835,0.43167123,0.014366494,0.5326915,-0.0020764219,0.42951727,-0.0112061035,0.34225422,-0.0095391255,0.33599836,811.7298109580947,677.2203515211618,1319.3031376786284,661.5853834414305,1825.5374203821657,1948.9280920277938,0.030080613057324842,0.030844702896592587,0.016120877,0.01602695,3-180147-A-30.wav,door_wood_knock,3
-212.27919,43.51291,63.510258,39.847565,31.487755,16.834639,14.712714,9.444941,10.647551,5.249981,10.500871,3.7231324,5.520566,2.962227,1.8770651,3.5531743,0.68696123,3.8063157,2.8529086,2.3456943,3.2166247,2.5694926,3.216188,2.647838,1.3588575,2.7141154,-254.16884,47.748756,30.145952,31.011847,17.371462,10.566979,12.540168,5.8030515,10.564948,4.6687746,10.091807,4.5801935,7.6345663,3.6436512,5.769877,4.639441,4.44176,4.642848,5.0882063,3.5546567,4.8263083,3.1658762,5.415558,3.4026234,4.1377187,3.3560066,-352.59943,0.0,0.0,0.0,0.0,0.0,0.0,0.0,0.0,0.0,0.0,0.0,0.0,0.0,0.0,0.0,0.0,0.0,0.0,0.0,0.0,0.0,0.0,0.0,0.0,0.0,-0.5169596,4.4312754,-0.073621,3.3435073,-0.07416323,1.3810531,-0.0585481,1.0575054,-0.053667653,0.70449585,-0.042402375,0.38065392,-0.023289487,0.3777987,-0.040358447,0.42503992,-0.046122804,0.454102,-0.03363117,0.31552327,-0.024519531,0.31476283,-0.00018425353,0.30836213,0.0027037426,0.35991952,-0.057213724,2.4694867,-0.014497663,1.8294201,0.003734357,0.6978263,0.008187395,0.64450634,-0.0054339427,0.4597835,-0.0052981763,0.30560535,-0.013086753,0.2654511,0.004726304,0.24843526,0.017482715,0.2927151,0.0010975045,0.20821622,0.005071043,0.19825606,-0.027805498,0.24385668,-0.0024877628,0.2536847,793.1583197919999,1106.3260671329308,1021.4136243623612,976.4634082369879,1681.6281847133757,2441.1199324228915,0.03779359076433121,0.07463583888639658,0.086405806,0.13263166,3-182023-A-30.wav,door_wood_knock,3
-226.40697,41.945736,89.01221,36.54547,34.875378,12.85755,5.0332565,11.642897,1.4104608,4.6238585,6.7507772,3.7789664,5.513458,4.1008825,2.8718274,3.104787,0.4153829,2.8117373,-1.0692561,3.4488904,-2.975859,3.283081,-1.439391,2.7444012,0.09865495,2.4499621,-334.39017,76.526276,24.760477,33.490513,11.854365,11.196887,4.1186695,7.94004,4.0005093,6.332581,6.8541517,6.1539397,6.239875,5.6206408,5.1826596,5.667154,4.0181065,4.8020453,3.83725,4.2579036,3.503975,4.3304625,3.5770836,4.328275,3.414578,3.7632158,-417.06076,3.0517578e-05,0.0,0.0,0.0,0.0,0.0,0.0,0.0,0.0,0.0,0.0,0.0,0.0,0.0,0.0,0.0,0.0,0.0,0.0,0.0,0.0,0.0,0.0,0.0,0.0,-0.5480421,5.71881,0.094557844,4.1203766,0.021244887,1.4975084,-0.056563042,1.4412811,-0.08028069,0.7563819,-0.081560776,0.6186885,-0.077795796,0.5802412,-0.04346885,0.54593056,-0.03930226,0.42999,-0.04992451,0.44582587,-0.038139977,0.49517575,-0.044998128,0.4309636,-0.04002049,0.3818667,0.15389039,2.820229,0.1865009,2.2223969,0.06143094,1.0158554,-0.01683691,0.8631357,-0.018343484,0.39389482,-0.008751875,0.35263565,-0.022882342,0.3726304,-0.015292979,0.35289043,-0.014680034,0.25635946,-0.01819625,0.27696428,-0.021937558,0.31457898,-0.0076912316,0.20539476,-0.0055385414,0.19627282,431.4504721627713,672.9487931414633,727.7947303612076,817.8240452253152,899.9800955414013,1578.9134530364383,0.01630921576433121,0.03587619704473896,0.029740658,0.040859718,3-182025-A-30.wav,door_wood_knock,3
-252.92293,50.913567,62.06256,45.24034,28.94506,16.43343,10.208444,6.6641936,5.1761737,3.881806,5.8204575,2.9199188,4.8743243,4.21447,3.6761205,3.5518656,1.1388001,3.983657,1.9712287,2.8867252,1.451607,2.0556695,2.3786445,2.7304964,1.7728693,2.592912,-286.1024,28.287363,29.843159,28.219017,20.013386,10.482162,14.221043,4.3859596,11.036796,3.8086002,10.429189,2.8979764,9.127036,2.760127,8.541571,3.1171083,6.5056076,3.9636533,5.8830414,3.3381894,5.2674947,2.5663912,5.6640325,2.9290264,5.382731,3.3282425,-329.08505,43.59113,9.502823,6.2246823,8.148796,5.498418,7.3074875,4.9546022,6.2435665,4.362288,5.5469885,4.076381,4.6964073,3.4186027,4.107973,3.0598524,2.650591,2.2567003,2.7052538,2.217131,1.766208,1.9950365,2.1691194,2.2115026,1.2523214,1.8411897,-0.57408786,4.846879,-0.08183795,3.526574,-0.064052336,1.2767103,-0.057294026,0.7231849,-0.022526177,0.58584297,-0.042579997,0.41644233,-0.040124226,0.4212946,-0.047336046,0.4103276,-0.030323328,0.45759025,-0.017760605,0.34198293,-0.01800096,0.2786966,-0.013086432,0.31992298,-0.019968845,0.32197127,-0.025961284,3.694879,0.020603541,2.6361203,-0.0026144343,0.7555433,-0.0062078,0.7930604,-0.0035600434,0.39395615,-0.004065297,0.33229008,0.014875342,0.4594005,0.00035317233,0.36161628,-0.018531034,0.37649557,-0.019766014,0.28528923,-0.003027217,0.25182572,-0.0012607093,0.2539647,0.0066687423,0.25266,1596.7756653084086,1258.7327843110143,1732.7472891612456,886.6846890122316,3370.7205414012737,2791.27006587341,0.07371491839171974,0.08585324680078353,0.03960599,0.05953114,4-182034-A-30.wav,door_wood_knock,4
-286.20782,62.679474,75.44612,41.07742,36.179794,13.874858,22.396128,6.749034,14.135362,6.3111434,11.923433,4.9332085,8.704345,5.058503,6.662422,5.6319156,6.0086966,5.6586304,6.586602,4.357096,5.702395,4.403299,5.4431815,3.955159,4.3984942,3.764876,-360.78513,7.9796276,9.102911,10.033785,7.7521443,8.520695,7.0382137,7.734935,6.532195,7.1903143,6.138085,6.7438707,5.528659,6.086587,4.964143,5.4565506,4.3552217,4.8292794,3.8372684,4.254217,3.4453187,3.820843,3.0118675,3.3664951,2.4825768,2.7778234,-367.99286,6.1035156e-05,0.0,0.0,0.0,0.0,0.0,0.0,0.0,0.0,0.0,0.0,0.0,0.0,0.0,0.0,0.0,0.0,0.0,0.0,0.0,0.0,0.0,0.0,0.0,0.0,-0.99477345,3.6116576,-0.6994938,2.0202336,-0.18005532,1.2787814,-0.09549853,0.7983593,-0.008778936,0.71283424,-0.044425808,0.5685108,-0.024385992,0.52231395,-0.02641833,0.48569533,-0.0022324726,0.45471933,0.0037125326,0.36065286,0.004145431,0.3733672,0.004722981,0.3818028,0.026839737,0.39159346,-0.12660676,4.1505938,-0.19470896,1.9799432,-0.115937054,1.0641834,-0.023421226,0.45758277,-0.0024005668,0.47084802,0.012448349,0.3426437,0.012648838,0.2648255,0.008840961,0.24169883,0.0039338428,0.26347345,0.006177164,0.21413063,0.013323922,0.32646903,0.011896466,0.294273,0.00457164,0.29677066,393.9125970830906,647.2707340366433,683.1459001515237,896.9077710256779,998.4076433121019,1813.5542733916516,0.012359424761146497,0.024125789469858307,0.03418301,0.07335797,4-182039-A-30.wav,door_wood_knock,4
-255.49876,77.923416,73.76619,48.843037,25.6313,14.992128,2.7207415,7.109817,0.9594294,4.2248373,3.99343,3.515425,2.847101,3.5346065,2.445306,3.5296574,2.4258068,2.9432328,3.5998929,2.9935129,1.6574008,3.3312585,1.6123621,3.4345844,1.5912348,2.9706492,-395.38754,6.1035156e-05,0.0,0.0,0.0,0.0,0.0,0.0,0.0,0.0,0.0,0.0,0.0,0.0,0.0,0.0,0.0,0.0,0.0,0.0,0.0,0.0,0.0,0.0,0.0,0.0,-395.38754,6.1035156e-05,0.0,0.0,0.0,0.0,0.0,0.0,0.0,0.0,0.0,0.0,0.0,0.0,0.0,0.0,0.0,0.0,0.0,0.0,0.0,0.0,0.0,0.0,0.0,0.0,-1.0120292,4.2153707,-0.4740395,2.6027112,-0.087043956,1.0474352,-0.017238704,0.69423056,-0.0611025,0.5108328,-0.05257042,0.24091694,0.0025987246,0.31162807,-0.0012176826,0.31552497,-0.030320128,0.3143725,-0.03426124,0.27629083,0.012093514,0.31628555,0.003480609,0.2916227,-0.0051811584,0.27749938,-0.42679796,3.2440813,-0.34829152,2.300607,-0.045508463,0.47938615,0.062382556,0.5410496,0.020437451,0.29351205,-0.00084919116,0.19411296,0.018189741,0.27745953,0.02744142,0.236,0.012799787,0.21249343,0.0054652235,0.1742556,0.0034776751,0.19564049,0.010256694,0.1887434,0.011015954,0.15519157,208.0805448420805,553.3659497850701,327.75812966909086,613.956961535727,398.1886942675159,1130.9701552919923,0.009330214968152867,0.033080764261437294,0.023708275,0.047318283,4-182041-A-30.wav,door_wood_knock,4
-231.33304,110.50775,78.55936,29.6477,-20.863024,27.702127,3.6294045,7.0534377,-1.4382571,8.871238,7.563578,3.8515353,4.968386,4.912854,4.8984838,4.9317923,4.8014975,5.2908807,0.7974258,4.2965994,1.0219144,2.6373007,2.3539748,2.99034,2.4239063,3.2343864,-371.56207,33.025925,41.081627,15.499255,16.792473,15.464772,9.582859,8.626255,7.99839,2.7707229,6.4019947,2.5608819,5.721281,2.1918318,6.165829,2.1034107,6.930633,3.4949389,5.3010144,2.609856,2.954395,2.231486,2.2059264,2.1204128,2.2320273,2.2109735,-150.63188,64.99123,100.44754,16.389954,-31.38935,9.867585,2.685316,5.8960185,-4.961054,8.449831,7.236093,4.360689,1.7184908,6.691553,5.8591223,6.9801235,7.493543,5.0315795,2.6522062,4.6380954,1.0219357,3.3266153,3.5759137,3.1023436,4.170277,3.2384887,0.9849705,12.193777,0.3546675,3.4460204,-0.30366904,2.7880645,0.0147840185,1.0647207,0.051282518,1.3157344,-0.004338015,0.6050815,-0.094818674,0.8843324,-0.09108963,0.91983813,-0.005215422,0.71527195,0.018747102,0.66196525,0.017236074,0.4810793,0.025557816,0.45614985,0.044111818,0.45676583,-0.4402827,8.302747,-0.07714817,1.6548555,0.012159223,1.1538384,-0.044992488,0.62242264,-0.0018038596,0.80001116,0.0061857356,0.46297655,0.038571563,0.62221324,0.0138874175,0.521061,0.0038381838,0.41215873,-0.0053387857,0.48945516,0.009793098,0.35139716,0.005279559,0.320471,-0.0051578754,0.33140853,1147.9153761338664,270.3430749395714,1347.1852588623785,564.3460020707546,2439.291401273885,1152.7789505345283,0.07532593550955415,0.036088335568596606,0.041943707,0.05852151,4-186518-A-30.wav,door_wood_knock,4
-247.1299,92.14518,76.63942,7.401991,-1.9011598,7.7997236,3.1730235,3.5598147,6.0852075,3.078376,3.881476,3.308132,4.8266597,4.005794,4.0968523,2.832785,3.6596677,2.8409913,3.0116658,2.3629344,1.8512639,2.1731036,0.21423894,3.5289123,0.20956415,2.5490878,-271.67996,66.54541,84.3674,8.567952,-8.365295,6.678998,3.2216132,2.9432242,6.6820097,2.490033,5.9352093,2.749862,4.7829585,2.5404649,4.0347104,2.2965379,3.2264595,2.5268116,2.924206,2.0661223,2.3008697,2.5055494,0.014829152,2.416623,0.15070435,2.2827375,-339.0368,1.9277784,82.64283,2.379942,5.1643786,2.6597514,3.812242,1.8488044,3.710962,1.9992361,6.4087014,1.9390906,7.598544,2.018336,5.524465,2.3174658,5.310245,1.9414616,2.4399457,2.2949991,2.1958132,2.195932,1.3797934,1.76047,2.8356545,1.8997946,0.017466526,6.7317166,0.00854528,0.8297158,0.008522981,0.7269746,0.011591285,0.3161598,0.003314101,0.32781574,0.009336761,0.36907768,-0.0023994932,0.31335098,0.0075609507,0.31284562,0.022628509,0.3365343,0.003148867,0.29048067,-0.00062550267,0.27702764,0.011379709,0.29508492,0.023894368,0.31015024,-0.03767792,5.044436,-0.0124537535,0.39195493,-0.003635121,0.5832376,-0.010482511,0.28543484,0.020127818,0.2394705,0.009368271,0.2908407,0.0014863572,0.27976894,0.014984737,0.27533853,0.019409917,0.30563587,0.012176945,0.23356837,0.018727275,0.27299505,0.015407848,0.325724,-0.009625925,0.2657378,931.1069301075356,238.74499762438924,1261.5688010919762,187.74887254396052,1680.7324840764331,489.18524641106023,0.05284633757961783,0.019614103273109217,0.010221561,0.018759623,4-187284-A-30.wav,door_wood_knock,4
-257.42264,65.636505,82.19526,50.804234,2.6423323,7.7681856,3.5629582,11.907241,5.0908895,4.7421994,6.155349,4.402295,4.7172756,3.1185176,2.8314588,2.7475662,2.041681,2.796529,0.6833907,3.0444725,0.49065575,2.5211911,0.0636234,3.318942,-0.7245118,2.636665,-324.9845,2.9520755,32.059673,3.2213578,2.6369603,3.4033966,15.665563,3.06079,4.73843,3.1574519,2.1828265,2.9489603,3.6067455,2.5542467,3.3137167,2.818835,1.3992627,3.0457993,1.2700734,2.6920364,0.6704986,2.6070802,1.457507,2.7621171,1.6313616,2.2919407,-325.48615,5.862608,35.86401,3.7306035,4.0467134,3.3327138,15.451514,3.2908335,6.406014,2.5156934,4.4800787,2.7154171,4.860376,2.8882456,4.020256,2.9429927,2.0672052,2.8089788,0.77536136,2.7231503,0.28328347,2.1141868,3.0048878,2.4548533,2.3540027,3.20421,0.008187215,5.7453504,0.059773814,4.281208,-0.020011507,1.0623215,-0.03416915,1.1395893,0.024872916,0.63218814,0.047917925,0.5729862,0.03305359,0.4823007,0.00030164127,0.42260683,0.031433366,0.4198861,0.013331881,0.46657193,0.0018982545,0.3509211,-0.0031484524,0.3772827,0.020915402,0.44373775,-0.043347906,3.3893309,0.021271471,2.5439148,0.011125656,0.6227567,0.0085995905,0.8158177,-4.00566e-06,0.38550797,-0.014673214,0.3730974,-0.010031543,0.33549124,0.014318703,0.29969528,0.0050801723,0.3018527,-0.023318477,0.33670148,0.0007528131,0.23947765,-0.008640307,0.31876558,-0.001836891,0.3212443,1865.4108149911651,609.1569393663901,1907.2251357386979,539.3645577449919,4124.004777070064,1449.0841072819685,0.12009852707006369,0.053063301437431806,0.0142819835,0.039373573,4-188878-A-30.wav,door_wood_knock,4
-193.82191,115.97738,81.49699,20.925423,19.81329,16.645727,13.9673395,8.153781,11.908665,5.243313,4.704855,8.687294,7.314538,4.040592,9.56875,2.516941,7.2525134,2.51861,5.6558385,3.4518228,5.696266,2.177102,2.9936647,2.4600523,1.9661448,2.5957117,-373.41687,7.9555426,1.8299483,8.838479,1.0295165,4.8574066,0.64639413,2.9533381,0.5944371,2.7121005,0.6133438,2.821185,0.5588823,2.5546193,0.44882077,2.038039,0.35629898,1.6522421,0.29398352,1.3274637,0.27819645,1.2445744,0.25327393,1.2083592,0.19237259,0.9202726,-375.0525,3.0517578e-05,0.0,0.0,0.0,0.0,0.0,0.0,0.0,0.0,0.0,0.0,0.0,0.0,0.0,0.0,0.0,0.0,0.0,0.0,0.0,0.0,0.0,0.0,0.0,0.0,-1.6584498,5.403038,-0.62290007,2.0096798,-0.04033558,1.3646704,-0.020041773,0.69974214,-0.06766571,0.55641365,0.016736733,0.57432073,-0.039102446,0.4119082,-0.070503235,0.3633581,-0.03786966,0.29591987,-0.030509278,0.2946163,-0.039703745,0.23209092,-0.009140921,0.20814647,-0.002670257,0.1816316,0.27555642,3.4981265,-0.10198897,1.3457882,-0.005528834,0.4657535,-0.015159622,0.29249576,0.003506592,0.22869486,-0.0113568185,0.32223594,-0.01753741,0.23376836,-0.008521456,0.20693108,-0.022020927,0.19433267,-0.010050954,0.22355373,0.0004301876,0.16499044,-0.0028121183,0.117926076,-0.010505187,0.15102944,251.82177494672015,511.3442874313447,426.1125988560975,643.6271509962792,422.2730891719745,1022.4742240165253,0.012378085191082803,0.0346586095106611,0.04365596,0.08584554,4-211502-A-30.wav,door_wood_knock,4
-294.52673,68.985466,33.29331,34.277046,16.346123,16.799826,13.93582,14.44744,8.409507,8.747285,7.9235435,8.221458,7.1350555,7.850343,6.5999546,7.29174,3.1259058,3.5954568,3.556971,4.026322,2.1232977,2.8997262,2.7709694,3.1716812,2.0099318,3.0925999,-335.74152,28.30503,12.288461,21.78193,8.570664,12.676154,7.2661037,10.107427,5.846016,7.427213,5.2006483,6.3512425,4.924067,6.0294986,4.425688,5.32449,3.1558053,3.660771,2.8728566,3.215899,2.5255492,2.9093478,2.6080246,2.9215927,2.5837977,2.7547588,-282.89664,61.950058,48.384987,29.177517,25.188131,11.175166,23.152824,9.770988,15.560952,6.0324154,14.772357,5.218927,12.8945875,5.469721,11.374945,4.490127,6.796688,2.97808,7.1069202,2.9540465,5.26542,3.235128,5.115806,2.7931314,4.72486,3.0085988,0.027184121,8.835542,0.03833382,4.0300207,0.03800209,1.6615473,0.037457835,1.4092255,0.036713697,0.8618586,0.03578671,0.752255,0.034697805,0.85820067,0.03347107,0.7941947,0.03213293,0.46911225,0.030711344,0.50926393,0.029234746,0.50655574,0.0277313,0.39397776,0.02622787,0.45813918,-0.0030767878,7.828644,-0.0043536923,2.4705603,-0.0043600174,0.79182506,-0.004370279,0.7700079,-0.0043841316,0.3728676,-0.0044009597,0.39318395,-0.0044201524,0.57241637,-0.0044409144,0.53852665,-0.004462384,0.24880043,-0.004483572,0.32866758,-0.0045035137,0.31130204,-0.0045211385,0.22551002,-0.004535349,0.35154584,1398.6809885706552,1506.65245797508,1503.8294746479596,915.1534657062622,2672.0740445859874,3095.0108550159052,0.13437375597133758,0.18066656263980516,0.06879413,0.11076462,4-261068-A-30.wav,door_wood_knock,4
-281.90213,95.2676,76.77746,17.17275,4.091786,15.650341,6.713018,5.589335,-0.008136382,5.29931,-3.544104,6.169337,-2.8735988,5.8527765,0.04529168,3.141159,1.3307846,2.6343884,-0.15152533,2.482349,0.14804418,2.7736206,1.2607955,2.7614214,1.2421874,2.8505743,-439.4816,13.630223,5.010236,15.441571,2.5912378,8.004384,0.9400377,3.0724707,0.48009923,1.5860771,0.35505915,1.1540006,0.08855378,0.5037469,-0.11663247,0.63492024,-0.15218975,0.5769958,-0.1661724,0.62673753,-0.19377135,0.7906023,-0.14914252,0.6568349,-0.045591887,0.3652498,-443.87888,3.0517578e-05,0.0,0.0,0.0,0.0,0.0,0.0,0.0,0.0,0.0,0.0,0.0,0.0,0.0,0.0,0.0,0.0,0.0,0.0,0.0,0.0,0.0,0.0,0.0,0.0,-1.4239446,5.259042,-0.5872383,1.9561628,0.034898568,1.2546799,-0.02841659,0.5348386,0.047400463,0.45179948,0.044328794,0.45443052,0.04917356,0.36455986,0.0034838212,0.358542,0.012734269,0.23608324,-0.001134404,0.18535188,-0.025904583,0.2427034,-0.023329312,0.25974503,-0.041409098,0.27538222,0.4419215,4.287575,-0.087996624,1.0819744,0.04645182,0.7323973,-0.03155481,0.43493468,0.00090708287,0.23981431,-0.03419859,0.3857763,-0.029131196,0.28373787,-0.021213343,0.29672152,0.0033415747,0.169946,-0.013657072,0.20312418,0.011886551,0.16811118,0.0029665912,0.15299116,-0.017779712,0.2663143,405.3101881193008,554.9202357825567,526.9783754703825,719.6261856241925,786.2261146496816,1155.6675647993118,0.02320735469745223,0.031892646777989184,0.004669291,0.014304678,5-218980-A-30.wav,door_wood_knock,5
-286.2809,104.74276,50.098396,30.825584,17.904816,12.435619,10.287787,7.8540573,8.825857,6.361243,4.431449,3.9183047,2.5114632,2.6102047,0.17353806,1.7653887,0.25232914,2.9994173,-1.2701366,2.7752562,-0.59002846,2.8150437,-1.6513709,2.5150216,-2.3489873,2.420214,-405.70444,6.1035156e-05,0.0,0.0,0.0,0.0,0.0,0.0,0.0,0.0,0.0,0.0,0.0,0.0,0.0,0.0,0.0,0.0,0.0,0.0,0.0,0.0,0.0,0.0,0.0,0.0,-405.70444,6.1035156e-05,0.0,0.0,0.0,0.0,0.0,0.0,0.0,0.0,0.0,0.0,0.0,0.0,0.0,0.0,0.0,0.0,0.0,0.0,0.0,0.0,0.0,0.0,0.0,0.0,-1.7872348,6.7430463,-0.38694066,1.9281551,-0.13441329,1.2170129,-0.029145468,0.7800668,-0.042741045,0.49536386,-0.010898027,0.32050863,-0.017819654,0.21180706,-0.0039707534,0.120354764,-0.0037118956,0.28364784,-0.0042542457,0.22514042,-0.011284296,0.23952879,0.005682281,0.19262896,0.003961003,0.16917427,0.09756944,3.6198792,-0.006544295,0.9364474,0.00013357514,0.47451726,-0.0062758117,0.32702234,-0.024776328,0.30476254,-0.009819608,0.18952145,0.004847885,0.18191421,0.004181343,0.12480782,-0.0014226588,0.15492912,0.010983515,0.14389,-0.010060249,0.14964394,-0.002569516,0.11893788,0.015534407,0.14129089,274.1166579666888,566.630723333607,415.1081981777574,741.623266338102,553.0453821656051,1240.3047048922615,0.012384305334394904,0.026176330428907078,0.0065520615,0.025447926,5-218981-A-30.wav,door_wood_knock,5
-211.53334,58.661617,83.35124,25.299072,13.162822,9.147558,11.672744,11.995504,9.156033,7.4232707,7.101715,3.1952345,5.431567,4.8040295,5.3287406,4.79878,5.181966,3.7128346,4.7742023,4.519265,2.7264035,4.299648,3.8230884,2.8209534,2.4446943,2.7051952,-369.84933,53.36853,17.784681,25.709814,4.9697104,7.1649103,5.9773507,8.527286,4.4440713,6.3558054,1.9987887,3.2076569,1.184582,2.1383324,2.0449672,3.0975382,2.1711848,3.2747958,1.5849512,2.7482097,0.13353506,1.1674825,0.32030773,1.5456753,-0.037517834,0.9599862,-404.37375,9.1552734e-05,0.0,0.0,0.0,0.0,0.0,0.0,0.0,0.0,0.0,0.0,0.0,0.0,0.0,0.0,0.0,0.0,0.0,0.0,0.0,0.0,0.0,0.0,0.0,0.0,-0.82631445,5.5933466,-0.28450713,2.666346,-0.06253049,0.7821151,-0.13028608,0.9470938,-0.08637822,0.6030524,-0.020833338,0.35219082,-0.03705766,0.51361924,-0.043501988,0.65899116,-0.040407322,0.5091641,0.015134826,0.4928751,0.04762883,0.60768026,0.011288786,0.30652472,-0.012309051,0.20558435,-0.3082295,4.0021553,-0.0701817,1.7643412,0.05057423,0.75701547,0.03603039,0.8908287,0.036498573,0.57613605,0.009449276,0.27470636,0.0052832565,0.37913886,0.027795533,0.45630917,0.008358731,0.3486095,-0.00035467307,0.31165525,-0.016735917,0.30749413,-0.016178036,0.19373798,-0.009048107,0.19128408,386.67165413634126,558.3407668587753,632.5280335175474,762.2476245996692,794.6855095541401,1198.3318662478382,0.01698721138535032,0.04104727005796745,0.022456009,0.04697173,5-235644-A-30.wav,door_wood_knock,5
-361.65967,93.00185,84.76616,61.130997,9.068209,19.492954,-5.1758904,11.310436,-0.10425903,5.069367,1.4614432,3.3957672,-0.9992004,4.605624,-1.3387773,4.768856,0.04157182,3.915805,-0.33031923,3.7123718,-0.73405623,3.6464994,0.5467006,3.4239342,-1.3996785,4.1380424,-375.16177,89.08672,76.73095,59.885765,11.60967,19.35604,-1.4030797,10.6817665,0.79955614,5.60361,1.8973801,4.043973,0.94119674,3.1645408,-0.12537636,3.4078863,-0.1441076,3.4808307,-0.37956002,3.3799942,1.0620965,2.4520383,1.3191998,2.2466104,-1.408469,4.7150874,-440.13226,61.498013,24.664566,44.897514,6.062675,19.043186,2.6408558,10.59211,3.3021905,4.5753336,2.5096645,3.3758688,1.7271155,3.1417382,1.2367086,2.941707,1.0217221,2.8192,1.1562176,2.3356953,1.44764,1.8959038,1.2616605,2.023348,0.32621616,2.9353123,1.2694098,13.421294,0.961945,8.87816,-0.11250141,3.779556,-0.24512462,2.278277,-0.04714751,0.9828474,-0.0037791398,0.45866916,-0.03678374,0.49088472,-0.044247802,0.605596,-0.032431036,0.52229965,-0.018881269,0.547799,-0.0044499733,0.48558518,-0.012371259,0.37266988,-0.044229515,0.67355317,-0.5943693,10.966979,-0.2761209,6.6501417,0.18377978,3.1332793,0.018115984,1.4347106,-0.026715562,0.5769634,0.042384114,0.5399034,0.022745673,0.47541106,-0.007510513,0.42443222,-0.005267119,0.3993445,0.006854451,0.43809608,0.0028899142,0.3248849,-0.011155714,0.29665676,0.0045058355,0.5539794,1902.9123412765823,1336.5821521868752,1690.7385934505176,964.0369642987614,3774.084394904459,2768.3343848539616,0.213562400477707,0.20325623413481292,0.008052481,0.014998869,5-250026-A-30.wav,door_wood_knock,5
-225.25105,73.913055,99.56163,33.515224,4.9237285,15.146718,3.0948427,9.489474,10.287517,6.634798,1.4273633,6.856916,-1.0305519,5.241624,1.3105977,4.5387297,-1.7344806,5.086891,1.2775778,4.9356685,-0.95445055,3.5396848,1.2002721,3.8583338,-0.09967454,3.2741508,-163.50705,54.79383,48.896626,13.539584,10.179514,6.4789605,8.736808,4.6064844,13.053635,3.9150097,2.548199,5.383919,5.0427556,4.570368,0.20700645,4.2553363,3.8274765,3.308635,5.8911414,3.2427783,3.7743301,3.7259295,5.3042316,3.662093,5.436851,2.7960033,-211.95517,72.69658,74.05905,23.059378,12.120845,15.171755,4.9715123,9.699461,11.0454035,6.061748,4.211891,6.594024,4.064382,4.482089,0.58026385,3.8449533,-0.13471234,3.8519833,3.869894,2.5799503,0.6699227,3.2292285,1.9974121,3.2459304,4.0976725,3.9191194,0.6838112,10.352539,0.32754406,4.345158,-0.02711248,1.722944,-0.09837698,1.1888022,-0.06532076,1.0945274,-0.0051086177,0.9627194,0.003817241,0.72344863,0.023940042,0.7099864,0.024143305,0.61422586,0.037469536,0.56352866,-0.009497278,0.46840578,-0.055787772,0.5477023,-0.017300535,0.48439404,0.09748335,9.470682,-0.24267177,2.431156,-0.10056769,1.4292703,-0.030302497,0.8409305,-0.06625295,0.77719647,-0.03739349,0.7549213,-0.0032317685,0.5818475,0.008211022,0.5129007,0.008447016,0.5230756,0.012633493,0.44629273,0.018428931,0.35739315,-0.008137138,0.45403403,0.019315762,0.4349708,1106.0512833879582,614.4246588147299,1512.4209290887954,660.6076759835086,2523.0891719745223,1785.1145936522769,0.04324243630573248,0.03280444140621433,0.04532862,0.030462466,5-250026-B-30.wav,door_wood_knock,5
-227.44669,62.009438,127.65838,15.550317,-16.861052,10.687319,-13.263322,6.8144727,11.4095545,6.0079403,-1.5038577,3.529645,-1.0188463,2.8878355,8.195327,3.49466,2.685173,2.588155,-2.541916,2.3804703,1.2099912,2.537449,1.760784,2.2816567,-0.9579378,2.0563705,-394.70358,30.820057,32.71775,23.97033,16.354082,6.666709,9.79815,10.126502,9.486678,4.446814,7.6806087,3.5337732,6.1414466,3.062361,6.0535374,2.2823045,4.69123,2.4917576,2.5484924,2.1041365,1.6415293,1.4917456,1.3448225,1.7086996,0.9473326,1.7905151,-243.97064,88.79364,109.768814,38.28378,-17.755705,15.70485,-6.144596,10.506828,10.102341,3.952801,-2.580009,5.2606707,2.8050728,3.952509,6.4724426,4.3406878,2.9149392,2.4838247,-0.5727892,2.4237554,1.0573622,2.4761515,1.3898016,1.9007834,-0.32633013,2.1948984,0.49351665,7.82855,0.030304004,4.012389,-0.14414237,1.694326,0.034835123,1.2388836,0.04462489,0.7159519,-0.048711378,0.6072605,0.011670513,0.48643637,-0.0018736967,0.36268833,0.0024851053,0.34230822,-0.015193602,0.33145833,0.032108642,0.26497236,-0.0059350124,0.2621319,0.0029028123,0.2729123,-0.19462326,9.192417,-0.107599705,2.7484026,0.065270394,1.1327608,0.032358646,1.1406001,-0.015701266,0.6768567,0.03767971,0.44645247,0.029887026,0.4739134,0.009369848,0.56515723,-0.012697998,0.3787101,0.01254566,0.33345243,-0.003340782,0.31113067,-0.0069778482,0.30743125,-0.011947084,0.2596161,1260.3312116289208,737.706079878577,1329.8331499918759,792.7738646111915,2685.4100318471337,2035.472319942883,0.0826905851910828,0.03223254017444392,0.028005078,0.04405953,5-251426-A-30.wav,door_wood_knock,5
-249.07396,86.51573,97.60355,43.86177,12.9129505,10.7032585,1.6570461,11.186522,7.163056,7.475326,6.4232845,5.3584967,4.8075423,4.187327,3.8072894,4.5767574,4.768346,3.3841965,5.334323,3.3327973,5.034119,5.1972656,5.0833225,3.653359,2.6481764,3.6786325,-336.00534,61.84662,47.04653,44.12219,17.747303,7.5196166,7.104203,9.538039,8.182843,5.4319916,8.757101,2.912993,7.5504093,2.3187857,6.3849974,2.9706955,5.700065,2.6128924,5.549529,1.7862896,3.9043202,2.4156284,3.5033605,1.2776027,2.5763447,1.42919,-372.11325,9.302732,18.221762,10.695785,15.396421,6.7755055,12.566388,4.812543,10.106584,4.334922,8.22898,3.957279,7.004931,3.1470866,5.8842664,2.9469628,4.657743,2.2487438,3.6452556,1.8652686,2.7754285,1.7117107,1.90347,1.7671571,1.3074343,1.4905268,-0.1603169,6.90584,-0.17702231,3.9133322,-0.11953451,1.2591212,-0.11545236,1.095978,-0.10249833,0.90150404,-0.06879797,0.7466224,-0.04594422,0.5399195,-0.02905469,0.4459838,-0.015086393,0.41781718,-0.012782078,0.36364356,-0.014812752,0.45106992,-0.0123467175,0.35742927,-0.012888499,0.3454424,-0.13088688,6.642398,-0.12885877,2.3133829,-0.066840865,0.927555,-0.06959392,0.8081478,-0.0630417,0.7295597,-0.03209618,0.4621561,-0.012860801,0.3403709,0.0006725469,0.4539969,0.01190159,0.368389,0.010192658,0.24183919,0.0036864677,0.3489306,0.0024525702,0.29987064,-0.0022949618,0.3205291,1259.625258855933,843.8482403770014,1622.74039031274,847.8479878445772,3144.9044585987263,2246.6556467717087,0.05166451035031847,0.04382992018965982,0.029635767,0.0550443,5-251426-B-30.wav,door_wood_knock,5
-218.22778,64.3811,78.037926,28.880106,25.335518,11.000785,10.889969,4.4484596,5.820709,3.624577,6.0588107,4.1012936,7.2467575,3.028514,8.628447,2.3388772,6.440046,3.2265675,7.1018276,2.6486871,7.9027753,2.9113538,7.1454115,2.8494918,4.762973,2.0422385,-301.8632,4.593418,12.702722,5.9849916,9.122501,5.0316734,4.851488,4.6318684,1.3953992,4.593331,-0.4051957,4.1840034,-0.60332894,3.5864763,0.074576944,3.336374,0.753699,3.2072403,0.92078936,2.8275099,0.5837788,2.4606264,0.07806183,2.329399,-0.22282396,2.1159987,-214.63379,79.31332,67.036835,26.9207,19.698883,13.022716,11.909655,4.165634,7.772541,3.568468,5.5219426,2.8034177,4.395642,4.24239,6.559693,2.9038272,5.3413925,2.7833948,4.191925,3.3040168,2.9152448,2.7301896,3.1454365,2.6610086,2.4089534,2.6707592,0.39981046,12.202264,-0.07650849,5.2761455,-0.16322112,2.2828107,-0.017784428,0.7543372,0.0058223945,0.7184653,-0.027342942,0.70199174,-0.028002108,0.60778403,-0.028642641,0.5093724,-0.015404373,0.5619545,-0.00149411,0.54401314,-0.0030015714,0.39090967,0.008470386,0.46174574,0.012446504,0.42838848,0.7335637,9.608153,0.19042934,3.916228,-0.099851,1.5057982,-0.0111649735,0.56896013,-0.011093774,0.54639876,-0.0262448,0.5546685,-0.015114919,0.43169314,0.002427187,0.40391293,-0.020222003,0.42532182,-0.017222984,0.37983108,-0.014298135,0.313506,-0.011858624,0.35950413,-0.004106198,0.3153936,638.7100631732729,397.0577532929618,1076.6120259006045,413.2111911757132,1137.1417197452229,825.4205229026534,0.028052846337579616,0.028047697351741674,0.12911183,0.20679009,5-256512-A-30.wav,door_wood_knock,5
-138.99759,87.67257,44.75962,26.144176,-10.737055,19.910656,-8.273733,9.879233,-16.1627,14.23026,10.824767,6.220066,-7.6899676,6.533281,6.418458,5.3000064,0.057288427,7.5727096,-1.0983752,6.9162207,-3.294993,7.1660914,-11.581231,11.556096,-3.043566,8.451873,-199.36334,86.07868,55.839363,34.654278,-0.38406944,22.51102,0.4495295,15.562304,-13.539776,16.36396,6.067347,7.126947,-5.722051,10.621199,1.4573061,6.455525,5.055588,4.1353083,1.2976434,4.9109573,-0.587397,8.912319,-1.0303943,6.6611876,-1.5294896,7.5393906,-198.3051,87.92504,61.56041,30.838923,-4.3863735,29.334976,8.08012,16.066158,-5.272713,15.418591,-0.39930928,9.559283,-7.4616666,10.93443,-3.29789,7.4142504,4.374024,6.361179,-0.16430886,7.458644,-8.939605,10.490092,0.4813512,5.5671024,0.022721147,6.9793105,0.6624893,12.156577,0.5076855,5.5090885,-0.01577163,4.079653,-0.11237514,2.3809788,-0.16671833,2.276775,-0.019381369,1.4557161,-0.07441098,1.6300279,-0.04293051,1.1849655,0.044179495,1.0581715,-0.084469594,1.0645736,-0.0939308,1.4469503,-0.09064357,1.3494838,-0.02519244,1.4335575,-0.39821205,4.8827925,-0.18244664,3.053337,0.01197503,2.161938,-0.016476275,1.7394196,0.03854065,1.2713546,-0.049047012,0.93306977,0.06123777,1.0092314,-0.002958514,0.83771914,-0.05008205,0.6615424,0.016049795,0.7047616,0.02342725,0.79028916,-0.013423777,0.8117193,-0.0018392368,1.0608892,1295.2866595400346,576.8877047015845,1288.472256363626,439.1750657694881,2369.7253184713377,1389.4112534659637,0.09656150477707007,0.05283441868694061,0.11722359,0.107341476,1-187207-A-20.wav,crying_baby,1
-218.97224,57.14266,35.877953,12.479411,-28.043262,19.5412,6.7060604,6.738973,-11.032218,11.127045,7.5246387,4.585271,8.648899,5.7096705,5.0574565,4.79625,-2.705282,5.7549367,-1.0861183,6.23445,-1.2965716,3.9899416,6.612064,7.5928845,15.649354,11.6431,-133.14372,29.106333,-15.740611,37.82675,-26.677244,11.005017,17.023235,11.064487,-10.024009,10.131811,6.1659617,5.9153852,-1.9959203,8.008842,1.0494831,4.7721076,-8.3154,7.312543,1.0277174,6.3284364,8.588389,10.895305,17.094078,12.062329,28.420166,9.28274,-192.03685,36.98026,-42.606342,22.742077,-11.676868,12.537202,25.34258,3.6414177,-18.962673,6.2282453,1.3036073,4.857789,0.9436896,4.3958507,7.353236,4.048077,-13.363825,6.676751,-1.5029974,4.031519,-6.5013866,7.258626,-2.2229893,8.224304,21.583471,10.112202,0.051342327,8.395698,0.008556233,4.18843,-0.23204762,2.9764318,0.15794756,1.2254661,-0.12434158,2.0040503,-0.0077180318,0.97126037,0.04867147,1.3866704,0.028776048,0.8227198,-0.060146358,1.310617,-0.00936587,0.9123524,0.024817491,1.3779852,-0.045099553,1.7827318,0.06370506,1.7618157,-0.119801514,3.2064047,0.03797982,1.6050493,-0.052122667,1.528042,0.013207724,0.7458646,0.004881224,1.1160619,-0.008720851,0.62067527,0.050757397,0.86352956,0.004760971,0.49689415,0.0063182367,0.75901836,-0.026450148,0.49984863,-0.01652074,0.60746336,5.4553817e-05,0.81528884,-0.0028176561,0.8776514,2702.9286880598893,857.1782749466363,1532.172168030543,244.0606486537405,4294.1878980891715,931.3361902387603,0.26709917396496813,0.13095475991943303,0.053192735,0.053377118,1-211527-A-20.wav,crying_baby,1
-155.66411,44.346287,34.21426,12.113396,-21.048367,16.413961,8.855399,8.022076,-6.7305365,10.568101,8.131726,5.4167914,4.9898157,4.27321,3.5551932,7.595823,-2.915446,5.750677,2.246295,4.221945,2.82001,3.6244366,0.9390239,5.98098,2.0217733,5.5391884,-123.093925,45.438362,38.288868,11.91385,-26.642548,13.948246,-1.6638377,5.9520698,-16.368788,10.532388,11.848341,5.833658,4.809538,4.4390383,0.97247535,4.45584,-6.3090777,5.946468,1.9279188,3.4601622,-1.2933513,5.11473,2.5714147,3.9570382,4.7346263,6.1980705,-116.25521,65.9301,22.134466,20.17168,-20.85954,13.465725,-0.5407351,7.144741,-16.73324,11.691087,14.727465,4.8637915,2.81797,5.590686,-1.1055157,7.2390122,-3.814714,4.8922887,3.8777132,4.6535068,-1.5409032,6.159906,0.27510864,6.377861,6.8300614,6.407037,-0.43229708,9.853424,0.20167834,2.4342697,0.10335878,2.7526875,-0.10617425,1.3432242,0.0996014,2.2075438,0.08301615,0.88230634,0.0051922463,0.8075563,-0.012305813,1.1323143,0.044959042,1.1465877,-0.03255217,0.6655647,-0.019768773,0.93817884,0.024375705,0.88153297,0.011773652,0.9927305,0.07019856,4.870582,-0.089942954,1.7606725,-0.04536572,1.3827932,-0.010206678,0.71486366,-0.009386843,1.0015075,0.004132632,0.70848143,-0.0013992635,0.57016045,0.014657018,0.5289816,0.0038790589,0.63546103,-0.0035939603,0.52437633,0.008384694,0.6132031,0.007636932,0.56963336,0.0025548025,0.63479924,2028.190413313748,469.44127149235004,1670.7997817618136,258.7104288589499,3876.5923566878982,656.6815590628656,0.1522877687101911,0.08452359695420772,0.06584387,0.05426234,1-211527-B-20.wav,crying_baby,1
-147.18103,44.88521,-1.3503957,35.2363,-31.236095,11.574527,2.387951,8.228221,-23.294695,7.240422,11.451278,5.761808,5.06309,6.6497173,-5.15916,6.6061196,-9.110574,6.7606826,1.5830327,5.6166134,2.8595052,8.327249,12.583405,9.221745,32.377365,14.641278,-142.41496,43.702396,-20.32009,36.73312,-32.422684,9.123916,10.1462755,10.531489,-21.058685,7.327499,6.3459973,10.099617,1.4978068,5.2679443,0.3457484,7.248551,-11.513239,8.701741,-4.1493664,6.2633715,-2.2602727,8.234439,2.621332,10.1376095,29.888096,14.745505,-184.1058,41.86253,-23.147772,27.57231,-27.828094,10.28402,9.432211,6.0365114,-21.303078,8.717524,8.207002,6.36851,1.4008236,4.342519,-4.979062,3.4005897,-8.922944,7.9232755,-1.1127337,6.884351,-0.8014132,6.9491444,6.8611274,14.062743,32.46687,15.599008,0.26053274,9.028166,-0.14709681,5.6163473,-0.024845166,2.0583308,-0.030700866,1.4842794,0.07883369,1.579844,0.025297204,1.252486,-0.160137,1.1003634,-0.09107991,0.999991,0.037072685,1.4030954,-0.0777274,1.0384802,-0.0136113195,1.5170482,-0.122543395,2.105488,-0.06264479,2.8779597,-0.33412796,4.034783,0.09279734,1.9852092,0.15699027,1.4295756,-0.063549474,0.78203243,0.033678968,0.932873,0.05263998,0.70162475,0.017944096,0.6191491,0.013060828,0.62303746,0.033254527,0.57362324,0.02816504,0.724337,0.020756679,0.78898317,0.025671009,0.99093497,-0.05537774,1.1813271,2703.095355128654,636.4727697095254,1547.9202427941702,143.50811241225648,4320.16321656051,673.4957626661829,0.26059912420382164,0.09185454641613251,0.07003667,0.058137704,1-211527-C-20.wav,crying_baby,1
-266.79535,42.864174,41.577976,8.501858,-0.92097104,14.238119,5.9009805,8.739823,3.7737136,5.8765616,0.7862094,4.627778,1.4849726,9.252528,1.4963899,6.8985515,1.2647024,4.698643,-3.0429893,4.4245396,0.57828724,3.4987302,-2.2616773,3.1754413,-1.092944,3.8869011,-177.62868,53.184795,36.234554,16.966925,-21.513105,17.877213,-0.4173857,9.675932,-2.2895417,10.054565,-0.25413477,4.616165,1.4887555,11.221623,9.943026,6.9694676,0.24676539,5.227644,-2.135473,3.797853,-1.9276782,4.188392,-7.325227,5.549543,0.6347309,4.2196445,-116.78072,63.09208,-13.131729,28.557903,-19.33772,12.312075,3.0096672,10.637551,8.437761,4.84396,0.22559157,6.685713,14.176271,7.096148,-4.7283483,7.318965,-9.598011,6.8673673,7.558464,4.3005066,-6.5854335,7.8640738,-4.844577,7.486102,-4.7695007,5.471148,0.18916228,8.346562,-0.023111783,2.7899907,0.02901307,2.8748024,-0.026238982,1.7393155,-0.0033709228,1.5160747,0.03633303,1.0353779,0.019286586,1.6883253,0.024173746,1.2155478,0.014523299,1.0807173,0.037095416,0.7074725,0.027656771,0.92937106,0.037416324,1.0304593,0.062346864,0.8898705,-0.03819689,3.6942124,0.016224459,1.1590523,-0.0027107128,1.3089617,-0.01946716,0.83004457,0.006286384,0.7412924,-0.015550924,0.60278845,0.002030233,0.81860495,-0.006856326,0.61325085,-0.00059885054,0.5165598,0.013190807,0.46254468,-0.0037560167,0.49092585,-0.018941835,0.53323394,-0.008368967,0.60245603,2446.5447902408314,685.3910275756073,1975.2768981937782,321.78602459310986,4928.144904458599,1302.4964497052329,0.19709768113057324,0.07985093272093428,0.054195933,0.07576026,1-22694-A-20.wav,crying_baby,1
-173.00015,85.47545,6.9339423,33.34909,-18.431477,16.652426,1.1638495,7.298639,8.752868,4.5490184,-0.9192413,8.329406,10.011534,8.62301,-5.1817164,13.270271,-3.0873804,7.290915,1.7427878,3.8355324,-4.28151,7.126257,-0.82900435,5.169307,-2.546838,6.700458,-253.00587,43.681473,60.6084,23.563765,11.744288,9.648949,14.2241535,9.571673,9.628075,8.263783,5.9184895,6.724213,1.0670356,4.6474695,9.7090025,6.467803,2.2168944,4.3324246,-0.027077803,4.76893,1.7354699,4.5883436,-0.50526196,3.0764954,-0.2300478,4.03061,-219.44304,58.71578,43.08418,9.693843,-10.919508,18.502357,-2.4194305,8.686926,-0.19203167,8.025675,-0.44580048,7.615664,-1.5484728,6.4044814,8.410097,4.276384,1.8047043,4.7336025,-4.7632036,5.0770316,0.037822787,3.3192222,-0.5629738,4.3555956,0.60441756,4.3013463,0.43174005,10.211665,0.14663859,3.717648,-0.08565974,2.8840888,-0.03672499,1.3901529,-0.029052218,1.3653985,-0.061287034,1.279691,0.020656833,1.2343792,0.0033834816,1.2726301,0.01087582,0.7728856,-0.024199683,0.8044779,0.004787137,0.8402989,-0.040545225,0.6594006,-0.002210073,0.83114594,-0.14897273,4.952804,0.03667405,1.7906823,0.060466833,1.5222924,-0.032389402,0.8364354,0.023573501,0.7967699,0.032620437,0.65396035,0.04407791,0.5928489,-0.0067746015,0.5656692,-0.011124307,0.51012814,0.030892912,0.5009114,0.01816867,0.4851783,0.044619102,0.44777367,0.004461423,0.43048277,2062.3601859040277,835.6032540695988,1892.380061395086,397.7082651140301,4293.391719745223,1623.465865738011,0.15467630374203822,0.1024885276549029,0.032254804,0.054163605,1-22694-B-20.wav,crying_baby,1
-153.36957,91.66424,-40.186306,33.621655,-32.73246,14.711984,-1.2593017,9.769462,-21.356968,9.046713,-2.505348,6.5118113,-9.360216,4.531193,0.5125172,4.182136,-10.209124,6.660239,-10.6674,7.101037,-9.062179,10.471357,2.589902,11.115944,-0.6245865,9.36677,-257.74603,81.20484,8.128424,35.33428,-14.466224,13.944552,-6.1881413,11.4249325,-14.091797,8.81507,5.3111315,8.230778,-5.6475444,5.567187,-2.682686,5.7144566,2.2553554,8.499089,-5.121664,4.0574074,-6.088269,8.028784,0.3192036,4.8572726,-3.9723485,5.5273304,-175.45918,48.752007,-14.311647,18.302963,-23.53395,14.642591,-14.366462,7.334773,-25.64307,9.589203,8.580106,12.429291,-6.223996,5.792616,-3.313051,4.4709773,-9.047002,10.405273,-7.0659156,9.537498,-14.793616,8.353783,1.7323496,6.1816373,-0.5673959,11.049608,1.5529875,10.181753,-0.0050574015,3.6950252,-0.07871324,2.4080226,-0.102898955,1.962386,-0.19057652,1.4818745,-0.20667914,1.936566,-0.11259978,0.9709331,0.01884284,0.9729867,0.047403537,1.3448133,0.0689356,1.2805387,-0.044976417,1.7930133,0.039660707,1.3538764,-0.019587696,1.5932457,0.03352687,3.9312625,-0.1356874,1.6474049,-0.056670923,1.1160014,0.012791758,0.9707706,-0.0013236392,0.6988851,-0.040827446,0.777022,0.0153885465,0.5434101,0.008309695,0.59305024,0.033032946,0.67402375,0.044135626,0.6903382,-0.0013167167,0.7712475,-0.015203664,0.59960693,-0.041598726,0.73968077,3061.051697861581,509.5272946066288,1843.2635647257457,214.1609368327367,5244.327229299363,528.7006578924016,0.276976761544586,0.08896302951252541,0.05467811,0.06116185,1-60997-A-20.wav,crying_baby,1
-169.66692,55.014732,-41.48777,25.702713,-28.92969,10.473723,-8.028886,14.22269,-23.006207,10.219412,-0.81766605,4.3876443,-7.745782,8.653238,-1.5621839,4.4152236,-8.983394,10.120125,-13.022984,6.7939734,-15.76745,7.8574104,4.5047345,6.7615924,5.476352,12.008825,-193.57545,57.54191,-29.722643,25.146954,-27.979511,13.96001,-3.5316362,9.318553,-19.30119,6.5558543,3.9077876,9.101136,-4.3117046,8.211577,-1.0754569,3.5418482,-6.5867887,7.614841,-13.889495,7.0577297,-6.1587667,8.77184,3.0633376,6.2639875,-4.2368965,10.0500965,-168.55159,70.882164,-38.19069,36.054382,-35.590073,15.846147,-5.295303,14.5027,-16.173443,10.222236,-1.540678,9.273793,-5.6436663,10.982383,-1.43897,11.121341,-5.224122,7.8303266,-8.9871435,6.737169,-15.050243,8.355061,-0.036792126,8.694944,1.6219695,10.301703,0.7203554,12.237305,-0.14282615,5.362732,-0.12047841,2.6623423,-0.045972813,2.1860797,-0.07992543,1.6512878,0.14036122,1.5233555,0.05767985,1.5720657,-0.023552205,1.2769483,-0.14015047,1.3605226,-0.047242705,1.4487101,-0.05589902,1.942287,0.06377686,1.6391251,-0.0131816985,2.2267172,-0.61424077,4.815028,0.07975781,1.7769154,0.08922085,1.2704563,0.078590974,1.0410012,0.05108702,0.7122111,0.0045691463,0.7855989,0.063943416,0.67047316,0.034494095,0.6481514,-0.040967833,0.6870473,0.013740567,0.8110792,0.060684945,0.9372726,0.041343845,0.91067195,0.07854776,1.0564914,3303.514813557603,479.4728737868106,1764.9801998600374,202.57209171990058,5333.598726114649,479.56559804140494,0.299742486066879,0.08912710886921181,0.053600676,0.049569,1-60997-B-20.wav,crying_baby,1
-86.46109,45.69501,-6.5810614,30.319538,-37.648273,14.047893,-1.7803242,9.92624,-13.319068,6.4004855,-20.907269,5.9393044,2.0953887,7.977154,0.9977351,6.5003376,-6.501056,10.06211,2.8306196,9.940377,9.97154,14.087149,15.807613,12.825581,7.9883785,11.477048,-195.21516,80.37586,20.10723,19.920067,-21.023796,17.682308,4.0242834,12.262385,-4.439934,10.276608,-12.239572,10.435308,1.173193,6.3159947,6.960465,5.9132442,-2.385709,7.6968627,-1.281059,8.804115,-4.3684597,9.681315,3.3787427,9.12569,1.0080457,9.350911,-91.97527,72.61394,-19.338459,26.161722,-32.86626,18.623985,11.86906,11.216975,-13.253703,6.402338,-17.853287,12.106411,-1.7451282,6.134289,13.054866,10.568987,-5.593648,8.529658,-3.8415167,8.69051,-2.9142528,6.4731827,7.9352093,9.317534,1.0021594,4.8099117,-0.37702224,12.048607,-0.41140378,4.1490993,-0.104891114,3.286219,0.08957518,1.8226905,0.043016165,1.3560026,0.15440954,1.5919151,0.028492248,1.1677066,0.0010112927,1.4324536,0.07996428,1.6374098,0.042547304,1.7478713,0.06875087,2.090971,0.0146941375,2.0018175,-0.04467115,1.8855747,-0.38068113,5.081944,0.043338217,2.1315134,0.12800205,1.5923026,-0.017416395,0.99459505,0.0042774556,0.7005436,-0.010125174,0.77474,-0.016619788,0.8262773,-0.08609412,0.8260993,-0.0439235,1.0525905,0.049168814,0.954848,0.086610064,1.2774329,-0.0055917143,1.4932225,0.08180355,1.4718356,2649.8830454942768,591.6607253726945,1647.928867958452,251.78713668651102,4367.535828025478,1039.484390349775,0.2567488554936306,0.08892771935040919,0.13941948,0.123404406,2-107351-A-20.wav,crying_baby,2
-63.90662,34.961346,-28.669626,27.725372,-42.083565,9.753661,9.18435,18.84933,0.38616577,10.650296,-9.895815,12.309611,-6.9538727,10.067713,12.507091,6.00125,-2.645104,6.6174045,-1.4504871,7.532281,6.0587473,8.061387,7.3857584,7.056456,-5.7304697,9.9867935,-113.54524,75.67435,-6.1762,29.228697,-41.53442,14.826787,5.1356015,15.887314,-2.418982,7.573633,-13.279438,9.320516,2.444082,8.3665695,10.176015,8.073597,-8.07495,10.489011,-1.2868184,5.486266,2.710495,7.6890492,11.613659,12.587478,4.461083,13.045633,-176.14583,89.0249,-7.026007,37.069157,-24.21867,20.26814,1.7263268,7.582658,-6.164022,5.3168893,-5.6955953,13.122089,2.5799894,7.6953144,9.102778,9.498868,-9.634096,7.604443,-5.9693265,8.608066,4.343201,5.554737,12.834963,12.300442,2.922585,9.102088,-1.4885968,11.483923,-0.21517429,5.0060077,0.30412915,2.8931317,0.15720676,2.1713011,0.022994095,1.344161,0.1699687,1.6804135,-0.019707995,1.559063,0.011137483,1.5667114,0.060212057,1.6227359,-0.06007922,1.2909052,0.019606676,1.4329325,-0.13453983,1.9780806,-0.15593053,1.6569471,-0.083832175,5.3932633,0.14027056,2.540957,-0.0008552317,1.5130327,-0.004223985,1.0087708,0.04780547,0.7915413,-0.014152147,1.0214182,0.04660075,0.9679361,0.0005838689,0.77485394,0.014802191,1.0335091,-0.00678609,0.75172424,-0.06625914,1.0147989,-0.036337957,1.2535766,-0.038283307,1.1750767,2766.5586863172553,618.5672967996404,1600.1576672926935,268.00569068609514,4374.004777070064,1105.3886021488638,0.26933842555732485,0.08403126175576107,0.18993844,0.16162314,2-107351-B-20.wav,crying_baby,2
-197.17459,70.01567,25.112833,26.479086,-33.16362,20.482645,-1.9415563,11.012897,-3.3754675,7.727139,2.7975614,9.522949,12.180808,7.338145,-0.8744145,7.2946854,0.20265418,5.403251,-2.763281,6.673803,4.8802624,6.713998,0.64365995,4.821317,1.3633314,7.1381564,-122.59274,20.743496,17.046335,27.941385,-36.372585,8.045043,-24.30413,9.836934,-10.453429,6.7928305,1.3818017,10.8656845,-2.8952715,7.512922,-4.2275934,6.298593,-0.049885895,10.561971,-11.63054,5.6329393,-4.994093,5.257424,-8.56922,6.5590014,-2.5639486,6.304128,-300.11713,106.97242,21.380693,15.5165,-4.436046,13.08553,-13.773822,22.867088,-0.98852754,6.373532,4.637278,8.21843,1.9161038,6.882797,4.506641,5.398523,1.5167719,6.2326,-2.7159715,5.3875465,-0.22437271,3.3984606,1.192292,3.242794,1.492393,3.5969791,-0.7898479,9.29187,-0.2173925,4.1092844,0.09686809,2.4120016,-0.019421754,2.1818905,0.01730628,1.2215581,0.03333688,1.8218471,-0.0044886763,1.3221272,-0.031839285,1.1851531,-0.0155673055,1.3367714,0.01279752,0.9122987,-0.074156776,0.9602259,-0.047299147,0.73311573,-0.05732399,1.1829726,-0.41657665,6.9717484,0.038309406,1.8100836,0.11641948,1.7233473,0.03672525,1.2274588,0.035584554,0.76320463,-0.045836788,0.8655345,-0.03941111,0.6684619,-0.00013256073,0.70675415,0.010759791,0.65031946,0.05754679,0.62370837,0.016132334,0.62283665,0.027175011,0.49979183,0.011976639,0.64873725,2113.863812641827,841.6021844635425,1761.1823581622425,574.9651250721108,4104.498407643312,1720.716569553603,0.14392167595541402,0.0910368840624196,0.044442482,0.044437993,2-151079-A-20.wav,crying_baby,2
-164.90524,40.092228,-10.238079,17.995247,-24.558628,14.8673315,3.612762,13.798618,-25.998922,9.4910145,1.0379689,9.048206,-18.255228,8.727898,9.680965,8.084881,-13.562226,8.001626,1.2542622,6.2740035,18.95608,13.13892,35.58145,11.575262,22.929361,10.18306,-244.34518,86.43157,15.671638,24.317945,-12.495199,20.894045,4.378943,12.874272,-13.993647,18.597006,2.5992544,6.764714,-10.904699,12.053724,13.680632,9.805176,-7.053796,14.232364,-4.955791,10.146142,-4.25909,8.062105,3.1981878,7.657992,10.845058,14.761895,-369.6337,0.01613568,0.0031613733,0.02279699,0.0031540436,0.022744134,0.0031418826,0.02265644,0.003124845,0.022533573,0.0031030206,0.022376196,0.0030763804,0.022184094,0.0030450278,0.021958008,0.003021868,0.021697406,0.0029682615,0.021404436,0.0029229668,0.021077814,0.0028731946,0.0207189,0.0028189635,0.020327833,-0.49924338,6.0198045,-0.39519903,3.1334794,0.018357065,2.0928683,0.15691458,1.7036971,0.050764207,1.4744612,0.08902762,1.3616117,-0.009894037,1.123396,-0.1746698,0.9558791,-0.04441774,1.3476181,-0.020771744,1.0750204,0.045499578,1.4095126,0.035718672,1.5104454,0.06807829,1.5871463,-0.39737758,2.0896318,0.027034499,0.9710798,0.068035446,0.7691326,0.09488632,1.1067847,0.04381991,0.7277965,-0.006983127,0.6434018,-0.012298904,0.57526195,-0.0384321,0.53668875,0.045957338,0.46859393,0.02165931,0.4409704,0.007460114,0.56480515,-0.052377287,0.45495555,-0.028319353,0.54612595,1472.0877913803454,1088.4407302208956,1227.0749471117044,871.1940301916037,2906.8471337579617,2185.7312609794185,0.11140276671974522,0.1141005548260133,0.047219746,0.06753719,2-50665-A-20.wav,crying_baby,2
-146.15976,46.21714,23.646585,15.461001,-22.238108,14.393086,0.40053228,11.643588,-15.432617,7.5735383,-9.743271,7.315218,-10.077148,6.6894617,18.821026,5.8274336,9.137903,3.825406,-4.508755,7.2239113,-5.762269,6.350661,-10.724067,6.9372787,-12.380561,8.120527,-138.63504,20.980522,9.971562,12.5023365,-16.343685,8.641099,7.811855,11.963282,-20.08482,8.656112,-5.8844547,6.8358154,-19.017515,9.295832,20.211704,6.693776,2.987297,7.2887807,-3.4221585,6.8119664,-5.5826283,6.466898,-9.543619,4.9012785,-13.69424,7.2335987,-241.27812,66.03,25.332695,13.676902,6.1533847,7.1870317,16.352358,8.649353,-9.417016,13.276911,-5.8130383,8.535445,-8.275094,8.879498,9.3308935,7.4433274,-0.71961755,4.6625743,4.2710905,3.6117084,2.8881423,7.889778,1.266583,4.040497,-5.229061,6.056509,-1.0515567,5.6852574,-0.36168164,2.9255426,0.08931336,2.043908,-0.09571702,1.7933042,0.07715148,1.5813999,0.016303485,1.1899985,0.01359292,1.2689098,-0.080083765,1.1959172,-0.059661247,0.923328,0.05146928,0.9820225,0.04615474,1.2939317,0.05796764,0.95602125,0.004897622,1.2514565,-0.01548498,2.3057952,0.10012986,1.4273804,-0.020230299,0.82102025,-0.016116524,0.76024646,0.049872324,0.84196055,0.017038934,0.6324991,0.027716266,0.68439865,-0.027974676,0.62866104,-0.0083275605,0.5456066,0.008444122,0.47238234,-0.0060155788,0.6764567,0.027931994,0.54022896,0.0076873787,0.6661686,1979.369314636078,383.4922547761825,1788.3946684518603,256.0125762859212,4106.488853503185,862.3867348521799,0.13329767117834396,0.06342372902727478,0.08070586,0.08011392,2-50666-A-20.wav,crying_baby,2
-144.85042,68.08057,7.514124,20.630829,-14.106134,14.756981,7.6705217,9.462125,2.498596,7.406277,-12.619086,16.027754,10.241136,7.8705897,5.034238,3.7546072,-0.60495454,3.5380628,-1.1325616,5.5060735,-2.4616678,5.3203497,7.8243814,6.0765333,6.716775,7.1747537,-143.73087,44.383125,19.72806,17.116926,-3.8230157,14.237793,-9.75867,8.233331,-5.840672,9.663982,-10.982198,9.219846,6.1536307,8.037655,4.5239644,7.566105,4.799757,6.765382,3.1658149,6.696657,2.8356943,8.051929,4.8317804,6.3972354,3.8345003,4.5765643,-137.23044,62.67389,18.943373,15.584972,0.8377724,11.196802,-19.864666,13.329928,-10.6446705,12.2480955,-7.0529165,11.52808,-3.6056972,9.227196,0.70456594,6.3413534,1.3498269,5.4179673,4.1285596,6.303776,-1.0825264,6.2123337,5.0254407,10.024676,-3.350897,8.178108,0.42392552,8.917187,0.08663518,2.9145002,-0.12862654,2.21621,-0.18337314,1.7231082,-0.033765614,1.5180831,-0.12768891,2.0553694,0.015631257,1.6475008,-0.046956737,1.068983,0.0220551,1.2016953,0.057923045,1.1365116,0.008583327,1.279904,-0.0645314,1.4777334,-0.01033742,1.1309637,0.32808346,4.787691,-0.038865287,1.584444,-0.011913536,0.9904796,-0.094231196,1.1637138,-0.028714772,0.91961557,-0.033125173,1.0411617,0.003583179,0.8435492,-0.041268375,0.7112495,-0.010865421,0.7304543,0.0384833,0.7110894,-0.032282263,0.77023613,-0.00045854118,0.8872363,0.0032279203,0.6835863,3090.658757344782,731.2298866240493,2206.7164735103697,259.44026758849435,5816.1823248407645,1040.6693509217705,0.2887888136942675,0.13116111415500514,0.063538566,0.06959444,2-66637-A-20.wav,crying_baby,2
-146.56152,49.404385,33.896877,17.608177,-16.761925,15.232068,-7.2154913,10.260703,7.628472,4.637088,0.3597581,6.056284,1.9685198,4.513824,3.1267917,5.2081237,-2.101472,4.099471,-1.2106917,6.930072,-3.1304858,5.1012783,0.028873967,6.9187655,5.7900476,10.758433,-177.56679,35.365726,27.005829,11.116274,-0.6162231,9.586853,-4.537918,9.867112,0.2625958,9.676711,-1.0398132,7.5777693,0.5099203,3.8432572,4.227493,4.6738696,-3.2163224,3.9710746,0.4575636,4.0956845,0.17957672,4.0448046,2.4252539,5.903256,3.2229598,7.7278404,-125.38107,51.81493,11.711061,15.120954,-5.432635,18.003195,-15.012396,7.5547595,-8.365407,11.061862,-5.0253654,7.228448,0.73398674,5.2345586,5.7138505,4.6519423,4.0737405,5.400001,1.2090116,3.788773,-1.6120943,8.676302,-0.9228828,7.693709,2.0016053,5.824672,-0.16413645,7.7208085,-0.062426355,2.805165,0.113828644,2.1688898,-0.054436866,1.5855222,0.012538652,1.7335683,0.043981027,1.3034906,-0.01736126,0.7495749,-0.0058831507,0.961922,0.014764169,0.94307655,0.0056436984,1.0442623,-0.014191749,1.0271521,-0.032296397,1.3773754,0.0009056656,1.795653,-0.084316984,3.7883112,0.08422367,1.6256149,-0.014201781,1.3366665,0.010868572,0.96474725,0.009044556,0.9067045,0.0066758706,0.7234508,0.0050079655,0.51844364,-0.000771226,0.6757893,-0.0052837585,0.5746646,0.034100205,0.60401773,0.01219539,0.6957579,0.012026804,0.8373406,-0.0038430432,1.087286,2762.0745473481284,724.0066623325871,2148.1725052979355,274.87168132361666,5422.96974522293,1145.4146648523636,0.23771521695859874,0.11871885260840201,0.04530084,0.057264484,2-66637-B-20.wav,crying_baby,2
-201.68881,98.79667,-22.27176,33.23729,-52.663963,20.353016,-17.310886,8.072725,-14.552427,7.6431994,-20.074696,8.36728,-4.000542,14.114475,-14.809682,10.970204,-8.429139,6.4111357,-11.728774,6.196122,-0.38749117,5.385759,-10.068007,5.027168,-12.614388,9.240842,-182.5205,79.4565,-44.791626,19.683481,-49.595787,14.44707,-21.148214,10.103941,-12.911163,9.065849,-14.568014,11.243165,-5.7121134,11.031704,-16.306688,10.357716,-5.0209875,7.201785,-6.8033185,10.413855,-0.68940693,5.897141,-6.8667088,8.458334,-8.51818,9.176445,-308.01514,121.16569,-16.896883,22.414803,-26.413883,24.506947,-11.199057,14.171902,-10.666877,12.958687,-7.826339,11.759136,1.5285444,14.128117,-9.789861,11.199754,-3.9068367,6.3630033,-0.9152379,9.387464,-2.7202318,6.57369,-3.8566823,8.074241,-2.3120434,8.210139,0.33180237,18.309858,0.10528875,4.709795,-0.13729839,3.7974048,-0.07357073,2.3881493,-0.045090493,1.9992411,-0.07097427,2.2127306,0.042285427,2.228985,-0.0052722883,1.9873314,-0.059582777,1.4219933,-0.021394383,1.633499,0.008853635,1.0760795,-0.035601366,1.4219786,-0.013031984,1.7897679,-0.09688198,10.329965,0.060826916,2.5273442,-0.022859264,2.0436342,0.0378278,1.5999603,0.06493938,1.3768059,0.028177472,1.3838447,-0.08132613,1.2700247,0.026029851,1.1946882,0.006638269,0.9615882,-0.0068971794,0.9280571,-0.0015729187,0.71239805,-0.018737702,1.0021492,-0.07543911,1.2236576,3209.130308308187,739.3243578935568,1977.6363294039443,384.67034749809113,5729.100318471337,1371.659178498251,0.2953261843152866,0.08812288544201152,0.033532258,0.029693145,2-80482-A-20.wav,crying_baby,2
-151.13388,96.45849,24.53358,29.958551,-29.166304,20.624006,-9.8529,9.579453,-11.934266,8.187378,6.9270544,5.223011,9.337046,6.651379,0.30997136,13.7601595,3.2143817,6.423202,-6.971622,8.81051,0.48184636,7.903715,-4.722476,7.2715015,-9.708381,6.836027,-108.68755,72.363396,12.83621,25.2594,-32.8223,13.006849,-16.626823,7.0621552,-10.128855,5.84516,3.0074506,6.030556,9.735813,5.585306,-7.1027603,10.329654,4.454234,4.4164567,-4.216743,8.402412,0.33715996,5.6518884,-3.2535455,5.2693377,-14.429057,6.5123453,-134.18947,91.993675,10.321061,34.011562,-26.696114,12.501341,-12.822659,14.233094,-9.339064,10.796656,3.800573,6.1449227,8.007101,6.888847,-3.3858652,11.392543,5.3762293,7.379977,-4.7961044,6.8392606,2.5274057,7.774701,-3.7264044,6.083968,-11.284782,5.8523273,-1.6383449,17.295305,0.5023004,6.2882667,0.09203173,3.140526,0.09880669,1.723287,0.08991068,1.4390687,0.02484424,1.1198932,0.046793092,1.3051848,0.07911477,2.649149,0.120962664,1.3005172,-0.07140187,1.4143682,0.022312693,1.4152201,0.05094002,0.9995536,0.07793613,1.1013045,-0.392926,8.141416,0.14956558,2.7740912,0.15563145,2.0936947,-0.14748271,1.1450602,-0.042775832,1.2025344,-0.019858086,0.80121607,-0.01824286,0.8227718,0.089117706,1.3722022,0.092120565,0.8905143,-0.051179387,1.0169728,0.025101205,1.0290817,0.09441681,0.8656747,-0.035927,0.56390417,2461.483703627305,845.494386461006,1779.333923672855,321.2155456553935,4453.423566878981,1575.4444616430224,0.19018710191082802,0.08997148692857282,0.08336395,0.059177592,3-151080-A-20.wav,crying_baby,3
-127.49419,80.721054,3.0612276,25.467966,-17.89286,13.464256,-6.225471,10.596163,-2.46115,6.5451717,12.848484,5.715933,7.9985495,5.7674813,6.8590083,9.029606,-3.8870597,5.3528085,2.4114583,8.484043,0.36365646,8.048636,-2.9393973,8.743648,-5.363438,6.1467423,-161.96924,94.03086,15.969204,26.071766,-8.238407,13.478009,-6.3497415,10.791653,-1.1815721,8.276494,11.740525,9.734987,10.278672,9.01167,10.133627,11.143133,0.12146803,7.281285,1.2916583,4.3183594,4.030279,5.7326813,-1.8484902,5.8464203,-6.6603427,5.1061773,-93.356926,40.412918,1.7731161,17.0679,-29.68255,9.095734,-13.827533,5.8705883,-5.4264812,6.956482,11.89195,9.993474,2.914517,3.84271,-3.0008695,7.15046,-3.7737222,5.6695914,2.5167663,5.597114,1.5200555,5.662999,-6.1812654,7.2553277,-9.193022,4.0038433,-0.6223838,10.9483185,0.4677753,4.250461,0.19739303,2.0771184,0.019685214,1.6340399,-0.17673555,1.3765284,-0.2526497,1.721497,-0.007889574,1.1510147,0.105667494,1.5173404,0.122865394,1.044019,0.1388316,0.983349,0.1501112,1.1825156,0.09632221,1.224348,-0.08924591,0.9534326,-0.31528,6.4165373,0.03327078,2.21904,0.03641032,1.2431449,0.01061775,1.1335692,0.025351971,0.86785954,-0.0004516316,1.0143142,0.00018143198,0.7900281,-0.026944282,0.8311238,-0.023748904,0.6382842,0.0271953,0.5137092,0.098292254,0.7614253,0.09922002,0.81188434,0.06002134,0.6117484,2732.1245850959517,744.4804299869402,1972.9504669355845,221.71706237408847,5169.1878980891715,1071.588172531591,0.1986153960987261,0.09546611921928264,0.08453999,0.06247531,3-151081-A-20.wav,crying_baby,3
-102.79847,63.595615,41.957085,18.36878,-30.651358,17.03395,-9.364698,7.257712,-12.6254015,7.6535535,4.054466,7.0481815,7.2827206,4.970356,8.482665,7.7451897,-3.0530314,7.3196626,-0.89146936,4.5795617,-5.984448,6.262604,-8.001254,3.964399,-8.31975,5.8985953,-190.9116,73.59627,47.05175,13.632067,-7.616621,17.268402,-0.67564446,10.607753,-3.967174,9.745417,3.9280043,7.5810833,15.91573,4.7655354,14.063941,6.6537275,-2.1954958,9.164614,1.8695277,5.2683377,-4.40201,6.552307,-0.54058254,4.06932,-4.935026,3.761556,-163.80838,69.071724,50.017082,10.535975,-12.957718,19.405525,-0.3434441,12.969934,-3.8006015,11.3956,4.572803,7.7734838,13.997835,4.793373,9.199432,5.3749657,-8.373436,6.6339273,5.5826664,2.9239461,-3.7745228,4.568851,-0.017407784,4.2863054,-4.177162,2.9983783,-0.36076733,10.654824,-0.1661123,2.4212682,0.12295727,2.5597997,0.11665847,1.6708272,0.14746407,1.5728991,0.09584123,1.2462484,0.011647738,0.8164931,-0.04203355,0.9556794,-0.004940282,1.0723536,0.052234467,0.73702914,0.031823643,1.0144975,0.0008046946,0.76313424,0.038940568,0.68626404,-0.04541866,4.2574496,-0.041066855,1.8801683,0.030075694,1.027558,0.022744438,0.76752055,0.013587156,0.82533276,-0.011215983,0.77570546,0.031758193,0.52357805,-0.008324384,0.51857436,-0.0046609542,0.47738314,-0.020191398,0.4394349,-0.026104903,0.5484112,-0.019441247,0.46786514,-0.016729873,0.4334558,1628.160258108981,413.090824424182,1570.8698728402153,246.3754340511064,3061.9028662420383,985.0215014909207,0.11578796775477707,0.041347691403248434,0.07887826,0.089701585,3-151081-B-20.wav,crying_baby,3
-259.01028,93.120964,12.030015,17.046108,-13.326967,13.3939085,-2.6980824,7.1610885,-0.7355165,6.0182285,-10.656823,14.159971,-8.326156,8.130368,2.8175046,4.780896,-4.3300443,5.6102314,-6.1604943,7.026716,-0.8648643,4.675801,2.7995334,6.211561,4.422435,6.9407635,-136.89137,69.13846,-38.81218,27.692059,-21.394718,15.784492,2.4607315,5.6874237,-15.112893,9.019467,-24.228394,9.949509,-22.772078,10.941651,0.13295926,9.907133,1.3749913,12.572375,5.30908,15.645567,9.954615,18.322739,8.08505,10.873684,-4.0988894,16.96274,-192.87022,64.59901,14.25316,13.872024,-22.450686,16.380358,-2.1230633,7.270581,-16.83325,7.402055,-10.224197,8.822108,-20.975,9.728068,0.4117186,6.4887,-21.27296,8.981563,-12.000766,5.6570187,-9.46456,9.634178,6.1831894,11.292768,21.71923,10.779964,2.4125478,12.57919,0.019274086,3.1280026,-0.10160015,2.5756989,-0.14858875,1.3101753,-0.1757198,1.4191824,-0.2522599,1.9631608,-0.26242998,1.5474068,-0.007090175,0.91558236,-0.09945127,1.4535195,-0.18135923,1.66474,0.014388467,1.799297,0.108290486,1.8922222,0.115139686,1.9770026,-0.37336224,7.9090705,0.06882489,1.6438966,0.057977337,1.5750091,0.033177625,0.88501656,0.0717405,1.0330724,0.05650191,1.2753291,0.045278452,1.0021703,0.012436708,0.546105,0.016631413,0.74070334,0.0059235827,0.8520177,-0.053570658,0.84910566,-0.008290715,0.8527389,0.010823716,0.9633371,2571.90498694678,806.8581756269907,1853.835341090631,385.04381566903544,4822.651273885351,1299.846911156327,0.22505100517515925,0.1255729541351067,0.07870511,0.093916655,3-152007-A-20.wav,crying_baby,3
-77.71003,49.804523,17.979607,11.930903,-42.705482,8.663628,-11.890403,9.839719,-25.863247,5.9213176,-13.257345,6.3529196,-27.466047,6.0017715,15.643672,7.4582453,-7.827363,4.97121,-12.510247,6.260378,-7.759588,7.6817617,-6.9787235,10.25105,-4.5201383,8.842157,-112.183365,78.25895,15.034699,12.773804,-30.692635,19.287971,-13.675507,7.646469,-19.274202,12.031486,-11.017076,9.510023,-24.300114,6.804745,14.438562,6.975351,-12.77442,7.7370796,-8.435826,7.8321085,-4.916918,7.1743436,-5.366154,10.0007515,0.47895053,7.5874877,-132.09445,82.137856,21.041618,15.40871,-27.35322,24.632029,-11.700438,8.627502,-15.788573,12.042935,-7.751394,7.13998,-18.417961,6.821574,11.451307,6.9752088,-7.450405,10.080929,-11.491098,7.0961604,-7.2481217,6.7014904,-2.3255148,7.923912,8.23121,8.609171,0.8139739,11.813975,0.17627862,2.4534612,-0.22692871,2.65818,0.15038121,1.2983489,8.763477e-05,1.7494054,0.105469815,1.3065313,0.07027122,1.3623319,0.14011635,1.4000607,-0.06985609,1.3871042,0.05746047,1.0915166,0.044164576,1.2741175,-0.109948404,1.3022071,0.03556809,1.6194204,-0.50122714,6.19098,0.015886951,1.2374616,0.15009896,1.2031487,0.021928474,0.9177041,0.05974259,0.84238124,0.016923817,0.73999304,0.06360475,0.9030347,0.0041958783,0.76631665,0.072500385,0.75440735,-0.023687633,0.79658943,0.002321626,0.7703624,0.011457236,0.80045605,0.017990978,0.90415233,2365.9006652646176,602.0728800499386,1700.1979133975922,284.39020834127825,4525.179140127389,958.0640889947783,0.19490819068471338,0.10023303757457391,0.16214514,0.12628658,3-152007-B-20.wav,crying_baby,3
-166.48203,25.801134,-0.58405775,13.96213,-13.0052805,6.3766565,15.990703,9.241605,-16.226347,11.536527,-14.073058,4.5131283,-25.094936,9.043783,-10.597658,5.6915402,-19.443974,7.0800877,-18.410608,4.9732757,-11.614107,4.136108,-3.8360026,9.388192,7.1431704,7.399115,-208.86061,80.446396,19.976583,12.126864,-6.174138,18.538069,0.217747,13.599573,-11.334254,17.251923,-13.5795355,13.194993,-10.9701395,10.391308,7.3579783,12.733577,-4.0289235,5.55141,-2.5324848,8.909254,3.5757954,8.005502,-2.2645354,6.810326,-6.2174425,7.462615,-140.71207,57.726727,9.699274,11.832155,-30.892267,10.459347,1.6748878,11.176853,-25.670246,12.60272,-22.554285,10.81636,-14.549434,5.8871884,4.8691907,6.6698265,-19.884218,14.723038,-2.4401205,13.106539,1.3333484,9.903642,-1.1880622,9.981674,8.09168,14.758559,-0.13343361,9.666522,0.059749044,2.3757958,-0.008420316,2.0377269,0.043136522,1.623939,0.01524814,1.793734,0.16548492,1.7185899,0.16473255,1.5932984,0.0114608295,1.3985994,-0.047627,1.7091398,-0.037286893,1.9217037,0.0150381075,1.5783522,-0.032317895,1.9024861,0.031003298,1.8422607,-0.1320466,4.308427,-0.10256981,1.3013322,-0.009399322,1.0883249,-0.008006172,0.6446929,0.0017350707,0.6643683,0.013008014,0.707064,0.10460619,0.78534,0.09004571,0.7609196,0.009862767,0.79981244,0.026175238,0.9018634,0.03521935,0.8453335,0.03218287,1.1395204,-0.046648134,1.1736958,2193.9977679920253,638.7937754444033,1751.7188070381867,284.1828139326784,4053.4434713375795,1220.9236793760037,0.18180856886942676,0.10594634200187251,0.10609397,0.10595136,3-152007-C-20.wav,crying_baby,3
-125.99365,37.669952,-26.117044,39.5222,-35.676765,14.928295,-0.5374278,9.239058,-18.344603,4.5611463,-14.031417,7.5344005,-22.284122,14.307458,-11.6718445,12.920065,-11.560736,8.776974,-9.921066,12.824759,-6.091064,10.654713,5.482127,18.88383,18.589712,9.73562,-187.39236,108.54226,-38.73835,39.02312,-29.403524,22.362232,-1.0405436,7.8295894,-1.8848068,8.954222,-12.737901,10.238227,-12.944909,10.958634,-7.676298,7.8765845,-8.575542,8.18208,25.713955,19.76126,10.0179205,10.531235,10.235871,12.374767,1.0527276,11.108392,-151.07614,78.8817,5.5127783,17.028131,-29.187067,18.921099,-8.935173,11.71657,-18.510279,13.10015,-14.419184,9.410987,-9.285259,8.038623,-0.50550836,7.215734,-8.189482,12.318312,-5.589098,14.6986265,-4.015384,7.6859035,-8.810419,8.064372,6.9432735,12.061922,0.26201257,9.771818,-0.056064874,3.375768,-0.25544167,2.8883648,-0.03293076,1.5579376,-0.017950386,1.4323761,0.04452134,1.613382,0.06683787,1.3672082,0.056674242,1.5855309,-0.046216857,1.9375635,-0.06379559,2.5310342,-0.024551198,1.6361609,-0.18949868,1.8770958,-0.07943389,2.1984756,-0.09961739,4.6131797,-0.008685839,1.5751113,0.060466956,1.4518033,-0.027784882,0.8042169,0.0042681512,0.8229227,0.03988653,0.89790386,0.030187018,0.6890597,0.046318866,0.9105123,0.030620022,1.1073636,0.035154194,1.1242272,0.11968404,1.1801804,0.07245813,0.982077,-0.034891278,1.0725414,2740.992357456413,631.7497176713332,1770.354927373842,275.7047837150826,4834.892515923567,984.6052548377043,0.25176030055732485,0.10853412762630821,0.13884307,0.11293838,3-152007-D-20.wav,crying_baby,3
-121.49789,39.500088,-4.837791,17.825785,-29.632473,8.047633,3.7674215,10.345322,-35.903587,8.509454,-14.771791,6.433465,-24.797634,13.067082,4.6211743,4.5831785,-19.744093,8.107659,-14.594275,4.5686154,-8.317421,9.75363,-6.1417084,11.540083,14.048138,9.587182,-115.039154,58.526558,7.2357306,21.442423,-31.746609,20.941496,-6.4747624,9.035679,-27.351341,11.376156,-14.741923,8.1298275,-25.520578,9.827013,7.773999,6.4045534,-11.218404,10.816163,-11.238516,8.776979,-6.4246783,9.567675,-7.647931,8.706803,5.3535843,8.883705,-162.23141,48.464474,19.025242,15.263166,-14.393277,10.266428,3.3632188,9.611339,-23.574286,7.948639,-11.532864,6.344223,-38.984848,11.925358,-5.5795875,6.064213,-9.123182,6.906395,-10.896632,6.939622,-11.637835,8.909759,1.0973006,9.639569,5.53391,10.606901,-0.52839017,9.109985,-0.062048968,3.1109817,0.08230762,2.5657113,0.1319513,1.8375275,0.06701026,1.7871759,0.050857622,1.199025,0.1023038,1.8059707,-0.07011841,1.0727025,0.0015065344,1.5894424,-0.028237896,1.1016682,0.03498621,1.8475492,-0.011706638,1.6241585,-0.13080412,1.6513646,0.062215682,6.0458574,0.10153932,1.6695006,0.07368532,1.5081937,-0.013238389,1.0063906,0.017523298,0.92490536,0.01669088,0.82758963,0.03233829,1.055197,0.018360157,0.8013044,0.024244387,0.9598376,0.021368712,0.82432455,0.035789933,1.0911049,0.07273447,1.1870793,0.04691855,1.1479532,2300.278437161215,639.3973902854383,1719.8252408379246,216.0808413967848,4453.224522292993,919.5696047117932,0.1659720839968153,0.10856389278465702,0.123361416,0.076355584,3-152007-E-20.wav,crying_baby,3
-165.69632,66.510414,38.95665,21.99402,-10.008723,13.212879,0.99689394,6.8957458,-5.5556912,9.735926,-0.7221467,8.566742,3.7745667,6.198418,8.049376,5.0377493,-0.7595558,5.2976108,0.3834582,4.507824,-2.2640955,4.4087615,-2.3305063,5.036359,1.3141264,4.384996,-224.49147,91.35352,41.099876,12.23929,4.647366,14.895324,1.3947786,12.462569,1.6056262,11.683605,5.241238,8.515099,8.752028,5.3039765,7.6555386,5.8018126,5.243844,5.5220942,-0.27199787,8.581392,1.3976237,4.7623243,0.25870064,4.531141,2.203098,3.3244057,-174.44667,115.170586,24.167578,17.756668,-7.6641564,13.426331,0.016635535,10.762514,1.4027417,7.70974,-11.6038685,17.017984,11.604818,3.611574,6.526408,5.57675,-0.20453684,9.933351,-2.2489328,8.962953,-2.0629346,5.9762764,-0.72960293,5.6240826,3.4511113,7.474565,-1.0803387,15.842396,-0.13943942,3.526538,0.09638961,1.917034,0.10707112,1.768083,0.1310349,1.5497903,0.096385844,1.972851,0.0643002,0.968202,0.037055288,0.95922923,0.05809147,1.205431,0.047972444,1.4112656,0.02442122,0.8780918,-0.005585578,0.96733993,-0.04692606,1.1535417,-0.21566673,8.919711,-0.10914053,1.7400136,-0.0058976253,1.1379836,0.01002594,1.0357726,0.0291463,0.73994994,0.052607335,0.99322754,0.03564507,0.63587624,0.008324696,0.6678775,-0.020186331,0.6880898,0.0065205432,0.70560426,0.033549957,0.5582042,-0.0077665583,0.6047511,-0.0020642874,0.6387242,1826.7848970375942,843.9005877125137,1888.9339628460618,402.04495887642463,3920.6807324840765,1929.8292567659157,0.09775577229299363,0.07295497400520658,0.055740964,0.0773066,4-167077-A-20.wav,crying_baby,4
-122.05961,85.64285,33.54333,16.950138,-13.93345,17.692303,-2.771813,10.774097,-10.24284,9.3805685,-16.873241,10.429536,5.286987,8.319988,-0.07337116,7.249526,-3.9711695,5.7779784,-6.066177,6.2520046,-5.434484,6.0790267,0.4874648,8.720128,3.086904,9.856307,-156.10341,88.2272,35.20547,28.178143,-17.439129,14.589183,3.8716383,8.232165,-5.3892374,10.0862465,-13.379576,8.161088,2.8194242,7.3395615,-0.32816285,7.517066,2.1586778,4.8135257,-8.464982,8.635856,-2.6929398,8.181006,-3.1745481,9.659391,-3.533769,11.897956,-141.61594,99.26574,12.9035635,34.095585,-15.136942,21.911156,-0.3809721,8.086051,-2.1378956,8.273275,-9.035952,7.6549034,3.8231852,7.4607162,1.1677979,5.022097,0.7507129,5.833517,-9.672007,6.318608,-3.3731112,5.520053,4.7698455,5.5486355,-0.5026978,7.5826974,-0.12353107,14.820411,0.21721542,4.544525,-0.07603038,2.8894565,-0.031931013,1.3671232,-0.061769497,1.5989203,0.069461286,1.8369143,0.015825575,1.4172287,0.004543675,1.3326067,-0.00759919,1.1750951,0.017203119,1.228419,0.008693148,1.0969898,0.01733054,1.4990257,0.009007825,1.8301239,-1.096234,7.050401,0.047944292,2.6492436,0.12349492,1.6178097,0.057528112,0.7464012,0.109749645,1.0114352,0.08444138,0.9504502,-0.038731106,0.8048616,0.008438652,0.68666905,0.08370762,0.66359264,0.03548949,0.7721828,0.03004931,0.6272275,0.03437356,0.6101364,-0.0137002375,0.8792695,2181.175349568225,939.5733769169635,1817.6233964351693,352.4250930818204,4144.804936305733,1731.903905189553,0.15632464171974522,0.10261711285596073,0.09635296,0.08235692,4-167077-B-20.wav,crying_baby,4
-105.30872,75.513054,12.059633,28.683437,-20.291368,16.445717,-7.7786493,7.526808,2.179753,13.636834,-6.508462,6.7919607,-6.154587,4.79488,-4.0836835,8.558171,5.567046,8.3635645,-8.988385,5.275412,-5.8250146,6.5826297,-0.8679877,5.905326,-2.7710621,6.814843,-187.68279,105.48337,35.4903,23.009447,-13.443351,18.851923,1.1817797,8.683538,-12.389916,9.704672,-7.2263074,6.7299557,1.9492443,8.36064,5.339281,6.489056,-3.1607842,5.974832,-5.7318377,6.803245,-2.608314,7.186441,1.607393,6.187974,-0.34540108,5.424702,-218.71913,70.9258,54.111343,18.638765,-14.789984,15.658858,-0.1997191,7.1916313,-13.092988,9.830642,-3.536308,7.7564564,2.6570902,5.240621,3.320215,7.422454,-2.6205342,5.2409434,-4.9443398,6.0300784,1.4147737,5.764368,-3.8493736,9.517245,-0.71711934,8.912558,-1.8256108,15.318458,0.12551571,4.2784524,0.2111631,3.3834808,0.21843559,1.5531691,-0.05270563,2.2018964,0.15192167,1.2936094,0.08710928,1.1279927,0.17401336,1.5631557,-0.100799344,1.2451606,0.084055334,1.0601866,0.08680417,1.154743,0.020967918,1.5519593,-0.010784349,1.4420376,-0.017561166,7.776489,-0.0528057,2.2460356,-0.015492504,1.736527,-0.046447996,0.87935793,-0.00024873207,1.0443482,-0.012519074,0.9529948,0.02139608,0.77288806,-0.010626056,0.8705243,-0.0059550493,0.70922345,0.026220664,0.8322977,0.015406869,0.6620579,-0.018098019,0.9181759,-0.023019088,0.996132,2088.581682601501,889.099809599676,1771.3531477531146,389.32869398140855,4096.636146496815,1678.653257593971,0.1383733081210191,0.09098403977315352,0.059291866,0.055984274,4-167077-C-20.wav,crying_baby,4
-129.32913,32.187866,28.079456,10.189129,-10.303071,11.1606045,-0.9386925,8.731414,1.5231807,6.8285503,-14.258549,9.082181,-5.5020456,7.4430985,4.1172338,6.741404,1.1191916,7.3945265,-8.218584,5.058114,-4.824002,4.742948,-0.4359803,6.7709703,-9.273788,6.1566014,-119.925415,22.775496,26.285301,11.838257,-16.799019,11.615898,2.2658,7.4767747,7.9608765,5.7716165,-14.991034,4.916363,0.021467585,11.03203,9.313737,9.73651,-0.7409092,6.208477,0.997064,9.538769,-2.5168948,8.062522,2.4744105,6.476221,-5.543913,6.257077,-173.08585,32.733242,28.054432,10.943982,-7.0374746,6.338838,6.489529,5.5315127,1.8205572,6.791185,-8.009892,9.357263,-1.3328199,3.4147515,6.2521024,5.6993833,2.7016835,3.2619135,-3.4162679,4.704681,0.35771108,5.668811,3.4762888,4.33692,-5.8358192,5.418885,-0.26593572,5.748321,0.08002188,1.6723456,0.014121505,1.723578,0.017521761,1.3562956,0.07955657,1.2349619,0.037894934,1.7405155,-0.036181577,1.2850691,-0.008278853,1.3587133,-0.0060077435,1.037549,0.028286764,1.2258708,0.037236936,1.2016808,0.037108626,1.011644,0.04630951,1.2157818,-0.0852286,3.2256732,-0.046749257,1.1536877,0.03972563,1.0493503,0.056658484,0.755675,0.016618432,0.68107325,0.018099766,0.7822321,-0.023334336,0.66469496,-0.046272755,0.7208265,-0.0031936024,0.5756846,-0.036254026,0.6390534,0.03573852,0.69641966,0.06209721,0.577204,0.0409585,0.574082,2468.5603178585384,476.11448262813593,1993.0989273106184,231.35591053792197,4926.851114649681,1175.1037503434366,0.2236079319267516,0.07827832761446431,0.05443618,0.06951904,4-185575-A-20.wav,crying_baby,4
-146.24821,68.57235,34.579544,15.292595,-21.505554,16.128628,1.3048948,10.606155,0.68499726,7.48865,-14.084501,14.281999,-6.316773,7.9138556,4.345161,5.15823,-0.457404,5.40394,-0.36620432,5.636257,-2.716094,8.483775,-1.220014,3.8690927,-4.35225,7.305552,-135.8574,43.526802,46.809204,17.716198,-6.8910213,13.216736,-2.4360785,7.902503,-1.6005483,6.163058,-20.23955,9.57764,-11.284928,6.2127395,-2.5360324,6.3541775,-4.5366883,4.6320243,-2.7838678,5.572524,-1.7073656,3.7077386,2.8625693,5.1196938,-5.9683757,5.621673,-109.54722,30.17012,26.526503,19.488081,-10.842946,14.713106,-4.6321807,8.2852125,0.18717459,7.548055,-15.762033,14.186468,-8.422027,9.98603,-5.3084188,5.1766806,-2.9585915,4.636278,-3.6520367,8.675054,-1.9149474,5.358675,-4.5869527,6.0408816,-7.0982795,6.952847,-0.41294652,8.276283,-0.013353748,3.0365443,0.31538856,2.2464,0.16671953,1.5164686,0.1291811,1.4534221,-0.048008695,2.2641253,0.015837524,1.4102707,-0.01425174,1.0302439,-0.021981202,0.9280053,-0.09354543,1.2627028,0.030647855,1.0999892,0.022813613,0.8853851,0.010084104,1.2803668,0.13121818,4.0454645,-0.0198937,1.6134133,-0.072318465,1.282039,-0.04991273,0.9114421,-0.008642734,0.8609406,-0.011937818,1.1154808,-0.009443681,0.7874248,0.027989186,0.67490894,0.008312192,0.60043806,0.06252641,0.6400166,0.05103015,0.63592815,0.018140657,0.59638685,0.04210266,0.7058908,2094.755762145993,528.7117583140187,1850.2403097846,287.5513057321631,4123.3081210191085,1356.8205733911616,0.16560509554140126,0.07708878195213187,0.081374384,0.06897214,4-185575-B-20.wav,crying_baby,4
-153.19133,46.34291,9.661457,11.988432,-26.018206,23.616844,-1.1155975,9.89158,-1.1482155,12.148756,-6.7466207,9.0531025,-8.841983,20.713013,-1.0553949,8.474029,-10.029471,10.285244,-3.4092348,10.248833,-7.4648666,9.720223,-7.5212665,6.446228,7.0880556,11.35939,-164.91458,48.180965,31.174734,15.432574,-17.94328,14.357164,-3.8992395,6.641115,-0.059523456,8.75649,-14.674654,15.801485,-10.981959,10.659675,0.0815313,8.8601265,-8.2161875,4.946224,-2.2855382,8.570627,-1.0438316,6.8269453,-2.3389897,7.2493896,-3.515227,4.693946,-158.91156,39.81501,39.04687,15.300677,-8.669832,11.036949,-6.240038,8.255917,-3.4872746,7.318939,-11.618897,13.134471,-13.667853,8.63169,-6.9901876,4.93123,-6.121533,5.2270474,-6.4563923,7.5524373,-1.9246889,6.2305984,-2.475883,6.509284,-9.515544,5.242739,0.25875255,8.915526,0.10728089,2.1164434,0.09434473,3.597213,-0.08494287,1.7013173,0.12803265,1.5550814,0.039906766,2.2206852,-0.19125326,2.678191,-0.0074016913,1.4369574,0.02360319,1.2923641,-0.123357035,1.5892032,0.10209562,1.4521133,0.049659386,1.2191051,0.02698888,1.479443,-0.16381638,4.245128,0.025503201,1.0781869,0.08328336,1.6029294,0.09310064,0.9785014,-0.036565296,0.8124667,0.053398885,1.1030655,-0.035497144,1.1160377,-0.009559569,0.8510085,0.011582815,0.8078365,0.02209988,0.76399606,0.07445204,0.79600054,0.092974134,0.91139466,0.012219652,0.650181,2134.176405681492,501.9117990795651,1795.8167557295012,260.5294139318056,4157.9418789808915,1183.8219045353803,0.17308170780254778,0.0802323528622076,0.064750105,0.06845384,4-185575-C-20.wav,crying_baby,4
-176.38766,95.15141,-4.5013433,38.29022,-16.796864,17.822975,-4.2510576,8.460212,-4.121421,9.155088,-3.547619,16.716393,-6.886281,10.585121,9.697596,5.5857043,-7.2490287,10.304221,0.2959263,9.371223,-1.0574663,10.134055,7.341519,9.813906,-0.73295873,9.5537815,-28.596487,25.038,-20.79102,12.429904,-17.130234,7.5232925,10.205154,3.8955193,3.4087126,3.4874156,-8.33558,8.918343,-13.146323,4.4755354,4.4310575,10.30239,3.0906985,5.7367635,-9.581514,7.977628,-3.9347856,4.547691,13.478189,8.003849,2.9458776,12.28813,-239.14108,95.506,9.671175,27.761957,-20.111946,23.260412,-2.429093,7.5945873,6.389045,7.5694637,-14.671267,13.340882,-7.400367,8.687533,0.6702012,3.7251887,-5.168523,6.520894,-0.29694787,5.034472,-4.6745415,7.093282,-4.4521885,6.496837,-2.148405,8.334273,0.10802853,9.315563,0.06034664,4.140528,-0.045391932,2.8368814,-0.051794652,1.1481966,-0.035912756,1.2344695,-0.028234076,1.924785,-0.02894808,1.4230967,-0.018021844,0.76569843,-0.019457929,1.5636102,-0.02115625,0.95245844,-0.015962217,1.4229698,-0.023403369,1.699001,-0.005848095,1.93364,0.09973225,4.600938,0.059756838,1.8438796,-0.030324353,1.5278696,-0.032775886,0.6804576,-0.020906804,0.6013722,-0.017205872,0.8646361,-0.017393928,0.64230835,-0.007517274,0.4716117,-0.011932845,0.7951292,-0.014653081,0.5400578,-0.007974315,0.8606136,-0.014470678,0.8682236,-0.00021394462,1.1379461,2764.89823656219,962.8901379365909,1818.909712634922,431.42157061345455,5000.0,1418.9689321525022,0.23058693272292993,0.1246882323027301,0.13988136,0.13587719,4-59579-A-20.wav,crying_baby,4
-120.88172,68.734566,24.883257,19.780798,-13.889668,14.144676,-6.3780155,10.762198,-12.335766,8.212648,-22.894371,9.195211,-13.579107,7.9372053,1.4184206,5.5748467,-10.657676,7.642241,0.1028829,7.7074485,-8.427993,11.455285,-0.52505547,9.354455,2.060876,7.875058,-270.59686,101.864845,24.495853,29.296282,-3.5712862,8.371504,-5.4708753,8.695499,-2.7536006,5.092759,-12.890188,15.388104,-4.041418,6.0752273,1.5669103,3.1948478,-5.076375,7.205285,-0.18922281,2.2629895,-0.9623631,3.6472375,-0.5707459,5.22536,-1.4453456,6.9043455,-355.98462,6.1035156e-05,0.0,0.0,0.0,0.0,0.0,0.0,0.0,0.0,0.0,0.0,0.0,0.0,0.0,0.0,1.2979902e-05,0.0,0.0,0.0,0.0,0.0,0.0,0.0,0.0,0.0,-1.3227549,9.834409,-0.26158687,2.8384147,0.040768657,1.6559045,-0.014486896,1.089747,0.10663056,0.972095,0.066705555,1.2651799,0.11911385,1.062318,-0.06751225,0.553264,0.054574784,1.0944849,-0.06496396,0.87375915,0.038854744,1.0828266,-0.010600333,1.0981178,-0.0029033248,1.2475455,-0.5516112,6.265737,0.065535314,1.3764282,0.06423705,1.064166,0.023427133,0.89818645,0.07157519,0.76172286,0.05808119,0.67369205,0.045939013,0.6534303,-0.0069518317,0.46121162,0.060401175,0.6962155,0.008686237,0.5278467,0.024007587,0.6089309,0.008431556,0.6643297,-0.012688274,0.8467152,1034.5785965509417,1089.366657299725,990.4428852547348,996.4365985473605,2125.0,2307.908001017896,0.06676701831210191,0.08210573103255243,0.060712066,0.09359658,4-59579-B-20.wav,crying_baby,4
-107.18478,55.326878,12.135095,23.692133,-38.71382,8.445732,-14.66518,6.366527,-11.846647,5.8973575,5.0805764,6.0976605,10.607244,5.442128,-7.1432657,9.472763,2.6523197,4.609182,-4.9651117,8.61039,0.055863243,6.1750393,-4.753654,5.589828,-13.47796,7.5476093,-126.99373,81.01933,19.1596,27.485392,-30.557232,14.114756,-18.491884,7.393957,-11.692446,8.096155,3.1798842,5.2170925,8.398858,5.921127,-5.6095123,11.777833,6.1245503,4.392908,-6.1520267,7.3239484,0.20648736,6.827472,-2.0565104,5.3445153,-12.034069,5.334695,-108.029625,62.74098,0.03833992,32.396286,-29.605516,8.298783,-12.643814,9.520323,-7.9226794,8.424447,3.4039621,5.4499755,7.686305,6.6268125,-0.71717703,10.108294,-0.42667386,7.842528,-5.6336246,6.7314596,1.5668275,6.9994006,-5.2550826,5.3277287,-10.51519,5.864107,0.45456433,13.6071825,-0.3345272,5.8135366,0.10432587,1.9824753,0.1464782,1.4846551,0.12424954,1.4440973,-0.055853013,1.0256832,-0.09541549,1.2014146,0.032385893,2.29357,-0.07562432,0.9634607,0.020689333,1.27507,0.10057095,1.4129059,-0.07702344,0.8955168,-0.096877836,1.1090918,-0.2623871,6.0882125,0.059105795,2.8712254,0.016204443,1.4423231,-0.010270705,0.8603738,-0.027397864,0.9325115,0.021355027,0.7340461,0.028219584,0.783815,0.04611814,1.2303654,0.019967057,0.68793213,-0.01811688,0.78472096,-0.023074744,0.9309383,-0.0050961715,0.6892974,0.030828482,0.59467363,2616.5196120780197,796.4802420392989,1813.7573066186067,290.2786804910338,4677.149681528663,1486.6089606613734,0.20877289012738853,0.08335991750253015,0.08131432,0.043630753,5-151085-A-20.wav,crying_baby,5
-219.64648,81.2711,10.6900425,26.658575,-21.10223,12.643313,3.8610055,11.664088,2.3255687,7.655287,2.9294133,6.1328855,-2.46014,7.164885,-3.3716178,9.690492,-2.3148417,7.139347,1.385337,6.524209,-1.6188941,10.480113,12.605613,10.988799,19.72632,8.936545,-189.64598,56.559635,24.246395,27.551218,-11.209295,14.8576565,1.2121011,9.383916,-10.525293,11.014994,4.1332836,11.124088,-2.610455,9.231669,7.414878,5.5632286,-5.0204425,9.391604,1.9215239,9.684862,-6.5593343,11.641333,0.25278872,7.3178897,12.389861,10.666741,-100.1708,51.1989,-8.787025,25.530704,-31.213547,13.791612,13.342356,6.5174813,0.19302759,7.294098,-9.851664,6.527738,-10.55613,8.324037,4.86373,10.350658,5.4190474,7.166439,0.49630097,8.461736,2.4297235,9.843616,10.036894,10.297178,3.5444736,11.680543,1.7123805,7.633808,0.2548383,3.933335,-0.2899458,2.241502,0.04964656,1.8386127,-0.01449513,1.691516,-0.034212943,1.5186838,-0.11419358,1.7101245,-0.010888649,1.6354477,-0.1074655,1.1825373,-0.063952945,1.3623658,-0.14689524,1.5502411,-0.14423695,2.0793495,-0.067959026,1.9902903,-0.33378655,3.3109183,-0.031941153,1.2750661,0.13658847,1.158821,0.04526985,1.0864582,0.009323662,0.87823564,0.025779633,0.7718192,0.0050992835,0.7689159,0.009966438,0.8869677,0.049027905,0.72228616,0.033933435,0.8832596,0.07422979,0.9637619,-0.024368359,0.81674784,-0.067692794,0.8053572,2316.0745762072156,705.4561481309134,1724.7102285786377,201.1140615807633,4255.175159235669,1107.9217073987193,0.18872536823248406,0.09285985099167529,0.05674179,0.05013488,5-198411-A-20.wav,crying_baby,5
-155.99971,21.956306,50.898357,10.741405,27.228529,7.963373,-3.1166394,7.448751,-20.598057,5.73806,0.7167931,4.522097,-16.04247,4.7693205,1.106655,3.4950278,-10.087082,5.324801,12.504769,4.804323,-6.5336246,5.047725,-3.3634973,5.5229278,-0.9125283,8.452607,-142.18121,30.53631,21.150322,31.591927,-8.2225895,23.657549,11.850045,18.846554,-7.426684,9.995725,-0.025645586,8.450942,-0.4650284,12.158761,13.443432,8.816887,-2.6846933,7.1028476,5.288169,7.909268,-1.832482,10.336922,-0.321653,5.3912907,2.6173022,6.7792115,-194.27654,85.5556,32.81277,27.189503,-7.7563996,21.62681,4.680264,9.301826,-8.943986,16.758606,5.002898,5.366853,-10.582499,10.546899,1.9973382,6.629664,-3.012596,8.339879,10.06894,7.163679,-1.6707008,6.707155,2.0645568,6.0672445,8.440256,7.557444,-1.1116312,6.659837,-0.3909297,3.7242699,-0.15225127,2.8067625,0.039067816,1.9659262,0.17354818,1.6805314,0.035756543,1.1676179,-0.013466311,1.4404507,-0.086925276,1.2163811,0.11595728,1.3035274,-0.04699027,1.1324031,-0.09514646,1.5281848,-0.031279124,1.0257783,-0.0017129935,1.5062473,-0.33236212,3.2449577,0.054550935,1.7191889,0.04882144,1.1225888,-0.03151654,0.9328163,0.017140599,0.84784025,0.0015027706,0.6323377,0.051362537,0.8113565,0.026392803,0.73378634,0.024531635,0.7214934,-0.052816708,0.69769615,0.029157924,0.873023,0.061745577,0.6910698,0.02600851,0.87124676,1961.9610670766126,565.211109721808,1814.9831469796236,220.27720000766124,4243.929140127389,858.3903407916401,0.1393063296178344,0.08728114005519791,0.06300953,0.047268014,5-198411-B-20.wav,crying_baby,5
-184.22214,26.880136,59.77989,15.352423,-0.67245454,13.683352,-2.2875755,10.30835,-5.9346104,7.4253564,-8.517248,10.202875,-24.02408,10.9812,-1.7883403,13.659403,-3.2550254,7.5313363,-2.5453467,8.046703,-1.5145056,11.222991,-0.20090611,7.3601766,2.3044977,8.642548,-162.92076,28.367521,67.68939,10.013682,-0.90244895,10.475353,-9.51861,7.8246784,-15.050945,6.8554444,-14.520357,9.867834,-20.221132,6.360033,2.5560288,9.845468,-4.863245,4.393587,-0.37192312,4.729192,0.8266006,7.021315,-1.0314187,4.509263,0.68806964,5.586807,-183.62512,34.255287,61.055546,13.821048,15.535602,14.232666,-4.7297096,10.734719,-18.265438,6.2602425,-8.172972,9.7083025,-21.677069,5.1430545,-7.345076,4.6233234,-5.7528462,5.877154,9.225506,6.583783,-2.9891346,6.7033386,1.6028885,3.8007917,8.772518,4.1431866,-0.019937357,6.019428,0.17223321,2.7588627,-0.17351331,3.109515,-0.1773828,2.4102955,-0.122809395,1.4165226,0.1367729,1.8135234,0.01473709,1.5794635,-0.08730745,2.1070633,0.026409155,1.2115332,0.2238157,1.4295611,-0.011347985,1.6523027,0.09283564,1.120918,-0.0062193414,1.4051434,0.30537295,3.6782432,0.11469072,1.553744,-0.10406691,1.3481457,-0.12057483,1.1935089,-0.09280571,0.83399206,-0.002266973,0.8156566,-0.021237345,0.72034985,0.015125665,0.8892132,0.012533516,0.7023497,0.08066859,0.83612925,-0.021789122,0.8553525,-0.0016354725,0.55132985,-0.047293443,0.7735507,1259.4814300671067,373.9290274397153,1473.6259079568263,375.2441602928451,2398.7858280254777,1386.5498935469918,0.07834892515923567,0.019166729456177437,0.07002395,0.049927033,5-198411-C-20.wav,crying_baby,5
-145.57971,48.072433,38.27793,23.65718,6.7949123,23.104517,-1.8388441,10.547755,-20.587711,8.321662,-1.802197,4.9959884,-13.885561,7.955575,-2.9859548,7.7663283,-11.098221,6.1777864,10.65766,6.8061666,-10.213695,5.627181,8.751936,8.797854,10.418562,8.301117,-70.573784,29.965347,16.2665,7.4249334,-35.326992,6.86208,6.393738,7.6545796,-9.706457,9.858452,-13.317949,8.899369,-5.8590937,4.496429,6.022279,3.8301659,-6.5959463,5.1662865,8.181573,7.9539948,-1.4219607,7.9195733,16.890331,6.500881,13.427187,6.3842597,-169.9833,90.6047,33.26732,25.388157,-7.846316,22.827982,1.8975457,11.025942,-13.317442,9.145352,-10.341774,6.9175615,-8.786164,7.796745,4.1772127,7.177452,-4.1585217,3.891321,9.595635,8.148538,1.1021003,8.431676,6.7476707,10.771148,10.999236,11.8915415,-1.4853154,7.9157877,-0.34082577,3.2647114,-0.10786404,2.861632,-0.015195129,1.9245162,0.14661713,1.5456384,0.033274412,1.1459272,0.093490355,1.2111852,-0.0013644407,1.0599601,0.010737316,0.9472602,-0.1477159,1.121778,-0.00921654,1.3909258,-0.04147408,1.5923784,0.0066096433,1.6563369,-0.3481634,2.4687033,-0.035104528,1.3502626,0.029506732,1.221489,0.038480505,0.99040663,-0.00024655595,0.76005703,-0.030219616,0.6389245,-0.02149555,0.60319704,-0.044993825,0.6227935,0.03781758,0.51587284,-0.049440596,0.64009064,0.041570075,0.79548013,0.02479641,0.82687867,0.025633259,0.943535,2134.3108484833137,573.9273616952418,1710.0208152054017,252.9153717465208,4122.113853503185,971.9916063411916,0.17980568272292993,0.08433409770605825,0.0846537,0.052735884,5-198411-D-20.wav,crying_baby,5
-129.99907,40.129013,58.598686,12.624623,8.354682,11.669095,-3.0072477,8.947188,-24.736412,8.5090885,-2.067184,4.175265,-18.62218,7.15297,-5.1657834,4.839962,-5.981232,7.681697,15.195429,6.7333097,-1.3494332,8.912644,2.7292821,5.138618,4.6836953,4.799531,-114.685295,35.03335,27.255999,15.285848,-2.958712,19.431093,3.0185366,12.108193,-25.618406,8.464556,10.323655,7.789048,-18.4864,4.7705364,0.25590777,5.299672,-12.594036,6.382954,14.189529,6.379039,-9.005133,11.377408,15.325515,10.145112,19.19643,9.237543,-109.09411,25.217516,19.307077,20.350498,6.140151,9.360144,-1.3580216,5.878024,-21.003475,6.721499,6.360415,7.3357897,-15.516459,4.5863214,-1.9508972,5.2189827,-13.27594,5.759613,13.268025,6.1573243,-8.484118,10.272257,16.413628,12.843352,21.164293,15.793158,0.1369691,7.187254,0.032057732,3.2456868,-0.05122651,2.6243947,-0.01824732,1.9744812,-0.022603564,1.6571748,-0.0030096564,1.1767702,-0.0071487334,1.1040808,-0.008735493,0.92174095,-0.023207428,1.3770417,0.055856463,1.2783165,0.04038971,1.9707447,0.049934857,1.6036878,-0.026324302,1.6690056,-0.29339382,3.4579237,-0.015366882,1.6488848,-0.012418568,1.2978443,0.05918079,1.150057,0.084461614,1.0278858,0.015739204,0.6250966,0.041358527,0.59323466,0.029142203,0.57077646,0.016956966,0.6422929,0.03185233,0.78246516,-0.008736592,0.87314963,-0.025471278,0.7394238,-0.042224076,0.8144856,1996.0870669845026,578.7940941852312,1857.3822054693146,284.24118079878457,4264.4307324840765,1193.660350236487,0.12901821257961785,0.05954751469293649,0.12784201,0.0649743,5-198411-E-20.wav,crying_baby,5
-179.07886,65.36513,-17.392395,27.820082,-31.663004,20.106293,25.463797,9.268224,11.604981,13.954148,-12.624142,8.196323,-3.5180573,9.118371,19.548695,7.5607924,5.195322,5.8745346,-8.03185,11.13735,7.715419,7.3656254,12.277089,7.4221396,-1.8444419,4.806311,-166.70688,52.4756,-0.019084526,24.322283,-37.42015,21.444416,5.837319,11.173813,-3.84701,11.154744,0.020261675,8.225637,-2.7870708,11.507017,12.001921,11.722857,0.5174182,12.2281685,5.4285107,11.266929,1.6691272,14.378475,11.73471,8.417149,7.6873026,9.419489,-171.44244,61.646637,6.7503624,21.311846,-27.283247,23.78533,4.632688,6.9740796,-4.764954,7.3043137,-2.6393142,4.710942,-5.7255316,5.1313972,2.2891953,3.7594967,-0.43167025,5.615406,7.005213,8.216081,6.9478955,7.575038,9.548911,8.589641,10.189908,8.081628,0.3628852,8.264881,-0.10301657,3.5488229,-0.087900445,3.2491744,0.11453667,1.4609619,-0.047269937,1.8212296,-0.0061859144,1.3030467,-0.07136705,1.9109819,0.0034009307,1.6935976,-0.023032563,1.4909511,0.021785269,1.8134669,-0.07534318,2.0486019,-0.04642161,1.7531642,0.0017739254,1.389009,-0.016027682,3.471764,0.09409084,1.4440559,0.080856554,1.3172724,-0.06630475,0.9622974,-0.04007662,0.9705951,0.010601417,0.69683903,-0.018483015,1.0719564,-0.034756314,1.0502228,0.02376741,0.79798794,-0.031167906,0.89856094,0.006288006,1.0223804,0.009037047,0.8135851,0.010208059,0.7636622,2453.5133033438733,422.00437796405726,1562.5485047656045,320.49222151835096,4106.389331210191,897.4668648373164,0.22698546974522293,0.06874970965699968,0.078738436,0.08271906,5-198411-F-20.wav,crying_baby,5
-178.40668,45.54123,37.466793,7.9876637,-3.3886898,17.769602,-2.4277332,11.800102,-13.516692,9.530004,-4.314909,6.2332635,-6.2659755,11.374752,9.494506,10.793537,-2.0873666,10.693174,13.81517,7.7721477,2.918045,11.315862,14.011939,11.993355,13.116292,8.011479,-150.47624,33.250896,47.143066,11.790881,1.5613147,11.227302,-5.664022,7.026542,-29.646442,9.185821,5.1062846,10.36645,-19.928244,6.1875153,6.440083,8.097118,-8.228138,9.3648815,17.599052,9.053001,-4.2712965,8.735159,-2.3285766,4.2632527,-4.5566754,7.6084476,-248.04074,40.62137,49.127014,8.736831,10.322939,7.464748,9.222628,8.079438,0.2842699,11.358395,3.6571045,7.0344434,-3.738144,10.86369,5.1844487,5.1610804,1.9550695,4.154848,9.968799,7.1407566,6.6018596,8.206283,6.7719364,7.784496,5.808172,3.498983,-0.8698812,8.318747,-0.03825807,1.7164555,0.22363706,2.117527,0.27106923,1.8001755,0.015089801,1.6153762,0.11544654,1.5393966,0.062327635,1.8511931,-0.043789707,1.490701,0.11234771,1.5220473,0.04716556,1.3605759,0.05309359,2.045047,-0.052376047,1.5976154,-0.1080107,1.1929702,0.14397065,3.8919683,-0.03717771,1.2277519,0.0035872792,1.1400244,-0.016321361,1.0334005,-0.037459128,0.80161405,-0.0449731,0.80427,-0.027576014,0.98545206,-0.030180039,0.893731,0.058606796,0.84271955,0.025327045,0.8570677,-0.09599123,0.9809386,-0.01452493,0.80164903,0.03164374,0.5958999,1680.4322203105548,405.15182764604594,1807.35009338282,243.57488377580233,3827.9259554140126,1077.7203259226071,0.10388883359872611,0.04604260245928604,0.05128561,0.058481034,5-198411-G-20.wav,crying_baby,5
-406.3732,0.0,0.0,0.0,0.0,0.0,0.0,0.0,0.0,0.0,0.0,0.0,0.0,0.0,0.0,0.0,0.0,0.0,0.0,0.0,0.0,0.0,0.0,0.0,0.0,0.0,-353.75833,108.74582,5.700368,12.664552,-15.504752,30.633455,-3.2536554,7.4613156,-2.6972656,7.086234,-1.9128398,5.091485,0.7152232,2.234185,1.7059573,4.096041,1.0155014,3.8121634,-0.18132342,2.146233,-0.5143745,1.7237927,-0.6830795,2.0690475,0.9545186,3.109616,-406.3732,0.0,0.0,0.0,0.0,0.0,0.0,0.0,0.0,0.0,0.0,0.0,0.0,0.0,0.0,0.0,0.0,0.0,0.0,0.0,0.0,0.0,0.0,0.0,0.0,0.0,-5.8313844e-07,12.325622,0.0,1.1858011,0.0,3.3160162,6.074359e-09,0.8844896,1.2148718e-08,0.79556894,6.074359e-09,0.59802496,0.0,0.21341701,-3.0371794e-09,0.40985164,3.0371794e-09,0.30498666,0.0,0.15362176,0.0,0.1380342,0.0,0.18785249,0.0,0.22865446,-8.0181536e-07,5.2542834,3.0371794e-09,0.9892772,0.0,1.3506712,3.0371794e-09,0.40397492,1.5185897e-09,0.44153282,1.5185897e-09,0.37325913,7.5929485e-10,0.13646477,1.5185897e-09,0.22108367,0.0,0.24554422,1.8982371e-10,0.13299835,-3.7964742e-10,0.13486116,3.7964742e-10,0.15613168,7.5929485e-10,0.19944596,198.4706028526285,679.1766955886559,127.82894701966279,446.53587546087255,317.6751592356688,1152.7876112467911,0.016352756767515922,0.05479257550917297,0.007624595,0.04068033,1-100032-A-0.wav,dog,1
-353.82474,101.46848,17.429747,29.330818,-5.8566127,15.89472,-2.9356153,10.496616,1.7282624,4.13801,-0.36962116,4.444687,-0.8078889,3.8280444,0.5309825,2.6296651,0.31205267,4.5405064,1.534979,3.7800171,1.4261762,4.038662,3.941521,6.7266674,3.4370625,5.6065955,-403.85895,3.0517578e-05,0.0,0.0,0.0,0.0,0.0,0.0,0.0,0.0,0.0,0.0,0.0,0.0,0.0,0.0,0.0,0.0,0.0,0.0,0.0,0.0,0.0,0.0,0.0,0.0,-403.85898,6.1035156e-05,0.0,0.0,0.0,0.0,0.0,0.0,0.0,0.0,0.0,0.0,0.0,0.0,0.0,0.0,0.0,0.0,0.0,0.0,0.0,0.0,0.0,0.0,0.0,0.0,-2.0264204,7.252332,-0.5019746,1.6727659,0.26666108,1.366714,0.22831386,0.99135834,-0.029669125,0.36244702,0.031607773,0.46008745,0.04358399,0.3723142,0.02488607,0.25134006,0.085546605,0.53221387,0.031117251,0.4284202,0.038402308,0.48814285,-0.023163628,0.5851426,-0.022724114,0.502111,-0.63666624,4.7357025,0.04961957,0.54426384,0.110046364,0.8731091,0.117318645,0.94944984,0.056187283,0.4095329,0.07009043,0.45326188,0.029409852,0.23393196,0.0054338304,0.12889503,-0.010343479,0.15220547,-0.0032280472,0.14093721,0.004289554,0.17861627,-0.023864299,0.20014513,-0.017442279,0.15829936,152.51928109725765,545.7095036846976,173.83849239040194,520.0782830907292,279.25955414012736,1022.4221745511068,0.008540256767515924,0.03201009157733293,0.006573003,0.033899534,1-110389-A-0.wav,dog,1
-275.1773,29.74922,66.93104,7.82018,1.3243299,5.0176177,14.663807,3.23426,5.7880425,3.3939836,8.978016,3.2103717,5.0572305,2.9794712,6.293785,3.0584843,3.4920566,2.824235,3.736088,2.468702,1.804164,2.4768128,2.0285108,2.8695145,0.5356702,2.417775,-203.44133,53.198795,65.12136,11.195785,-27.300863,24.206636,6.8105617,8.079324,5.753092,5.0254345,4.1834,9.297072,3.9895058,6.90266,4.574264,5.4341283,8.822028,6.885647,10.197249,5.3593025,1.8575807,3.5776424,-1.8348098,5.602188,-0.13142546,2.809493,-213.0168,45.84798,72.61229,10.054336,-15.239787,23.418224,11.532571,11.856983,7.5049195,4.2926846,7.6436605,5.378495,3.5440714,5.544804,4.5795784,5.1043105,4.1007986,5.1394672,6.7182207,5.5173388,2.2198677,3.7682586,0.44726795,3.9748392,-0.4287375,2.8164253,0.6218115,9.837553,0.10016257,1.615409,-0.035080526,4.0549283,0.053819753,1.5515996,-0.031167304,0.769957,0.018158752,1.3646679,0.021404514,1.1943711,0.013900643,0.8975134,-0.00075998734,0.9322419,0.0013302125,0.80983114,-0.01666514,0.5633244,0.028944999,0.7596315,0.00024377654,0.46576524,0.02854876,5.7646003,-0.0482972,1.5343375,0.036568318,2.28811,-0.021574285,0.87308073,0.0028080645,0.45440957,-0.0006688856,0.8566485,0.00320256,0.7381445,-0.007075826,0.61123896,-0.0054342817,0.6770196,-0.013036102,0.5448759,0.002893955,0.42470512,0.014122486,0.47937024,0.006220444,0.36372375,1099.5021974177882,311.50297652662204,1331.4546795556405,230.54823459888337,2123.606687898089,548.6744615636406,0.06809812898089172,0.052972206351788925,0.020872656,0.029896937,1-30226-A-0.wav,dog,1
-249.32184,83.6958,54.916233,20.356728,-6.080792,17.879864,-9.367755,12.6860285,-10.349213,15.21361,-9.560766,7.8867617,-7.5451155,5.043571,-12.188822,12.969454,-2.6443686,6.245964,-1.9213035,4.8367424,-2.8799586,5.281299,3.230157,3.2445,6.9963574,4.198779,-220.98671,78.28284,70.03291,20.293877,-6.6178784,20.403435,-12.012892,11.083855,-18.977198,13.029592,-15.113501,6.6186485,-6.1919,4.5719905,-13.024357,11.171287,-3.881785,6.2106895,1.1416178,4.569775,-7.6617846,5.7675242,-3.94135,3.8000364,5.072141,4.828362,-255.48686,70.70354,55.44229,26.145035,-6.7418537,18.917799,-7.5760493,14.920523,-14.993926,12.416433,-9.482892,8.824924,-3.0110965,6.3881354,-9.198856,9.168201,-0.8661239,7.067275,1.1381202,4.218633,-5.3667026,5.620385,-1.1240788,3.593778,5.8322883,2.7650628,0.66369265,19.213293,-0.11648045,4.3485246,-0.24018686,4.4744544,0.07392301,2.9713485,-0.11309212,3.1272614,0.0046160873,1.759826,0.06520054,1.1164148,-0.104975365,2.6663537,0.011381113,1.4210815,0.008330688,0.8516403,-0.035735868,1.1392432,-0.0032503316,0.6483069,0.006625139,0.80968934,-0.05818398,8.727324,-0.07224744,1.9995433,0.006515497,2.1604424,-0.01397357,1.2359141,-0.0041914047,1.2445202,0.030774144,0.8441525,-0.011587203,0.6633001,-0.0253658,1.0758213,0.0033082082,0.6873203,-0.002445089,0.613592,0.018805753,0.70690143,0.014957488,0.53322905,-0.016021974,0.563416,1254.4963792469293,430.6007386515965,1219.4726150926872,257.7379174980512,1975.4179936305732,900.6201485715344,0.10910131369426751,0.062197379943580114,0.047090128,0.07496771,1-30344-A-0.wav,dog,1
-222.60019,82.27899,47.176388,15.240699,-4.649196,22.557467,2.93689,9.397639,6.098849,7.614516,-1.2940425,10.178033,-3.1607816,7.8631225,-4.2169275,9.473349,-4.139397,9.650008,-0.2100354,3.7473588,2.128563,4.399401,10.062951,7.7234545,7.780747,6.910192,-205.26974,78.15368,47.182793,14.864265,-12.412439,22.640762,4.1434283,8.553114,7.5201273,7.7459207,-4.708549,9.952142,-6.761123,9.320871,-5.9744434,7.9942594,-6.842782,9.591892,2.3419852,3.050019,5.6466365,6.500469,10.943522,8.172312,6.039359,8.423304,-238.31349,48.038624,48.453686,17.207346,-10.305298,20.851751,3.2250173,7.593243,9.028307,5.7477694,-4.2513447,11.836192,-4.367249,7.254442,-4.0098195,7.1502323,-4.525135,8.751691,4.06677,4.6600175,7.2612314,5.779807,9.563772,6.6950693,4.378826,6.8685036,0.21218298,18.138752,-0.27040133,3.2210045,-0.1411263,4.9917374,-0.055072166,1.4310373,-0.0503182,1.5282553,0.0077529107,2.394978,0.03835061,1.866856,0.002753021,1.9112623,0.037867084,2.1443577,-0.006557574,0.65668076,0.04865445,0.88792944,0.10017173,1.3992579,0.1179252,1.2710865,-0.41707903,9.880014,-0.12002793,2.083231,0.053861167,3.1794372,-0.016500112,0.9594329,0.08148417,0.78285044,0.10813385,1.4923062,0.026161872,1.0181513,0.05968239,1.0672143,0.07993423,1.3356038,0.011319825,0.46197754,0.026059618,0.6712076,0.009739081,0.72443974,-0.014854234,0.6063417,1577.3408102839805,343.6811224113359,1653.0288691808664,399.6778030109434,3171.1783439490446,1138.1258120669777,0.1103640027866242,0.03944518385855766,0.05036518,0.1221708,1-32318-A-0.wav,dog,1
-190.73033,43.818573,107.88858,18.395313,-0.3343236,18.539452,0.4296896,10.939168,-12.823191,11.682848,-6.255781,6.6044054,-6.859604,6.9515758,-8.606291,6.3958178,-9.673737,7.1745872,-3.9462647,5.41482,-0.28845972,4.30768,-3.5902126,5.056206,-0.6234861,4.9665537,-233.39697,43.1528,91.57861,22.576591,10.074495,14.026429,1.8783616,12.173293,-6.8362775,12.288965,-3.3033597,8.000478,-2.4014509,5.409811,-3.2454987,6.5585814,-7.390953,6.884306,-0.47075728,5.5619173,1.9568648,4.132993,-2.455264,3.877213,1.4281871,3.811377,-215.01436,57.558968,81.37643,17.20359,-7.4955077,18.480282,5.8824916,8.685374,-4.816409,11.69492,-0.74803436,7.5877123,-0.43913126,7.583576,-2.3851447,5.16629,-5.9792795,6.3574357,-0.34371042,4.5786443,0.2041252,4.6382623,-5.266979,5.086814,0.6535432,4.9188533,-0.13870713,9.708763,-0.08549895,3.2932928,-0.015245158,3.1036367,-0.14676228,1.9765785,-0.15085097,2.2448583,-0.03376801,1.2226793,0.11538869,1.4124916,0.06431389,1.0706753,0.12489411,1.2838404,0.10494448,0.9533531,0.04156079,0.8042295,-0.0030903725,0.83143204,-0.067075565,0.8725498,-0.8714553,6.9635477,-0.13502517,1.7431333,0.30254593,2.5468144,0.069272846,1.0804302,0.1672067,1.4435478,0.03839298,0.67941767,0.091832034,0.94960326,0.076100826,0.8206993,0.072524086,0.9593765,-0.028523276,0.55362654,9.3427625e-05,0.5502181,-0.030330753,0.62340105,-0.03243827,0.68535703,891.7470079690174,248.80087340479488,1063.477664573837,412.4078144827224,1551.6520700636943,715.9311555242813,0.06589619824840764,0.018872494991349343,0.07380521,0.09740048,1-59513-A-0.wav,dog,1
-199.99966,61.849186,74.18727,12.461046,-39.493565,14.075587,-34.530685,8.934931,-19.607754,6.282338,-14.757981,9.061558,-6.9348755,3.098107,-11.080409,5.998939,0.08386317,4.931998,9.218872,4.1217127,4.5744367,4.744895,5.799906,4.3651056,5.1407366,4.5741324,-192.7114,52.337906,77.012314,14.339229,-41.32188,14.094274,-32.23031,7.695904,-19.572704,5.2723074,-14.967789,7.780113,-9.351971,2.8864512,-14.53358,5.648104,-0.2510303,5.8334413,8.958078,3.7643971,2.853769,5.514749,6.4158506,6.1697226,9.29838,4.4784636,-202.81313,39.411335,76.85193,11.760678,-31.611904,12.643486,-21.393791,10.567049,-19.048666,7.081995,-14.486918,8.191692,-9.147718,3.8010406,-11.343752,7.9987626,-6.9279366,5.5897675,4.750331,4.837536,3.667673,5.079882,1.8299887,7.669985,4.079903,5.3969016,-0.74894464,9.87537,0.09290535,2.127265,0.0040082266,2.607176,0.006265417,1.7297513,-0.03048265,1.0847268,0.04101522,1.4418855,-0.0028853887,0.49718595,-0.06417121,1.220463,0.03924303,0.78449994,0.018723538,0.71656543,0.012547751,0.88685477,0.062784225,0.9373365,0.052236162,0.70758873,-0.4210269,5.3724947,-0.07720223,1.1787702,0.15099736,1.2771463,0.06978048,1.0135119,0.025657788,0.59350616,0.04013483,0.8301082,-0.011938385,0.35719854,0.040923093,0.6212116,-0.04255376,0.51570725,-0.009050085,0.48285165,0.0217573,0.61857396,-0.061736513,0.6193563,-0.039596878,0.50394994,1190.6017699408849,261.66394712698343,1035.9932397320492,328.6247572614626,1816.0828025477706,789.7327543914499,0.09957205414012739,0.015161683215205599,0.052765258,0.055143025,1-85362-A-0.wav,dog,1
-234.81581,103.378815,42.45197,14.626667,-38.908333,29.212702,-15.13513,10.44587,-11.305271,8.890424,-10.664968,6.9188356,-3.114971,3.5411377,-3.2893062,4.6345887,-0.7307462,4.948244,-4.839902,4.0043464,-6.533925,5.237714,-2.750013,5.358648,0.005251536,4.301467,-264.92688,116.268585,27.2652,22.60322,-36.970097,31.412413,-14.009472,11.498363,-12.196362,10.998926,-8.9833,9.530884,2.235376,4.5575113,-1.130358,4.271621,-3.1799724,4.619589,-1.8033975,2.7799845,-2.5184598,2.9376266,-1.1939545,3.8789864,-2.5817742,3.8031876,-379.4358,6.1035156e-05,0.0,0.0,0.0,0.0,0.0,0.0,0.0,0.0,0.0,0.0,0.0,0.0,0.0,0.0,0.0,0.0,0.0,0.0,0.0,0.0,0.0,0.0,0.0,0.0,-0.92517865,15.786983,-0.16834386,2.0670195,0.13121174,3.8994327,0.07193888,1.5565345,0.06434327,1.3890792,0.041660417,1.0959996,-0.008095067,0.54167676,0.04228384,0.5948465,0.02443582,0.697311,0.047934506,0.4539943,0.010903673,0.58875173,0.016286777,0.57812285,0.0068922895,0.55589676,-1.0137447,8.705766,-0.08924352,1.0500014,0.19562504,1.7508702,0.03969598,0.74747634,0.044534676,0.6275568,0.034398686,0.5338012,0.010130164,0.32580665,0.017747225,0.38077834,-0.0015663706,0.49789572,0.0058065644,0.31047314,0.019147733,0.3645564,0.0034698225,0.3447625,-0.01528725,0.3527656,990.0186200843215,936.5928576661165,745.6570977936625,723.1808331164847,1616.8391719745223,1624.5737073164066,0.09110021894904459,0.09070664355561685,0.031220384,0.07388357,1-97392-A-0.wav,dog,1
-230.71582,97.24577,53.272224,38.40335,-14.614915,16.400461,-25.514128,19.416422,-5.0129347,8.637998,-9.549021,8.984577,-9.997786,10.488325,-0.7125831,6.7780795,-5.3300676,7.74326,-2.9095001,6.975814,-6.062661,5.964705,-0.065297715,4.815601,-2.3999991,5.4146423,-280.93063,91.08653,31.282116,38.105076,-4.783972,10.948093,-12.445044,14.366483,-8.414426,8.48978,-6.2423706,6.861702,-6.342853,9.969046,-2.3670905,5.3730054,-2.8917894,5.7253914,-3.563455,5.1190157,-5.194636,7.033896,-0.3341911,3.4828444,-1.3712846,3.886279,-244.57527,113.919685,39.342678,39.09918,-5.122134,10.187536,-13.577682,14.489687,-10.355525,10.671487,-7.6226807,8.193682,-9.639946,12.3677025,-0.15215597,4.096875,-5.333124,6.7158175,-5.6954374,6.5508623,-5.198692,6.7247014,-2.001925,4.1715484,-1.974855,4.525236,-0.51271164,25.029999,-0.0895306,8.644659,0.09675323,2.8635032,0.06274499,3.7433903,-0.023359396,2.1520805,0.038898114,1.8004905,0.12140411,2.6103456,0.030088559,1.0575702,0.061307687,1.4795924,0.080752656,1.3656455,0.031195119,1.496928,0.031309947,0.80307496,0.036876176,0.7700222,-0.7824772,11.609621,-0.41379786,3.6519735,0.108566105,1.5847933,0.10822125,1.5138453,-0.030053992,1.0864838,0.05371797,0.8328795,0.15597044,1.3927774,0.041650306,0.6303131,0.06438641,0.69692594,0.06566865,0.6835686,0.037646152,0.78363734,-0.013222359,0.50022084,0.06440479,0.5887018,1327.39211335887,964.2148480857724,1320.6708845388648,818.641845584867,2358.578821656051,2196.0697101033666,0.09706533638535032,0.07914303905742878,0.07388696,0.11802658,2-114280-A-0.wav,dog,2
-205.00331,98.8934,6.4331617,19.813486,-49.399075,28.609629,-11.01358,8.927005,-18.929722,14.538764,0.95017093,7.2571006,3.0504973,7.57044,8.789155,8.67069,0.40887737,6.32042,-10.260283,8.706351,-1.1596305,6.3184595,10.386674,8.148043,-0.016814036,6.754734,-192.17088,78.16669,2.0018823,19.818987,-49.777138,27.968912,-19.373714,10.888355,-30.259754,11.697026,-2.8817444,12.1386,10.2015705,9.322182,3.8379343,9.284063,3.4287171,8.687907,-4.8058357,6.1239123,-2.9668517,7.682967,3.8870149,8.726266,0.5754267,6.3795967,-196.33833,83.02871,13.239264,17.725517,-44.092922,25.789305,-24.333054,10.982566,-28.89217,11.464063,-1.6707361,8.042961,7.4671745,7.230845,-3.626548,8.029812,-0.011657535,8.156467,-1.3006585,6.130365,-1.2017486,6.3688836,-0.6969468,5.114556,-4.3419924,6.0788846,-1.2957166,20.021812,0.3274423,3.890193,0.21882479,6.4032493,0.026990727,2.4099896,-0.15667552,2.391758,-0.05781453,2.0245712,0.06354976,1.5982323,-0.14907342,1.3627288,-0.035727795,1.4051789,0.20962146,1.0740135,-0.022472844,1.1062183,-0.071699224,1.5132229,0.06954122,1.0134515,0.12530383,14.099893,0.09275811,2.9798446,0.14979425,3.7288194,0.075712934,1.452871,0.08447001,1.5043341,0.053016134,1.3775032,-0.017674359,1.3081998,-0.13785678,1.1628413,-0.1291671,1.2485474,0.024160506,0.86154026,0.03742249,0.81869465,-0.05278184,1.0568358,0.061142873,0.7515827,2288.729652940095,543.7979480231621,1530.3272910555042,271.13198872696114,3841.2619426751594,864.5490765992492,0.20428194665605096,0.08556460068960887,0.068740405,0.08842016,2-114587-A-0.wav,dog,2
-186.52933,75.968994,75.6332,22.027058,-13.595621,15.814298,-15.045701,14.5480795,0.53349835,4.8373656,-12.583246,11.630382,-9.331846,9.482191,-6.98019,7.337847,-1.2166731,6.151144,3.659513,5.307907,-0.48341602,5.0174704,7.4209137,5.7450233,8.088167,4.370834,-232.46329,86.33941,58.05418,20.401104,-8.17781,16.400183,-7.4098477,11.083348,0.5844401,5.547671,-4.664675,11.136989,-2.7913423,9.677219,-1.4982041,10.074721,4.5254793,5.7781157,3.970634,3.8431785,1.196764,6.0494943,8.36164,3.4417543,8.091329,2.8613765,-267.96637,65.71818,49.473194,19.108162,-4.979949,18.698238,-4.1081247,9.922769,1.8764297,5.794869,-1.2882886,10.542724,2.430278,6.5947633,2.8185296,7.515315,4.1540117,4.456566,3.671893,3.649781,2.2342145,3.9717863,8.924348,4.6744895,7.56675,4.7557607,0.6660304,14.615177,0.023416925,2.3621922,-0.14882937,2.7699184,-0.10507613,2.25351,-0.037703104,0.7277179,-0.09172938,2.0089445,-0.07942294,1.7524245,-0.042693935,1.2591635,-0.0045192637,0.8492793,0.0005560954,0.8106481,-0.005232061,0.7769089,-0.012866403,0.92424816,-0.023588711,0.69512635,0.23321445,8.3421335,-0.031503037,1.4366614,-0.05353075,1.7675816,-0.037338886,1.820213,-0.0014506892,0.49949822,-0.017243017,1.1580626,0.0029469337,0.9997484,0.028223444,0.60643995,0.03277344,0.5613007,0.014354891,0.55245817,-0.0046074996,0.56480485,-0.011981406,0.518849,-0.013302304,0.5065778,1160.2148244115294,278.63634218676424,1418.8835762764606,333.44528201282577,2161.922770700637,819.3233683678435,0.06490719546178345,0.03909180588937739,0.045937117,0.07187317,2-116400-A-0.wav,dog,2
-151.17836,77.85824,77.09506,16.579191,-9.117413,18.598585,-1.3791722,13.453132,2.0944548,10.593069,-0.17907698,6.785689,-1.2420387,11.124443,0.94102734,6.8065186,1.5213822,8.263776,0.69612974,7.1746535,0.8822399,5.3804526,4.454677,7.9144597,7.5777035,8.974371,-168.65643,74.83255,80.46041,12.118128,-0.0073682712,17.706957,1.2502021,15.526709,5.0638475,9.063295,0.10869041,8.054207,-4.758922,9.907827,5.9292674,4.091325,-3.7421708,8.433977,-1.2140409,5.0339794,3.3519568,5.5626874,-2.5426524,5.8181505,-5.945533,6.5396023,-87.3563,51.566483,79.01219,9.770528,-11.772565,14.003239,-15.708463,12.8670435,-8.648689,7.1525617,-8.028763,6.3823066,-3.156638,7.718183,-4.4565196,9.9793825,-1.0068836,7.247498,1.5311745,5.058244,0.45140624,6.0446024,2.8574717,6.5791664,0.43800634,10.516531,0.21980567,14.826134,-0.13581684,2.0965648,0.11459167,3.658881,0.06134121,2.6343021,0.07150213,1.5168698,-0.0046488494,1.2753605,-0.12105532,1.7131897,0.066144995,1.3036616,-0.030135274,1.1721532,-0.0394291,0.9810953,-0.02486263,1.0183233,-0.1316083,0.81420875,-0.14265749,1.3788066,-1.1517372,11.811656,0.019871635,1.6508647,0.31255597,2.7045565,0.18410605,2.031771,0.13956691,1.3248365,0.10080894,0.8719286,0.044074275,1.1648363,-0.02525052,1.0971175,-0.03165593,0.91145146,0.023857245,0.6631977,0.0177584,0.7896918,-0.049470007,0.6172231,-0.016860187,1.1499366,952.8696822846233,306.27443997286815,1186.8946485542074,214.4294589497168,1554.3391719745223,566.5947748993661,0.06455264729299363,0.034694164004111246,0.16549182,0.14190616,2-117271-A-0.wav,dog,2
-244.5731,100.77307,46.42957,37.236572,1.8265374,16.4869,-10.1331415,26.440338,0.6399377,5.3415318,2.7848704,5.9413,-0.14946964,7.9314756,6.1723,5.819418,4.3358545,3.710274,6.3478703,4.8899393,0.29811567,4.961717,6.225492,5.183367,1.0193839,4.5666184,-366.512,0.0035628236,0.00070504466,0.005035026,0.00070341345,0.0050233766,0.0007006978,0.0050039827,0.0006968693,0.0049766432,0.00069203094,0.00494209,0.0006860932,0.0048996843,0.00067909743,0.0048497245,0.0006712107,0.004793403,0.00066197716,0.0047274614,0.0006518789,0.004655346,0.0006407754,0.004576052,0.00062865485,0.004489494,-366.51245,9.1552734e-05,0.0,0.0,0.0,0.0,0.0,0.0,0.0,0.0,0.0,0.0,0.0,0.0,0.0,0.0,0.0,0.0,0.0,0.0,0.0,0.0,0.0,0.0,0.0,0.0,-0.77811795,6.7760267,-0.15017986,2.434445,-0.06987734,1.8404527,0.0073458194,2.7246585,-0.037608664,0.47475103,-0.07421066,0.53776616,-0.047482517,0.675724,-0.03994936,0.50812566,-0.012324291,0.39135027,-0.060025502,0.4637866,-0.004356666,0.44403562,-0.03639377,0.4729016,0.013352777,0.4538091,0.01957337,3.4406698,-0.022154823,0.92842233,-0.0145791415,1.3892125,-0.0064519164,1.6977073,0.025764465,0.30554512,0.043704357,0.54942983,0.014274164,0.29960677,0.003154627,0.4769908,-0.038138293,0.32924563,-0.011572561,0.39051738,-0.01953347,0.2495605,0.0055024154,0.32045552,-0.005363862,0.35744473,480.2160412092657,740.8838897650921,725.9036770369356,1006.3407661461187,1081.5087579617834,1906.261680350278,0.014026423168789808,0.030310265007737314,0.023305444,0.07647939,2-118072-A-0.wav,dog,2
-153.92409,150.98827,41.459835,28.873375,-11.80482,16.632545,-7.234362,11.769781,-7.2636957,8.6521845,-0.9410725,6.051758,-1.440125,5.150749,0.9853434,3.4804614,-1.3179309,5.143228,3.182678,4.3904133,-0.069133945,4.289678,-1.5643451,4.6078563,-1.1752484,4.5436864,-333.21674,0.49466705,0.38841337,0.6990366,0.38751477,0.69741935,0.3860187,0.69472677,0.38392746,0.6909631,0.38124403,0.6861338,0.3779729,0.68024665,0.37411892,0.6733105,0.36967736,0.6653383,0.36468723,0.6563361,0.35912403,0.6463238,0.3530071,0.6353151,0.34634596,0.6233268,-333.4916,3.0517578e-05,0.0,0.0,0.0,0.0,0.0,0.0,0.0,0.0,0.0,0.0,0.0,0.0,0.0,0.0,-1.2979902e-05,0.0,0.0,0.0,0.0,0.0,0.0,0.0,0.0,0.0,0.07240639,12.41273,-0.36504632,2.0827157,-0.116439015,1.660752,-0.016734986,1.1776836,0.03327858,0.7596762,0.01741173,0.38269612,0.025419798,0.4762323,-8.814844e-05,0.32150832,-0.012567205,0.3988257,-0.019725386,0.4683175,-0.032814942,0.395344,0.00069900864,0.349891,0.0055940654,0.38007268,-0.3695284,4.008245,-0.04121643,1.3571787,0.07760273,0.726695,-0.030145785,0.6535177,0.016724816,0.30740178,0.010291874,0.39007682,0.014690845,0.32559088,-0.0030275716,0.17986003,0.02554066,0.33221728,0.01836811,0.26657006,0.0039077685,0.15780038,0.007997322,0.20316567,0.0037341483,0.2866103,653.6932768620421,820.7595232446515,930.4556697780316,1034.440655681572,1396.7953821656051,2117.8837719777875,0.02655379179936306,0.048602325960598075,0.074153095,0.18525097,2-118964-A-0.wav,dog,2
-202.31885,54.885525,100.15408,11.524512,-5.382336,10.648943,-24.883558,8.516535,-11.702552,7.9496975,-10.148127,10.669451,-5.9918795,6.8819094,-11.859422,8.215231,-3.979497,4.5960193,1.2222378,5.5500293,0.1494131,2.8133645,-0.053856317,4.678464,-4.157264,4.072258,-260.56088,43.703754,91.15604,9.921217,4.5967665,13.37374,-15.738723,6.315755,-4.0978336,8.224805,1.3074551,9.260545,-0.4160716,5.582657,-2.4629266,3.9977307,-0.40366703,3.4806168,0.98052245,2.492492,0.23012742,2.4477649,-0.8456786,2.4367626,-2.494567,3.2963557,-229.78885,60.69051,91.23097,9.090112,-5.2429585,17.92706,-16.938547,9.544531,-5.1112957,9.079911,-4.982104,11.181957,-1.845299,7.0026836,-3.6447465,5.4497404,-4.5658565,4.6911883,-1.4998415,3.8166595,-0.7779209,2.911913,-1.3041258,2.7261198,-1.2297702,2.989556,0.021832412,10.498528,0.082019076,1.5484248,0.06238002,2.4690716,0.0060268817,1.6603118,-0.008776561,1.7421634,-0.008804418,1.8641219,-0.01088683,0.9817856,-0.019144654,1.0966575,-0.049773056,0.6752072,-0.027416702,0.8303472,2.8192617e-05,0.38162065,-0.0018691568,0.536151,0.00468631,0.60080135,0.061116874,5.368739,0.020454649,1.0622784,-0.0016964674,1.1800834,-0.0028969494,0.9149597,-0.0259362,1.0666401,-0.0021750336,1.0089889,0.030626325,0.6008961,-0.0048496327,0.66480947,-0.029071571,0.5959337,-0.017138632,0.5248997,-0.002548476,0.31794137,-0.0056128944,0.47943828,-0.020293757,0.42647165,801.4228669239171,111.78692977441094,928.7766075929371,128.61407843016403,1186.2062101910828,136.71653812404924,0.06702826433121019,0.01850868419298967,0.04222805,0.05951626,2-122104-A-0.wav,dog,2
-211.36304,56.850613,90.59985,13.198499,-4.234621,17.909655,-22.348701,12.034289,-9.530521,7.803647,-5.236896,7.9980903,-5.060957,5.5308867,-5.394209,6.5178976,-3.5046496,7.739391,0.6315073,5.6927643,-3.0605702,5.0795407,1.4780456,3.8840394,-2.805369,5.3528385,-244.77948,47.731976,79.57781,7.883534,0.095242135,21.543606,-14.262634,8.137353,-2.8109298,5.03703,1.2726619,5.974872,2.1265059,3.6071455,1.4723847,3.1887922,-2.9036038,6.264403,-2.3899057,4.7239237,-0.37942424,2.8193974,0.39510366,3.5371275,1.6190401,3.6071527,-219.583,59.112617,86.35128,10.303386,-3.2644763,19.93153,-18.78053,9.604495,-7.0087843,8.277105,-2.3804824,7.7667823,-2.0266318,4.2792525,0.1038236,3.6832216,-1.2264032,7.503269,-1.5619884,6.050512,-3.2705588,4.2752447,-0.7996441,4.5104427,-1.5513144,5.3064866,0.47613895,10.073141,0.056245275,1.6750048,-0.12796696,3.3623712,-0.066391736,1.7574939,-0.021673303,1.4246637,-0.016819462,1.2348357,0.0103204725,0.6518516,-0.0147735225,0.74755627,-0.058528032,1.3658905,-0.011673041,1.046128,0.014204897,0.6505592,0.012963198,0.61649936,0.021835871,0.8541956,-0.012715273,5.012707,-0.11585089,1.1806419,-0.02733849,1.6653557,0.0013284596,0.910116,0.025005557,0.90113205,0.038483787,0.6875313,0.0188216,0.380242,-0.00536706,0.55708176,0.008598428,0.70994306,0.013805856,0.56199145,-0.007063962,0.4260137,-0.008395696,0.36964503,0.013291751,0.48561785,868.6595905181559,134.07629932147677,968.0303483430032,144.0717933930384,1258.3598726114649,148.62494097318637,0.07704891520700637,0.024007028091634883,0.04551002,0.07820005,2-122104-B-0.wav,dog,2
-123.564156,25.348742,69.78427,13.980539,-18.034163,12.906694,-2.4229796,9.247808,-4.508374,7.8850846,8.555434,8.591859,11.949515,9.378884,8.08065,4.2611957,-4.096908,4.249658,8.638982,7.1810875,10.60473,4.4721484,-1.491581,5.49194,-5.722023,4.2291517,-182.8696,32.14569,81.09345,14.425181,-0.06913794,18.332304,7.7159324,8.8317,-3.1760848,8.486561,5.088603,4.8270907,10.839594,9.521571,12.098445,9.964964,2.672404,5.7691116,2.6620023,9.804975,7.0558033,6.962977,5.0172353,3.322195,2.8706357,6.6249156,-211.31242,102.72553,55.519226,22.486244,-10.94145,19.288723,1.6788019,7.031662,-4.730497,7.4341617,8.849872,4.8268733,10.695974,8.914778,9.811658,8.068519,-3.2120113,4.834607,3.7183375,6.9679446,14.963234,7.63922,9.008249,5.6761756,-2.5571043,7.126815,-1.5770067,6.864931,-0.4465725,2.5638995,-0.16849935,2.6632173,-0.1396249,1.4640328,0.011974573,1.1728367,-0.11429153,1.0194291,0.012569476,1.5914673,-0.04430633,1.4179975,-0.01459115,0.85966027,0.033957124,1.6195838,-0.041472524,1.1461363,-0.025767563,0.88033974,-0.019795248,1.0431885,-0.14125925,2.687802,-0.035972737,1.184691,0.0888066,1.2144883,0.043632068,0.70750743,-0.044535305,0.66784865,-0.031822395,0.62197846,-0.05678485,0.9280316,-0.0055046054,0.7235664,-0.00049360545,0.5788199,-0.02965075,0.72853315,-0.022645878,0.6686616,-0.01711202,0.49853227,0.018801743,0.56960034,1301.360170190109,489.6237568064172,1363.1663320360897,391.935195836542,2388.6345541401274,1220.1485398522684,0.10403189689490445,0.049416066244067434,0.045586016,0.028384447,3-136288-A-0.wav,dog,3
-54.051697,61.307693,50.0296,17.856033,-39.812584,8.64747,-12.2697735,6.64611,-11.820109,8.571295,-8.896076,8.951255,-9.777549,6.1771045,-3.7601485,5.654665,-2.8793974,7.376955,0.60963416,6.8127193,0.6367412,5.177733,0.020195425,5.250784,0.7576956,6.190925,-81.4638,82.21577,75.17758,13.856342,-30.767387,11.517312,-10.13652,6.1073027,-11.539263,4.769158,-15.097034,6.3204494,-8.811683,4.8371563,-4.8719015,3.7410545,-1.3755898,4.999883,-3.24225,3.7574134,2.199184,3.399097,4.5634904,3.6317105,2.5835614,5.240372,-111.066765,88.84109,68.97311,12.41736,-26.10832,14.201241,-7.1717334,7.645736,-11.053297,6.3650327,-9.91503,7.916823,-3.9242606,7.9472,-3.5279691,4.9399166,-1.7405944,3.7394936,-3.674147,4.42944,0.042261083,5.641382,1.6875703,3.746012,3.7356565,3.5433369,1.1738441,17.348368,-0.07981715,2.791655,0.067131154,2.0828497,0.04930372,1.3640116,0.09944635,0.9812265,0.1257935,1.5364188,-0.04571681,1.054926,-0.106995665,0.93550444,-0.09497959,1.06492,-0.047054566,1.0336746,0.03511761,0.7869179,0.051468916,0.6074323,-0.029075835,0.8870103,0.118018955,12.637761,0.03379465,1.9481949,-0.026216142,1.7285409,-0.032611314,1.0359702,0.037889242,0.80312467,-0.024451759,1.0884309,0.025631012,0.7015882,0.033228632,0.5527547,-0.010464406,0.67131305,0.0133177275,0.6045382,0.03135318,0.5119006,-0.009915545,0.43989697,0.013230618,0.6432296,1417.9956188298497,316.92869798801115,1241.2230460157716,205.83155984030188,2391.6202229299365,637.6132734518288,0.11318172770700637,0.02978669793143225,0.25248396,0.2239396,3-144028-A-0.wav,dog,3
-144.74744,69.27631,72.136375,12.677737,-60.574444,23.347261,-15.956752,11.390383,-28.469063,13.740477,-17.052452,10.332596,-19.669212,5.070339,-7.0885954,5.31774,-11.202061,5.0207167,0.6667582,7.239916,8.293655,7.853366,1.2962235,6.2425313,7.775943,9.203907,-220.45494,99.11907,56.449425,25.447796,-20.30933,38.87206,-4.038205,8.188742,-16.456764,15.448632,-11.651774,5.098021,-14.0402975,7.1903977,-4.6821833,5.322858,-4.8976283,4.6160555,-1.8982484,4.676169,2.69774,3.753108,-0.25681236,4.013994,0.69185615,6.2578225,-213.04294,92.06681,62.222015,23.033092,-23.558306,37.43934,-7.900595,6.185769,-14.670168,17.235546,-8.475282,6.529848,-11.471608,8.19773,-3.2521996,4.2482457,-5.6234407,4.565102,-5.047266,5.05335,0.01914387,4.125478,1.4494557,3.2736013,4.6503205,4.725948,-1.2340188,18.301943,-0.12950635,3.681288,0.58978164,7.0897384,-0.08670608,1.986522,0.06793796,3.6628761,-0.006303198,1.7604176,0.03794105,1.5104562,0.018878581,0.92456526,0.072475016,0.9208433,-0.05832305,1.1844456,-0.10889587,1.0650465,0.0024932357,0.8788746,-0.0067648613,1.2657956,-0.5463872,9.400723,-0.06298364,1.6965356,0.18444869,3.4978168,-0.023137521,1.2123574,0.10248028,1.7374456,0.012563239,1.1704565,0.05034022,0.72504604,-0.036567852,0.6926904,-0.019013349,0.535213,-0.022987068,0.79540646,-0.024574433,0.7908431,-0.035987187,0.64447296,-0.063593835,0.72292626,1257.2433850436712,251.3847233886549,996.9342203859396,304.1778518478563,2245.123407643312,718.9551889316411,0.10824915406050956,0.023155682987619594,0.10703959,0.13544053,3-155312-A-0.wav,dog,3
-252.49854,104.60736,37.834385,32.696922,-6.3378367,16.877092,-10.769587,14.621015,-3.4412634,7.736053,-15.285337,14.419276,-15.090483,13.829107,-3.9197047,4.5177207,-5.5846434,6.269051,-2.485957,3.9607365,-6.988361,6.6892724,-4.0725026,5.743085,-3.2594907,5.477885,-285.85165,101.532364,21.539387,29.495028,-5.631235,14.479877,-6.2832265,12.442793,-0.6480596,3.6153395,-9.301759,13.90634,-9.742087,13.484785,-2.0969954,4.086281,-3.3888636,5.072595,-2.04641,3.4325974,-3.3297243,4.99611,-2.77382,4.3555613,-1.7113811,3.9067168,-240.43361,112.70418,34.08816,30.093777,-11.191245,17.20996,-8.86095,12.5963,-1.9370302,4.3865066,-17.991524,16.765333,-16.430922,14.353263,-2.0445461,5.6672754,-6.547047,6.3248343,-3.649182,4.224099,-5.1582937,5.2818656,-3.9695878,5.3885765,-0.26399824,4.404792,-0.51144546,23.055231,0.05366023,5.9716964,0.10888184,3.2996387,0.054997973,2.6662488,0.019937737,0.89167345,0.07441243,3.2592502,0.03239826,2.9399009,-0.009250083,0.756113,0.018910596,1.1234328,0.034477226,0.76045144,-0.025644394,1.0693393,-0.024736747,1.0160779,-0.026654657,0.69079214,-0.5835036,20.390127,-0.18336852,4.748033,0.08904068,3.1469183,0.08082147,2.5465655,-0.024450276,0.60064596,0.084729604,2.7371085,0.055764113,2.3867195,0.03750268,0.60525066,0.052369446,0.93179446,0.038439173,0.5288908,-0.00011846784,0.84922653,0.027253253,0.83114773,-0.03383601,0.69308954,2333.526052624759,1348.6607002800554,1930.4771812665463,713.3238570103601,4273.6863057324845,2553.3638332544197,0.2724298367834395,0.23545134549232796,0.05418763,0.08350053,3-157695-A-0.wav,dog,3
-223.91586,85.37573,56.932137,6.400183,-25.73874,30.259352,-9.192828,22.271412,8.194031,5.3253427,-0.32832962,10.075114,4.9995317,4.545929,6.7454424,7.027843,3.2370915,5.0211515,-0.9679318,5.672574,1.9577527,3.2094238,2.5874255,3.586052,-0.04145923,3.1108496,-390.27878,39.16288,9.961129,20.436275,1.6578807,3.513501,2.2341135,4.8005466,0.74350005,1.7385945,1.6405367,3.4566677,1.2917129,2.8136919,0.258689,1.4935812,0.45143038,1.2281965,1.0107738,2.2359917,0.46984774,1.2804316,0.82677436,2.0053766,0.3434715,1.1368558,-409.36844,9.1552734e-05,0.0,0.0,0.0,0.0,0.0,0.0,0.0,0.0,0.0,0.0,0.0,0.0,0.0,0.0,1.2979902e-05,0.0,0.0,0.0,0.0,0.0,0.0,0.0,0.0,0.0,-0.6847125,9.65075,-0.3322391,1.6253146,-0.003176598,2.8501048,-0.05210229,2.0676951,-0.029013166,0.6423535,-0.04384738,1.1756799,-0.030295433,0.5338639,-0.013315584,0.6652833,-0.0049202517,0.64131355,-0.04915306,0.59787655,-0.042586796,0.36833698,-0.031291116,0.40934056,-0.012059773,0.2999818,-0.022709891,4.7010593,0.014594548,0.84398043,-0.0013237972,1.2233613,-0.0068545705,0.877251,-0.0064212964,0.30535105,-0.010263374,0.59667265,0.004313499,0.38858452,-0.00078442297,0.28514192,0.0009712717,0.37271652,-0.0077604717,0.34582847,0.0012896729,0.2507247,0.002214286,0.26891518,-0.008716506,0.22357158,593.6740478384049,750.4524698602362,633.4199580581187,805.8663802460871,1121.6162420382166,1470.5268998828924,0.04194864649681529,0.06189521121735999,0.014403762,0.04404516,3-163459-A-0.wav,dog,3
-313.71332,78.481346,44.950344,14.423957,-4.804134,34.269825,2.7857554,16.467901,-3.4554331,14.166528,-4.3493137,11.465792,0.6108974,5.6476135,-3.2115202,5.6861234,0.6935349,5.590312,5.5212736,7.3110576,5.4532876,8.740256,2.4485312,4.9339833,0.58344567,7.7524266,-379.01907,35.52786,22.874004,19.583027,4.5330586,10.83124,5.1650896,6.8573594,4.112249,5.048744,1.4332147,9.238881,3.5335753,4.0891194,4.1650205,3.173722,3.497594,4.5368934,5.758217,5.6217294,6.8627725,6.1864514,4.664193,3.3426223,2.2990365,5.0827703,-409.42596,3.0517578e-05,0.0,0.0,0.0,0.0,0.0,0.0,0.0,0.0,0.0,0.0,0.0,0.0,0.0,0.0,0.0,0.0,0.0,0.0,0.0,0.0,0.0,0.0,0.0,0.0,-0.28050032,9.697016,-0.21115178,2.2889125,-0.11412545,3.340823,-0.123325795,1.8495901,-0.049484357,1.3850482,-0.050892327,1.5522571,-0.03985074,0.68578047,0.0144214025,0.70783496,-0.008878414,0.6613926,-0.015891284,0.6566738,0.021873295,0.7607969,0.027314272,0.4652822,-0.00041055377,0.6790112,-0.08535201,4.5700307,-0.10935959,1.4099056,0.046363786,1.3085446,0.12017215,1.0291802,0.02098571,0.65094024,-0.00025504865,0.8297076,0.023621216,0.40327394,-0.010368169,0.37442502,-0.03010756,0.44809422,-0.037733544,0.4235292,-0.018337473,0.3862316,-0.0006154502,0.30829623,-0.0073451055,0.33340225,813.1925380999644,745.805761079487,1133.0730028258624,939.8546838721871,1840.9633757961783,1904.490827741123,0.030833250398089172,0.04414744513846195,0.0050746435,0.019783229,3-170015-A-0.wav,dog,3
-243.43558,113.162544,51.85175,36.549343,-29.632456,30.510994,-28.628971,22.67495,-14.668837,11.844851,1.0451845,3.654478,0.9841099,5.0266647,5.2502284,6.5300074,3.792286,5.323732,2.528149,4.284436,2.0488186,3.679004,3.3847454,4.977955,-0.63022417,5.069497,-213.66148,106.92175,60.646233,31.910725,-34.01864,32.82219,-27.011484,19.957706,-14.72442,8.929958,-2.6785152,5.1876497,-4.9276047,6.075466,0.04535471,9.190904,3.1551895,5.828704,3.3142347,5.073418,0.73057103,5.2216687,-1.2680448,5.152767,-6.4985046,4.9203997,-235.28925,97.86621,63.943653,38.3082,-27.746487,28.831411,-27.67171,18.582504,-16.35112,12.176691,-0.9585479,4.726721,-3.4757788,5.8868227,-1.6467252,8.979714,1.545983,3.6033962,1.1177367,3.845393,1.7212473,3.1774652,2.454238,5.372621,-2.3586707,5.299481,0.38023028,18.53848,0.49277583,5.5885625,0.13260204,5.2963243,-0.14622933,3.0993662,-0.124539696,1.8527955,-0.06356902,0.81180906,-0.06370471,0.94923985,-0.07555655,1.4492769,-0.047996297,0.9814687,-0.015945168,0.7131179,0.042173374,0.72799426,0.059354346,1.0599641,0.007608657,1.025059,-0.21707723,7.499245,-0.155186,2.376162,0.069843866,2.008025,0.059339426,1.0459653,0.014074843,0.8122975,0.006776002,0.55634785,0.0038132668,0.6427112,-0.0142914895,0.77316964,-0.039510585,0.7117387,0.0017236797,0.6103574,-0.003224477,0.40696684,-0.044614557,0.64164543,-0.0003291209,0.4973922,1330.3668891904338,725.5458236573301,1074.9247773071295,716.4315672474585,2201.5326433121018,1752.3657738507545,0.1175296078821656,0.050481663792023714,0.073313765,0.08256769,3-180256-A-0.wav,dog,3
-61.78028,70.620026,42.63453,15.417452,-26.068727,13.766133,-12.549266,13.0057955,-13.127344,6.9729757,1.9022651,7.4514318,8.531266,5.6531615,6.974945,6.487604,1.690936,5.320044,0.14693311,5.334038,-1.2304752,4.4554157,-1.7699201,4.686781,-1.9690132,4.4557753,-91.83419,77.86164,44.099045,18.489357,-22.553267,10.689411,-2.8699465,16.160387,-8.433721,7.3491597,2.759067,7.064273,7.4827695,6.261153,4.749915,5.8719535,3.6165047,4.5566845,-0.8323888,4.320903,-1.9506875,3.826773,0.1902292,3.7028353,-0.060335472,3.7641764,-117.45225,76.060165,46.407845,17.029287,-24.03043,13.498593,-3.8015397,14.293712,-8.213608,8.251463,1.228046,6.7054987,4.571205,4.6904926,5.0552306,6.992015,6.257938,5.5135465,0.14962329,4.0279403,-2.5569513,3.342238,-1.2283138,3.01517,-1.8644581,3.0672183,-0.41291532,15.936593,-0.24783768,2.978343,-0.11678856,2.5229566,0.079853155,2.8823066,0.028922914,1.3887255,0.0109376935,1.5079926,-0.061581206,1.1413223,-0.0025761477,1.2448674,0.051569764,1.0335346,0.02524074,0.7727948,-0.0012123691,0.6214452,0.01510861,0.68728095,-0.014394247,0.6254416,-0.92412454,9.355851,0.094398424,2.223738,0.14348578,1.4896654,0.1093027,1.382822,0.058691315,0.7900617,0.055728815,1.0503904,-0.024672888,0.7226898,-0.0025176243,0.7569885,0.024305103,0.6573645,-0.028394219,0.6246164,0.028867569,0.4719577,0.009925947,0.46739924,-0.005340475,0.4515565,1887.8736646411862,441.5350276553493,1588.6557722064706,200.23732713730544,3349.124203821656,785.5667234106206,0.16031797372611464,0.061155978356584255,0.18150833,0.20080659,3-180977-A-0.wav,dog,3
-317.76126,90.43762,44.989456,47.42032,15.447356,17.063963,-6.525295,16.63298,-0.17152724,3.1329353,0.5156401,2.648109,-3.791879,5.751184,-3.4956477,4.800941,-2.8119433,5.660227,3.164733,4.1583824,2.1771212,3.4098504,-1.5550576,4.583933,-1.2269429,2.7467158,-389.3275,3.0517578e-05,0.0,0.0,0.0,0.0,0.0,0.0,0.0,0.0,0.0,0.0,0.0,0.0,0.0,0.0,0.0,0.0,0.0,0.0,0.0,0.0,0.0,0.0,0.0,0.0,-389.32755,6.1035156e-05,0.0,0.0,0.0,0.0,0.0,0.0,0.0,0.0,0.0,0.0,0.0,0.0,0.0,0.0,0.0,0.0,0.0,0.0,0.0,0.0,0.0,0.0,0.0,0.0,-9.637476e-08,8.491192,0.0,3.952595,-6.074359e-09,1.6271682,-7.5929485e-09,1.6812775,3.7964742e-10,0.2726586,3.7964742e-10,0.29680404,1.5185897e-09,0.5903366,1.5185897e-09,0.40316382,-3.0371794e-09,0.5442735,0.0,0.31472456,-7.5929485e-10,0.31820926,0.0,0.4715573,1.8982371e-10,0.23507065,-6.793231e-07,3.0137246,-6.074359e-09,1.6901017,-6.074359e-09,0.8782411,-6.074359e-09,0.7883012,-1.5185897e-09,0.18482028,0.0,0.20039214,1.5185897e-09,0.254579,0.0,0.2343833,0.0,0.28734538,1.5185897e-09,0.1696804,1.5185897e-09,0.15747781,0.0,0.24367553,0.0,0.16004056,223.04805667076172,578.8604482136851,293.45353852316526,658.7917216852184,363.15684713375794,1101.9108100481847,0.01507140724522293,0.03748352496936436,0.0086448435,0.035465524,4-182395-A-0.wav,dog,4
-223.91823,72.80222,85.389435,16.50999,-3.122972,16.353773,-1.5883058,15.700601,0.61324114,10.520476,-10.227741,12.0836115,-4.364307,6.676492,-7.5859547,7.454788,-2.5331233,3.2732153,2.2686973,3.0438597,2.3475945,4.3582015,-2.499294,5.531474,0.8333355,4.7155023,-276.38544,8.819743,75.34583,5.000594,7.614485,5.4515696,14.895739,3.6016636,12.374059,4.9988465,0.39360234,3.3265376,-2.6672099,2.9903088,-3.1383562,3.599472,-2.1197867,2.9248595,0.94393337,2.5980034,-0.85396665,1.9043279,-0.42093235,3.0168824,2.0958323,2.5157259,-239.21823,66.94826,86.12299,12.192905,4.3672338,15.229284,2.7728324,15.820171,4.4741626,11.43658,-6.416302,12.450911,-5.3464217,5.8694034,-5.404993,5.444371,-2.3879106,4.3305755,-1.5920191,3.4561574,-0.6941427,3.809987,-1.9664357,5.225996,0.64151186,3.1193817,-0.04284172,9.290548,-0.018230502,1.535022,0.026276642,2.2965999,-0.012151658,1.9413109,-0.00020787974,1.4601171,0.033121776,1.5794556,-0.01943125,0.77187306,-0.0153924525,0.87281334,0.01996871,0.6038396,-0.013064395,0.42789507,-0.0089458665,0.57466143,0.023276316,0.7888319,0.003655016,0.714445,-0.0029547138,5.4643645,-0.03002977,0.9180595,-0.016784811,1.2221553,0.010437685,1.1571579,0.00037913868,0.78030014,-0.0011105462,1.1949453,-0.006761844,0.57584935,-0.0014306466,0.51113534,-0.00065972575,0.5073913,-0.022439605,0.4459526,-0.023169272,0.38857147,-0.01446882,0.6442968,-0.00910077,0.4487613,879.3441495597192,159.00513873187398,1162.491511614099,217.1821664773881,1587.1815286624203,424.2664415490969,0.05603105095541401,0.015349433422346029,0.029284555,0.051807,4-183992-A-0.wav,dog,4
-265.89447,99.925865,55.931683,18.269993,-22.486315,28.658903,-14.395323,11.899556,1.3189698,12.538234,2.121791,13.675247,4.4507484,6.8890886,1.6091106,8.609767,7.774187,5.6295166,9.999603,4.4552817,11.610993,5.860226,3.9028869,3.9758022,0.92977774,5.1728377,-265.19238,90.40597,65.887955,13.476679,-18.331242,29.143606,-16.264,10.529903,-0.97738814,10.865538,5.351094,12.332088,6.363635,6.9710402,4.127818,6.5151114,8.467492,3.9748116,5.4914246,5.0401316,9.376262,5.308111,7.448796,4.012659,6.626938,4.0033226,-248.60599,91.84409,43.189556,17.162817,-44.626534,30.70593,-18.522602,10.862467,-3.3083355,9.608817,-6.097377,13.049629,1.8426079,6.0185556,-1.0699731,9.075585,8.1869545,8.208793,11.396794,8.257773,7.884164,7.916607,1.971986,7.4770465,2.4220679,4.2788353,0.31705043,21.812258,0.28935975,3.1316035,-0.12723903,6.785562,-0.033002354,2.362591,0.1320949,2.5580757,0.08288324,2.9781616,-0.0036134233,1.3155371,0.040835764,1.7590421,0.08300868,0.9475593,0.0809983,1.0357945,0.043138012,1.2158587,0.027040567,0.98004436,0.02099199,0.8635832,-0.44251546,14.2579775,0.022747884,1.6605717,0.12062668,3.999979,0.058830395,1.7546204,0.066493146,1.9631853,0.025914442,2.1511478,-0.002591805,0.941451,-0.010943237,1.2294064,-0.05495033,0.664771,-0.074469484,0.72942066,-0.04550716,0.7073222,-0.008137585,0.5746136,-0.011044853,0.61201966,1327.5934359707594,461.9219094047289,1295.6790735015875,379.8397473718851,2204.916401273885,1019.7696362145572,0.10151895899681529,0.05419481616098412,0.040349346,0.061814547,4-184575-A-0.wav,dog,4
-238.1022,91.08166,46.784573,36.349335,-4.24767,15.6249485,-7.0851564,8.3775625,-5.341852,7.386135,-6.8251987,8.92436,-2.99765,6.176702,0.6508592,3.5451365,-2.4294927,6.799965,1.7729061,3.229035,1.8641412,3.1336248,-1.7755598,5.958269,4.8272986,5.004995,-238.91214,97.69986,44.26036,30.964794,-8.730447,18.718271,-7.70741,9.478107,-5.333652,7.6683517,-3.7441125,7.3891053,0.7173976,6.06351,2.5851216,4.7618423,-4.9308777,8.717701,2.15359,4.025698,0.8144057,4.8188257,-4.4188266,6.7019672,2.5811028,4.7100616,-255.48386,97.93547,35.149033,32.32011,-9.310263,18.03691,-6.5244665,9.482962,-3.5322595,6.1690774,-2.5341363,5.9008737,-0.90313596,6.4979625,1.1623987,4.79608,-3.8951237,8.46983,2.4967363,3.5732284,1.5194914,4.064129,-1.3736771,5.2441506,5.1530757,4.476148,0.15832794,20.589203,0.044280108,6.098456,0.05985288,3.7569153,0.034057774,1.8073108,0.029467577,1.555184,0.028649537,1.5565419,-0.0065397364,1.3105496,0.019426053,0.7987968,0.02408427,1.6274841,0.02360764,0.56344336,0.015983842,0.7583682,0.015374591,1.106565,0.011747637,0.80960464,0.20257907,8.9821205,0.06834301,2.5542305,0.012141367,1.8323067,-0.006816629,0.89124674,0.010499162,0.78520894,0.009475965,0.755305,-0.020824913,0.74299353,-0.0017440262,0.50375634,-0.0027629684,0.72103995,0.012853191,0.39756262,0.010229675,0.4984689,-0.0075535537,0.5646854,-0.0010373569,0.5248163,1244.278380935187,665.1642364877443,1427.2981847850444,740.6075608193205,2508.6584394904457,1831.9775527169734,0.06816033041401273,0.05085007217491066,0.058919057,0.11375755,4-191687-A-0.wav,dog,4
-227.76863,81.25686,60.30049,22.880272,6.0312595,30.759857,2.779563,16.05972,-10.105983,20.867216,-1.3585076,6.4217854,-5.2639904,8.041753,-11.232112,10.510232,0.5746245,7.1176805,-4.2781134,5.582204,0.65998006,7.1132135,4.772252,9.99195,2.9040449,8.8496,-245.66803,83.633934,46.735268,29.024162,-2.2140527,20.913885,-4.882426,14.515899,-12.192495,18.61395,-3.1972823,10.016762,-1.0235741,7.3196993,-6.333812,10.405953,2.111317,4.6300497,-2.2176511,7.085694,-2.1977463,7.6498494,0.7502464,6.4572077,6.733946,8.600687,-243.2463,60.37166,64.77566,24.289978,10.367123,27.736347,-5.0399995,15.600627,-16.873007,11.854361,-7.7220507,6.5601473,-8.696751,6.4313216,-9.038829,7.940426,0.42755872,5.688705,0.61117506,5.1351285,4.0503836,5.7623234,-1.0727606,7.448711,4.9248376,8.729073,0.031079166,14.02707,0.0447751,3.3334095,0.04239595,5.9523706,0.030903773,2.9957368,0.016823148,3.0738723,0.011330723,1.3344332,0.009316148,0.9909954,-0.0015246363,1.3592284,-0.014419377,1.1806476,-0.0148765845,1.0165336,-0.009780199,1.2440726,-0.016358634,1.3664042,-0.031024538,1.8362992,0.046020042,7.777074,0.03247054,1.762043,-0.037098326,3.0039797,-0.07583446,1.3751575,-0.05010197,1.5600157,-0.0069670496,0.8347494,0.0062495028,0.5851181,0.0024910122,0.75416094,0.0015251403,0.6114514,0.0004733167,0.69620615,-0.0036258257,0.90097594,-0.012532771,1.020632,-0.020163465,1.092172,1021.6948585500753,359.0835274051467,1196.7594527731055,379.7268949868003,1799.06449044586,1118.2154245002107,0.06746989450636942,0.02623991471884146,0.04260172,0.072144926,4-192236-A-0.wav,dog,4
-217.96948,83.31908,59.960747,24.23694,-14.23677,20.634327,2.6843932,10.646079,2.9269269,3.2439358,3.7200136,4.770022,6.328771,4.6217885,10.353445,5.395791,3.1859148,3.6555817,3.0039382,3.5513864,2.4444513,3.6485865,4.278256,3.8116436,-0.556862,3.2816975,-189.03575,47.836765,73.74686,7.480024,-15.564295,19.692049,0.017116038,15.081524,1.4472591,5.2212195,0.51144856,8.305168,3.1573992,3.1571345,11.14237,5.3254356,4.045075,3.2340567,1.121788,3.2831647,2.348877,3.0716066,5.2134504,4.3901463,0.99293816,2.7664468,-218.34305,32.233627,65.62862,6.9766936,-5.8989067,17.8161,8.177026,8.780965,4.9033723,5.2079387,3.096444,8.859335,2.1746585,2.2794213,9.608112,4.4442163,3.6148653,3.1428525,2.260617,4.3033066,2.513603,3.410935,3.6045804,3.214065,-0.18361567,2.587489,0.8589132,10.723193,0.3815965,2.2610815,-0.029546034,4.064551,0.015620335,2.563053,0.031148126,0.999683,0.023867989,1.6203578,-0.01901606,0.7012349,0.032800492,0.9636736,-0.0037719018,0.55983305,-0.013169891,0.60017973,-0.006501629,0.54569703,-0.014193899,0.7276741,-0.033581067,0.50289196,0.08246206,5.113802,0.08294114,1.0208738,0.08261697,2.075961,0.04560305,1.312439,0.017687188,0.5718869,0.014093223,0.8753946,0.015605539,0.49468645,-0.004246401,0.5013304,-0.012706299,0.39867392,-0.0002751318,0.37095532,0.008420879,0.37841812,0.006865304,0.4626391,-0.0032211097,0.34036288,1162.7415153897393,147.5669449138529,1455.6029376431334,354.9485675748847,2354.1998407643314,748.7952034699637,0.06767515923566879,0.032715928073488394,0.033007286,0.05657265,4-194754-A-0.wav,dog,4
-188.35284,76.5508,79.77584,22.227386,-28.375488,34.60889,-5.220797,9.428262,-16.477018,12.511921,-7.5654426,6.595899,-2.607775,6.395542,-11.778532,8.545748,-7.3874187,5.3546624,-8.8148775,6.2414117,-3.6598423,10.651047,10.078707,12.948765,6.757248,19.276049,-289.2014,87.99813,42.989822,28.066544,4.111175,26.311226,3.7194471,8.242464,-2.0210898,11.213029,0.87747604,4.140914,-0.168001,5.9432235,-0.7386517,6.3625865,0.5119714,5.1862884,-0.34141997,5.724632,2.503049,3.2433434,4.31474,4.082579,-0.66304904,6.3006477,-291.7054,82.612465,41.163105,26.619244,2.3952427,25.45253,3.3669086,6.6760435,-1.622875,11.945846,1.465243,4.1165357,-0.49108908,4.067987,-2.6609929,5.902863,-0.3158941,5.4164486,0.105167694,6.9813933,3.9250376,3.8651426,4.37411,4.4524674,-2.9121757,7.0606427,-1.050996,17.224184,-0.16406877,5.4137707,0.3467443,5.5378456,-0.057457816,1.3145834,0.112787575,2.3417046,0.0113849975,0.783836,-0.07582489,0.832292,0.037075236,1.1594818,-0.074128576,0.9090919,0.0448566,1.2487882,0.024080303,0.7675336,0.017853199,0.93473035,0.12176419,1.6951165,-1.362625,13.004857,-0.31576747,2.9919143,0.3800112,5.131163,0.08874171,0.98861283,0.2266446,2.0106015,0.08296397,0.81761426,0.041558724,0.686466,0.07312726,1.0028026,0.066743985,0.6277213,0.09868357,0.8387149,0.004380138,0.9157791,-0.004266125,1.2503277,0.07027956,1.5157397,1247.0062229028706,302.2244211269289,1354.030212298795,506.94422776786314,2483.9769108280257,1048.509824026056,0.08574467555732485,0.024263052953194714,0.055588085,0.085802734,4-199261-A-0.wav,dog,4
-261.772,76.27271,57.618084,24.260433,-10.524039,23.910488,-13.379838,14.140296,-11.905021,8.702631,-9.96278,8.176124,-11.721058,10.119329,-5.597091,6.9243007,-0.3858333,6.0148444,3.5309248,5.7395005,3.5975423,4.772023,0.5590422,5.225852,-3.715021,6.598719,-261.63275,80.3866,57.217674,22.404875,-9.246455,24.677197,-12.583598,14.503805,-9.5484705,8.536033,-8.525417,6.980573,-11.737096,9.207694,-6.8810854,5.145064,-1.2221195,5.2338505,4.86969,5.65529,3.5544448,4.1140203,-1.0893915,5.1707997,-6.0384398,5.9832754,-227.73328,79.2537,80.40641,22.72404,-6.398934,23.667206,-14.286698,12.138676,-13.381001,8.622177,-10.525286,7.1985345,-12.788942,7.5730314,-9.267681,5.934192,-6.08759,5.4876966,-5.313314,9.233103,-1.1283296,5.8957586,-0.26809448,5.5185785,-6.390841,5.4233084,0.017958332,18.34259,0.23392618,4.3262362,0.22377063,4.753773,0.10295639,2.837548,0.027425967,1.939239,0.03463175,1.3967866,0.0011524669,1.7895167,0.017712083,1.2027413,-0.03409229,0.9501288,-0.08008258,1.0362616,-0.025528513,0.81701386,-0.048524976,0.63368165,-0.07393051,0.8340662,-0.7525823,10.952959,-0.19667332,2.600066,0.2654682,3.1640728,0.17978787,1.9949291,0.06040109,1.1785275,0.057179615,1.0911556,0.054728583,0.9483107,0.060665518,0.6746128,0.008966841,0.6396412,-0.006006821,0.9113961,0.006962509,0.58631736,-0.015861098,0.49763978,0.008414568,0.5478313,1172.9878853941989,399.6684523727918,1177.6626788782087,402.95918029440884,1962.7786624203823,1077.8538542424096,0.09299736265923567,0.0339062174322787,0.047272075,0.07996651,4-207124-A-0.wav,dog,4
-224.08348,92.41789,54.458828,19.923128,-8.647,23.54098,-8.631964,10.566076,-11.477247,12.763086,-3.5557175,6.541097,-1.5097136,7.083064,-1.6809223,7.280466,4.5695033,5.8435955,1.4909251,7.4077015,3.5386083,5.050463,5.487575,6.5055547,-3.5171063,4.4444942,-261.08783,83.855125,51.282234,20.30834,9.752527,19.677746,0.27086946,9.031365,-5.7987475,11.649102,0.2770352,7.4817405,5.37374,6.5637364,5.8211904,7.079456,5.8885684,4.006653,-0.5142183,6.5869865,-1.2246073,6.1746454,-0.031750176,4.65862,-3.544256,4.134855,-179.82504,69.50946,64.65906,18.82676,-14.046192,23.611364,-12.910469,10.764671,-12.74771,7.3342686,-10.094993,6.5530305,-5.8589683,5.7291656,-1.3472004,7.9179397,6.809841,5.0655313,4.1233006,8.747111,2.176349,7.495102,0.9863192,5.201469,0.2749011,5.6873746,1.159167,17.502308,0.32034034,3.217759,-0.1487592,4.0334187,-0.07344003,2.1385415,-0.15782064,2.0964262,-0.08037388,1.4372785,-0.05069851,1.2872132,-0.0512736,1.25447,-0.028175136,0.89958435,-0.035877354,1.1744864,-0.0071282038,1.0769203,0.010010703,0.97036916,-0.027996983,0.74799573,0.46094528,8.942685,-0.012472291,1.7362542,-0.0724224,1.791431,-0.007688179,0.9358987,-0.031788226,1.0741824,-0.039066594,0.71094793,-0.020967264,0.60659486,-0.021355554,0.6843949,-0.018316213,0.5405043,-0.014993378,0.7334069,0.011469962,0.66601646,0.026995799,0.6557601,-0.0007502152,0.51232636,1410.946335941387,376.5914581699352,1543.3635170647906,416.23924910796393,2758.2603503184714,1250.6436943714448,0.08898537022292993,0.03205151790180056,0.059900224,0.11913384,5-203128-A-0.wav,dog,5
-161.9056,73.42077,55.29114,20.574371,-38.46514,22.957563,-22.645351,10.950612,-12.907445,8.851113,-10.351083,8.5966,0.31634316,4.8112907,-2.3012269,6.7112713,4.000359,7.975829,-1.5725423,8.21522,9.676242,11.2120075,14.134257,9.339113,6.058817,7.0943885,-185.42422,79.82353,51.872704,21.733967,-25.410292,27.568201,-18.4507,12.61371,-9.64125,9.22769,-5.569573,7.4689436,-4.72857,6.042362,-8.071346,9.125396,3.611394,9.241185,0.99488294,7.9701033,5.7994046,8.044025,8.239226,7.456243,1.3895301,5.658284,-205.20117,78.9283,54.59179,20.30586,-27.093962,28.342922,-14.728555,11.976047,-9.922295,7.1243324,-8.32976,7.8664947,-6.6821356,5.0891156,-8.773018,8.056846,2.9781368,7.5798407,0.21144602,8.033737,7.736396,8.089984,8.1795025,7.111642,3.4502914,7.1842046,-0.73980343,17.003952,0.16475162,3.7433412,0.23984022,5.637644,0.036722142,2.1483295,0.08985432,1.4484947,0.06726571,1.5486447,-0.0293133,0.90636015,-0.023822365,1.4347998,-0.06668873,1.374019,-0.012095825,1.5321167,-0.002499222,1.8031231,-0.013472569,1.4100538,-0.02284103,1.0641247,-0.93079627,11.719552,-0.102484256,3.378786,0.24991661,3.8868794,0.050380677,1.285096,0.07397007,0.9071028,0.08101355,1.056674,-0.030067917,0.6175958,0.029828528,0.8197781,0.010307616,1.2987603,0.04784376,1.3182938,0.004669882,1.6020378,0.003694182,1.1717772,-0.025078027,0.80915576,1517.5201080075378,448.5458015665973,1382.8480587897693,414.6192216157863,2568.0732484076434,1277.441876415651,0.12190858877388536,0.04031202274790332,0.076279685,0.0905399,5-203128-B-0.wav,dog,5
-117.80048,115.55741,15.18019,17.142933,-46.61764,26.85254,-8.508559,10.580372,0.25038993,11.634349,0.031418268,7.7214246,-5.296288,6.8468156,-0.3884648,6.301426,-3.7333353,5.4109836,-1.6272295,4.2390833,-4.327937,5.2865686,-1.7654077,7.049271,-3.7121937,5.3310995,-135.04887,112.49594,21.452208,21.303299,-56.55993,35.34906,-6.2067685,8.887553,-1.8325279,9.53547,-1.926995,8.603562,-1.3889961,7.8231792,0.90789795,6.2528267,-2.6925497,5.6554384,-4.067326,6.138896,-6.7252445,6.546005,-3.6524813,7.8138623,-2.000142,4.735279,-138.25914,114.55502,13.914028,19.336184,-53.339092,28.316212,-1.5748656,11.33255,0.4384257,10.14557,9.823993,10.597511,-0.35616368,10.664159,-7.083497,8.038015,-7.2238045,7.796044,-2.0948658,6.8311343,0.86476076,11.172243,-3.5856488,6.9462333,-4.2863755,5.11176,-1.6076945,21.368536,-0.14814934,3.4135528,-0.011805274,6.3783913,-0.139909,2.0052104,0.07423932,2.2064776,-0.02542724,1.6715739,-0.013906748,1.613665,-0.06973634,1.1233882,0.0709735,1.1780719,0.084773734,1.0233126,0.04831897,1.2481624,-0.022117104,1.1263486,-0.09732923,0.7929835,-0.8243314,12.5968485,-0.02819461,2.0145307,0.21972422,3.5670557,0.036388975,1.2036752,0.023580564,1.5758283,0.03111572,1.1015993,-0.064195774,1.1239647,0.006123406,0.8165046,0.03707201,0.75742805,0.0018550393,0.65713954,-0.03886115,0.7753908,-0.03692185,0.7192808,0.013214869,0.5322834,2201.85118494121,506.6406292880014,1378.9266200237435,416.75815001401185,3646.297770700637,1152.2354465949807,0.21187674164012738,0.05419072959012369,0.20386818,0.22216618,5-208030-A-0.wav,dog,5
-181.94785,89.70621,63.87313,27.64356,-7.8049197,16.13163,-12.536834,11.710828,-14.576179,11.140136,-1.6948272,4.9010544,-11.20517,9.788259,-6.8945127,7.1203413,-7.7005844,4.4758935,-14.11644,7.2986646,-4.571198,4.5662427,-5.724178,6.851906,-4.347217,8.330948,-205.76251,85.75728,64.67077,22.29779,-6.489972,13.761109,-14.89114,13.827406,-10.851273,10.099542,-0.6130707,3.936435,-9.585908,10.675907,-0.6547209,5.980188,-4.811216,5.2792573,-13.134359,7.060205,-4.219018,4.23122,-4.9803486,6.5407777,-2.3003561,7.359256,-244.37639,76.92416,64.43147,19.946512,-0.30060902,15.434743,-9.798607,12.260534,-3.265691,8.823237,-0.24766053,5.9221444,-6.4400907,9.28598,0.38941342,4.222912,-3.2379854,4.2209554,-9.891611,7.208537,-2.5816915,3.3473816,-1.6919124,5.328057,1.5533864,7.743758,0.43142772,15.650629,0.32915333,3.693135,-0.10565164,3.0441163,-0.20383734,2.6044242,-0.09421173,1.9130305,-0.08377659,0.87711763,-0.11585698,1.6964881,-0.057391398,0.8773591,0.0019079956,0.68265235,0.0068378146,1.1949099,-0.013756771,0.6699649,-0.03557303,1.0250797,-0.04388787,1.0672292,-0.19103426,11.277046,-0.124421336,3.515857,0.06830359,2.3429856,0.09041438,1.9078953,0.054026052,1.3913147,0.06216788,0.69861573,0.047161605,1.1126933,0.015172611,0.54211783,0.036833826,0.4208869,0.04220816,0.6340768,0.009581118,0.4572286,-0.01963943,0.7679266,-0.019747993,1.0107292,1139.8542513378707,298.131159746744,1315.7793636346075,220.63565452690625,1906.9466560509554,776.3788104819776,0.07594794984076433,0.02668033733119134,0.067133784,0.0907673,5-212454-A-0.wav,dog,5
-180.82938,42.431007,71.14781,12.030844,-26.277546,19.312302,-12.472367,13.685311,4.58339,5.5679107,6.4684896,6.967324,13.623555,9.4440975,14.021007,5.9967375,-2.7362533,6.6603875,1.6289932,6.324592,10.142206,6.1878657,3.0730796,5.514592,-6.480031,5.8427744,-179.69978,41.201237,70.660675,11.091108,-27.972971,13.181557,-12.968649,13.326278,3.962966,5.0273886,7.173567,6.1586876,16.075014,7.6074347,10.968855,4.7525063,-2.105756,7.506322,1.9299318,6.2258735,9.485023,6.8280725,1.6646473,4.509086,-6.0490975,5.940925,-190.84497,39.196774,74.154526,8.212087,-20.980303,16.713047,-5.2180614,11.634103,5.6370406,5.397489,6.2041264,5.364782,10.271905,8.411887,6.8380513,3.552381,-0.7958,7.5689206,3.0356975,4.886749,6.3577657,6.2893615,-1.5330379,4.4239297,-3.6709182,5.053616,0.3350903,9.626089,0.16448578,1.866734,-0.21315707,3.61419,-0.081337005,2.961581,-0.025701711,1.0458523,-0.08255855,1.0338279,0.031903043,1.2603153,-0.007766883,0.8156703,0.00903624,1.0217403,-0.044424936,0.7982715,-0.0022711803,1.1885211,-0.04485125,0.8174097,-0.06253446,1.0737168,0.15531273,5.348929,-0.044666898,1.3541512,-0.086280875,1.9008589,-0.06473271,1.7959918,-0.015575192,0.5729509,-0.008466584,0.7064238,0.0013616343,0.8480946,0.0027741066,0.5491682,0.01729483,0.7608032,0.00013174106,0.585815,0.020885881,0.7603093,0.0094927745,0.6334881,0.009717459,0.6033506,1222.9761437545237,173.7312292206614,1228.1892390651421,236.9398654717607,2089.5700636942674,425.3070257472782,0.11157071058917198,0.03622434383071182,0.0610025,0.08920936,5-213855-A-0.wav,dog,5
-173.88022,40.026894,85.24847,7.7822256,-73.446236,26.178612,-16.440907,5.9328284,-16.702988,5.74973,-23.690456,9.099139,-2.2785993,3.1071396,0.27063826,2.910756,4.6938653,4.64509,22.216278,9.154841,6.5494895,3.8165352,4.3366585,3.682511,2.4289525,3.2141128,-168.32782,23.619709,85.519,4.0117383,-78.43604,12.23886,-15.462637,2.9963412,-14.42535,4.5663977,-23.144157,4.0692368,-0.3044841,2.7765543,0.9986623,2.7099135,3.2891958,2.7333863,20.731447,4.61479,5.2646923,2.9232624,4.1543345,4.4137797,3.540105,2.8887582,-234.96669,14.335482,75.56831,3.8091722,-33.867104,10.75988,-9.359069,3.7062187,-7.893869,2.9060278,-10.674932,3.8707457,-3.0232136,2.4624805,-0.588292,2.7776246,0.6755148,3.065553,7.621855,4.2869444,3.7546456,2.4122143,2.5253825,2.6189792,2.7298455,1.9809409,0.10145438,5.306836,0.059632733,0.8653745,-0.049437992,3.0967762,-0.001809758,0.6586723,-0.00274732,0.8866028,-0.054223213,1.0355353,-0.018581903,0.4291014,0.016133353,0.4177327,0.014237792,0.48735118,0.018426737,1.047379,0.05293504,0.49780062,0.021956163,0.62968075,-0.009623309,0.37229452,0.036145616,2.672399,0.03850822,0.63537633,-0.0036225705,1.527101,0.00023147787,0.4006016,-0.014469934,0.5681664,-0.026451683,0.6333158,0.0077775647,0.31196597,0.020170521,0.30778334,0.035739116,0.3793188,0.019746603,0.57151926,-0.0020920448,0.35429296,-0.01702185,0.45787805,0.0062355576,0.27462026,1182.6902907408746,80.16509968550893,854.5077294644249,192.2456743220475,1909.5342356687897,144.68583677660715,0.10636445063694268,0.02167352862262084,0.056371495,0.05713412,5-217158-A-0.wav,dog,5
-194.50514,73.211716,75.88522,30.767855,-2.7769766,13.7717285,-21.22225,15.719345,-16.946688,8.952251,-15.805924,9.574496,-17.029654,11.116022,-3.4677112,5.0415463,-9.222907,7.668236,-7.371453,6.6020947,-5.9950185,6.7185245,7.736326,7.0399036,2.3088853,6.3575826,-335.73987,3.0517578e-05,0.0,0.0,0.0,0.0,0.0,0.0,0.0,0.0,0.0,0.0,0.0,0.0,0.0,0.0,0.0,0.0,0.0,0.0,0.0,0.0,0.0,0.0,0.0,0.0,-335.73987,3.0517578e-05,0.0,0.0,0.0,0.0,0.0,0.0,0.0,0.0,0.0,0.0,0.0,0.0,0.0,0.0,0.0,0.0,0.0,0.0,0.0,0.0,0.0,0.0,0.0,0.0,-0.84232587,6.453235,-0.34105736,2.5683932,0.0945897,1.6445644,0.07468263,1.788366,0.04274056,0.69178736,0.11953283,0.8434477,0.049615506,1.1538184,-0.018755604,0.65936005,0.051217563,0.7509921,-0.006315002,0.53905857,-0.013937487,0.6325661,-0.043784816,0.62641215,-0.022442082,0.5939159,-0.6369719,4.7648277,-0.11433411,1.0345589,0.11397689,1.2628831,0.1399382,1.1860875,0.03481116,0.44067466,0.06685461,0.55344003,0.05618325,0.67217237,0.035762846,0.4347299,0.06756239,0.5298996,0.0266058,0.3441368,0.026718944,0.42230424,-0.0415198,0.46749988,-0.03843354,0.64705026,377.86020713808097,671.7004522641722,405.78924559630707,666.2264641965003,622.6114649681529,1342.3561566401922,0.02415281648089172,0.03611076329355483,0.038691737,0.08874794,5-231762-A-0.wav,dog,5
-265.87787,82.457115,-4.864927,36.819767,-18.904451,26.640528,8.687082,8.183783,1.9698715,8.00025,14.539877,11.764275,-1.1510228,8.94657,1.2162668,7.357578,0.07426595,8.657473,3.6859777,7.664367,1.1213557,5.716211,-1.2449645,6.319067,-2.3996356,5.5291615,-288.94275,90.11834,-2.6507504,29.21654,-17.015514,24.753426,4.276969,8.263597,-0.60076535,11.473431,11.304531,13.026546,1.4647863,7.4959397,2.0791984,12.426602,-0.26252678,6.6022353,3.072592,6.841438,-0.8334236,6.646756,-0.8018306,4.227593,-0.39669403,4.764693,-378.11917,3.0517578e-05,0.0,0.0,0.0,0.0,0.0,0.0,0.0,0.0,0.0,0.0,0.0,0.0,0.0,0.0,0.0,0.0,0.0,0.0,0.0,0.0,0.0,0.0,0.0,0.0,-1.3039259,13.765835,0.22984545,5.6718035,0.34167355,4.1979184,-0.013712537,0.8837378,0.025937455,1.4682931,-0.16301247,1.7011026,-0.06915946,1.270993,-0.047997285,1.620376,0.033689134,0.82803977,-0.04598538,0.9016156,0.011665475,0.7357492,0.009661219,0.5974518,0.051420867,0.65487677,-0.87521195,10.415977,0.34565085,4.438266,0.2552985,3.14292,0.024221245,0.6635239,0.0303252,1.0610164,-0.10664131,1.1742749,0.054015152,0.8072577,0.0343068,1.00051,0.03687067,0.6842523,-0.043490466,0.7712987,0.018798357,0.6430285,-0.0388403,0.49568442,0.0013079507,0.4673281,1684.2606274390182,1459.0164014969967,1141.7634912317103,1007.0028309225804,3031.9466560509554,2606.7908153010712,0.14797720939490447,0.14423521938710218,0.022588626,0.060948983,5-9032-A-0.wav,dog,5
-62.860867,101.349,20.615404,16.293983,8.052839,8.637894,7.297875,6.743168,3.3187575,5.806172,2.1007204,4.7588887,2.7107036,4.67452,2.9043164,4.352136,-0.9231893,6.830134,2.073118,3.712224,0.70496774,2.8058121,-0.03574109,5.4421053,1.677136,3.2469382,-190.55081,107.80459,32.019955,21.727385,13.806117,9.203626,11.680269,6.240947,7.4192715,3.9467363,7.209388,4.3623505,5.4288487,3.168817,6.2154856,3.6951842,2.3105788,2.9870634,2.6364212,3.0874076,2.1130915,2.8490653,3.948741,2.7157495,2.6152654,2.066938,-385.6183,9.1552734e-05,0.0,0.0,0.0,0.0,0.0,0.0,0.0,0.0,0.0,0.0,0.0,0.0,0.0,0.0,0.0,0.0,0.0,0.0,0.0,0.0,0.0,0.0,0.0,0.0,-0.30898193,14.84513,-0.44207978,2.9098184,-0.20272179,1.4211379,-0.13628633,0.9722802,-0.1105284,0.7739668,-0.06259931,0.61540055,-0.010714213,0.51487756,-0.058650106,0.5568839,-0.0430343,0.8256758,-0.027663274,0.47028187,-0.016165968,0.3649518,-0.006461742,0.53251624,-0.03052214,0.4033842,-0.18011764,5.2408824,0.000679824,1.5786115,-0.018732436,0.73784953,0.007519174,0.4788189,0.020329004,0.37460142,-0.00033367515,0.38315788,0.0015080575,0.31766757,0.0050434503,0.40412986,0.025854563,0.4182466,0.016286619,0.31416288,0.011225308,0.34709364,0.024174431,0.34103867,0.017300297,0.29793233,1550.9725199385482,1419.2277519665258,1397.0110353005239,1057.5133299287218,3226.811305732484,2682.8668339241945,0.12489425756369427,0.1602178168120713,0.08312969,0.12486402,1-20133-A-39.wav,glass_breaking,1
-141.73538,118.68272,18.284603,14.211771,6.8719125,8.885552,2.200113,13.640118,6.1890507,7.303612,1.3160528,5.880371,3.781801,4.551474,2.961956,5.868151,1.524147,4.453491,0.69360566,6.6246862,3.9754727,4.1163735,-0.00095637486,4.8655214,1.3998958,3.3286765,-291.0611,83.40462,20.696093,15.698704,4.2595186,5.599837,2.8001688,5.768705,3.1331751,4.195991,3.1442606,5.861724,3.4018655,3.3577402,3.448255,3.6309452,2.7355952,3.0052283,0.8154402,3.5939806,2.9848745,3.2238536,1.3678505,2.5861423,2.2149458,2.5008025,-405.86563,3.0517578e-05,0.0,0.0,0.0,0.0,0.0,0.0,0.0,0.0,0.0,0.0,0.0,0.0,0.0,0.0,0.0,0.0,0.0,0.0,0.0,0.0,0.0,0.0,0.0,0.0,-0.8491254,10.323713,-0.16663475,2.0081725,-0.08146381,0.8608263,-0.073226124,0.97361636,-0.071043685,0.7864522,-0.024601676,0.6768285,-0.032771174,0.39810058,-0.039827783,0.57334465,0.0031006383,0.40581676,-0.024101673,0.63787425,-0.022701038,0.48078755,-0.023992289,0.4683646,-0.004129364,0.35710743,-0.04745753,4.2920995,0.013684042,1.0277109,-0.019467548,0.5395471,-0.00071548426,0.49077153,-0.0021496047,0.5545058,-0.0025808127,0.44215295,0.015716152,0.28929678,-0.0060858703,0.36623797,0.013076303,0.3464869,0.019087654,0.3893054,-0.0023408502,0.31328782,0.002816388,0.3435506,-0.012522062,0.23386474,1510.7171995821088,1504.3660473859036,1301.2005704231963,1162.221125881847,3149.8805732484075,2990.6656070110193,0.13227134753184713,0.1804033308756945,0.038134903,0.08383783,1-84536-A-39.wav,glass_breaking,1
-207.14363,141.03442,16.491463,15.481268,10.313488,8.10181,7.0338674,8.186255,4.279127,8.418845,3.3557189,5.8438573,5.833067,5.519284,4.840298,3.932557,2.3857796,4.8467197,4.140936,4.6428714,-0.3310339,4.969495,4.6046185,5.17438,0.6687762,5.2786217,-396.10568,2.5039787,1.5569978,3.5092025,1.5199788,3.4158635,1.4611577,3.2685387,1.3845456,3.078513,1.2951814,2.8595755,1.1986351,2.6263397,1.1004702,2.3925433,1.005725,2.1696577,0.9184657,1.9660714,0.8414732,1.7870264,0.77606845,1.6350594,0.7221167,1.5105418,-397.21558,9.1552734e-05,0.0,0.0,0.0,0.0,0.0,0.0,0.0,0.0,0.0,0.0,0.0,0.0,0.0,0.0,0.0,0.0,0.0,0.0,0.0,0.0,0.0,0.0,0.0,0.0,0.5815579,12.923879,-0.061076783,1.6915483,-0.10521178,0.97586316,-0.09530398,0.8454119,-0.07985329,0.8317598,-0.06540681,0.5293323,-0.05544441,0.6138079,-0.05600037,0.43360683,-0.043541178,0.4671299,-0.040594958,0.5409951,-0.048663758,0.49113047,-0.03768103,0.55032164,-0.05490516,0.61676115,0.40486887,6.092282,-0.02548072,0.8049663,-0.1022839,0.74828327,-0.080911234,0.61596483,-0.06978896,0.5981656,-0.027247347,0.33162528,-0.05686572,0.51230735,-0.03917022,0.38839945,-0.012120806,0.2957784,-0.04774474,0.37578917,-0.029340297,0.33690807,-0.02279995,0.36993596,-0.057325553,0.50607777,976.8815446603082,1393.9635301639873,895.8287782841521,1082.953634462779,2020.3025477707006,2649.9934893610452,0.0859312798566879,0.15693003393806926,0.018420449,0.05650617,1-84704-A-39.wav,glass_breaking,1
-287.0395,144.58664,14.95897,20.259317,1.873997,7.287491,2.2625175,4.9515257,2.1723056,4.446117,1.1231921,3.0121727,0.6631502,2.5870452,0.39758953,2.4369676,0.021871177,2.7099738,-0.2043298,2.510423,-0.9471786,1.6780572,-0.26944065,2.1128254,-1.1799846,2.1919024,-410.39124,3.0517578e-05,0.0,0.0,0.0,0.0,0.0,0.0,0.0,0.0,0.0,0.0,0.0,0.0,0.0,0.0,0.0,0.0,0.0,0.0,0.0,0.0,0.0,0.0,0.0,0.0,-410.3912,6.1035156e-05,0.0,0.0,0.0,0.0,0.0,0.0,0.0,0.0,0.0,0.0,0.0,0.0,0.0,0.0,0.0,0.0,0.0,0.0,0.0,0.0,0.0,0.0,0.0,0.0,-3.0376644,7.710021,0.076379806,1.8897625,-0.030252412,0.796975,-0.11810609,0.56614053,-0.058376726,0.2528791,-0.008385153,0.27296016,0.025866471,0.24651867,0.027108606,0.26007062,0.034387648,0.22928473,0.042826757,0.24044608,0.019050263,0.09510007,-0.011869999,0.168185,0.0049618324,0.20194237,0.19605549,2.1225557,0.02832802,1.1990967,-0.04177281,0.6531696,-0.012697475,0.29130217,-0.008886639,0.20276241,0.007090037,0.24072342,-0.0031165986,0.13282253,-0.0043227887,0.18957528,-0.0025985143,0.17562877,-0.009673503,0.12158156,0.0043224483,0.097755395,-0.0073839934,0.14434618,-0.005177627,0.1538179,447.10902002181376,1028.845244629245,378.9417319268202,838.2998518464506,914.9084394904459,2066.0656928881167,0.039541451035031844,0.099125076573866,0.012123346,0.06378444,1-84705-A-39.wav,glass_breaking,1
-225.94814,100.61864,-14.882477,20.193602,12.607639,10.162903,5.05628,9.711802,6.1130476,7.7286797,0.93099487,6.5937285,4.122515,5.4981003,9.0101185,5.6742864,-4.4496365,4.357522,6.047127,4.717805,0.54661983,4.4495096,5.0332103,3.122903,-2.5294824,3.5248518,-380.63763,18.741993,28.871826,9.845927,17.511446,5.0001135,13.536958,3.5258336,14.283366,3.277794,11.572087,3.5597532,8.9904175,3.3639169,7.5613227,4.3490443,-2.7930384,5.148254,2.811027,2.980912,1.3546494,2.2743776,2.5842862,2.8280315,2.815967,3.3190734,-428.79,0.019722883,0.003865096,0.027871603,0.0038561542,0.02780713,0.0038412665,0.027699769,0.0038203923,0.027549243,0.0037937541,0.027357142,0.003761203,0.027122416,0.003722852,0.026845863,0.0036787,0.026527489,0.0036289976,0.026169071,0.0035736384,0.02576987,0.0035127688,0.02533093,0.0034464258,0.024852522,-2.6400268,4.0929694,0.115461335,1.700942,-0.010404454,0.83263296,0.060607716,0.7711856,-0.019717684,0.8240391,0.07002511,0.7371905,-0.00952799,0.5683181,-0.022741897,0.49462068,0.027306687,0.5105894,-0.011596458,0.45013848,-0.040164433,0.52069885,-0.0681181,0.47682363,-0.014288293,0.47203183,0.14337687,1.955395,0.069596894,0.7428859,-0.0125485165,0.74232227,0.04626044,0.5082197,-0.008573787,0.40809172,-0.0091120545,0.44906798,-0.025068562,0.4699983,-0.037551813,0.46658775,0.022689223,0.45148447,0.020200007,0.3349668,-0.03622305,0.41028193,0.001981966,0.30322725,-0.0072000325,0.32041982,2019.273590516386,1756.5916060193317,1490.165306808327,1054.1393063940798,3820.4617834394903,2778.836721510168,0.2086609275477707,0.2518610449547383,0.014272825,0.047230713,1-85168-A-39.wav,glass_breaking,1
-304.52484,159.65213,-1.0749513,8.693828,3.430335,5.90342,1.3263004,4.1917973,1.3462348,3.2674809,-1.7934835,4.2124176,0.4934716,2.0439076,2.3351455,3.8353593,3.3243344,5.7729273,-1.5692557,3.1399813,-0.14726123,1.7228622,0.6103698,3.5541904,-2.8044124,4.9040766,-420.01672,9.1552734e-05,0.0,0.0,0.0,0.0,0.0,0.0,0.0,0.0,0.0,0.0,0.0,0.0,0.0,0.0,0.0,0.0,0.0,0.0,0.0,0.0,0.0,0.0,0.0,0.0,-420.01672,9.1552734e-05,0.0,0.0,0.0,0.0,0.0,0.0,0.0,0.0,0.0,0.0,0.0,0.0,0.0,0.0,0.0,0.0,0.0,0.0,0.0,0.0,0.0,0.0,0.0,0.0,-2.7807362,7.733048,0.029014245,0.75383353,0.0076136393,0.5729584,-1.1810831e-06,0.483936,-0.026346134,0.26043522,0.028354852,0.2767768,0.016007222,0.17085953,-0.03337212,0.24390979,-0.07252508,0.39354223,0.03034743,0.24880122,0.0047958936,0.12667611,-0.012623666,0.33416778,0.0028722088,0.482792,0.07954087,2.2705574,0.061508883,0.6701111,0.0050920164,0.26091522,-0.015484771,0.28577924,-0.031218274,0.2622678,0.03731461,0.2803519,0.011663271,0.13291755,0.009800387,0.14367643,-0.04754149,0.35244557,0.027559116,0.1778467,-0.024371676,0.1595848,-0.03619264,0.32155776,-0.0086064115,0.3069264,539.3508409015917,1389.178948578447,311.0063168912227,794.6807777833894,900.577229299363,2298.088345667641,0.0664124701433121,0.17706367503175693,0.01311584,0.051304284,1-85184-A-39.wav,glass_breaking,1
-277.43903,90.52439,-26.88314,17.539583,9.652388,8.405884,-0.85506564,6.6866236,4.528425,5.471286,2.0189633,6.505707,5.4454527,5.281691,1.8633131,6.3935566,2.4247222,5.871639,3.5587847,4.9582996,2.203992,4.5211096,-0.43360198,4.576258,3.4662461,6.007548,-465.28696,91.180145,6.6751304,15.55616,6.9256086,7.8902807,1.4487172,5.086615,2.9255922,4.4048815,2.1643333,4.3796945,4.3714604,4.912747,2.1127722,3.1897945,3.5068324,4.4441304,2.8105733,3.8605888,2.9496884,4.211411,2.4029999,3.8642023,3.1339636,3.79545,-548.5631,6.1035156e-05,0.0,0.0,0.0,0.0,0.0,0.0,0.0,0.0,0.0,0.0,0.0,0.0,0.0,0.0,2.5959804e-05,0.0,0.0,0.0,0.0,0.0,0.0,0.0,0.0,0.0,-0.057102278,9.966586,-0.15089336,2.2096314,-0.0768668,0.8338174,-0.026438158,0.85153294,0.0033241473,0.6581429,0.020357892,0.74118286,-0.01751719,0.562562,-0.013715607,0.6114995,-0.012010244,0.6503291,-0.0075097447,0.4616043,-0.008731256,0.46124336,-0.0058542313,0.5429045,0.006431777,0.5926876,-0.32412025,4.261022,-0.035722677,1.4246088,-0.019956913,0.7311472,0.009675925,0.519748,0.02060232,0.48931083,0.009967669,0.5368218,-0.00808102,0.3086857,0.016304616,0.47556034,0.0073927534,0.44706586,0.015465943,0.47940567,0.0066513163,0.35278875,0.0143337585,0.37785497,0.008999041,0.42553926,2066.035076694018,2210.3009573450313,1133.8387478312757,1137.5234536324444,3338.873407643312,3366.947450370496,0.22727159633757962,0.2884634976178079,0.0033062666,0.0067280685,1-88807-A-39.wav,glass_breaking,1
-344.02914,97.36328,-16.72798,26.355322,4.682047,6.6266384,0.43552172,5.1739006,0.29628426,5.417451,2.7422795,4.5609117,3.2745783,7.2902794,2.6722121,4.539622,-1.8127692,4.2652874,5.563317,6.2320333,0.26602843,5.1853395,0.76954466,3.722349,1.6055815,2.4660816,-404.58533,3.0517578e-05,0.0,0.0,0.0,0.0,0.0,0.0,0.0,0.0,0.0,0.0,0.0,0.0,0.0,0.0,0.0,0.0,0.0,0.0,0.0,0.0,0.0,0.0,0.0,0.0,-404.58536,6.1035156e-05,0.0,0.0,0.0,0.0,0.0,0.0,0.0,0.0,0.0,0.0,0.0,0.0,0.0,0.0,0.0,0.0,0.0,0.0,0.0,0.0,0.0,0.0,0.0,0.0,-2.1667202,5.6613,-0.016618012,2.4334435,-0.031088337,0.4027561,-0.035818215,0.2593122,-0.030164652,0.53106123,0.03704797,0.49310994,-0.058167484,0.7584612,-0.0723153,0.5764727,0.04493668,0.21836026,0.021317864,0.66085374,-0.11044953,0.81892574,0.03002158,0.36176193,-0.027765287,0.14224327,0.32270807,1.6089797,0.22173078,1.166265,0.023879582,0.4039121,0.046453044,0.3771499,0.059589133,0.34534967,-0.023230173,0.18787472,-0.024134655,0.487986,-0.0026919644,0.37496388,0.027428402,0.23370603,0.029692966,0.36454967,-0.015710417,0.42592782,0.026244968,0.30461797,-0.016672308,0.1734897,1234.431046000967,1991.5978026175853,614.888118937511,1002.526695213506,1887.2412420382166,2995.9745867323486,0.14020825039808918,0.23925549463035153,0.00494234,0.026045714,1-977-A-39.wav,glass_breaking,1
-157.29834,79.42595,13.044509,16.982204,-22.486483,12.650891,-2.582592,7.904454,2.1485376,5.1692724,-5.096377,4.920912,-3.8674657,3.6904974,-2.1540828,4.588024,0.12019846,3.2438965,-1.3265773,3.147939,-1.28675,3.2938735,-1.6335691,3.2253096,-2.9913547,3.6727984,-159.54979,58.03145,14.244346,12.770728,-19.248753,12.696283,0.9482028,7.7828293,-0.5462911,5.906931,-6.2233458,4.844564,-4.139548,6.1672235,-1.2767065,5.800733,0.45294005,3.9133627,-1.5103741,4.040484,-1.7964677,3.9820294,-2.5558753,3.7541554,-3.0606499,3.4453998,-373.45377,89.22895,9.055446,17.01375,-4.323362,8.181688,1.7976469,5.30309,2.2243834,3.9757636,-0.17037837,2.4194732,-0.004855066,3.5318503,0.69551843,2.2583518,0.610864,2.114658,-0.11565093,1.4188976,-0.8652129,1.7817638,-0.44232053,1.7932822,-0.455736,1.269331,-0.85947007,12.070883,-0.3313498,2.787008,0.0078113214,1.4794736,0.052474704,1.1544807,-0.034890264,0.8254516,-0.034546196,0.7646014,-0.0113871535,0.9030491,-0.0046119085,0.6949363,0.0007915064,0.49803364,0.011075469,0.44388077,0.027192626,0.47689238,0.00537402,0.54174435,0.021351691,0.41285613,-1.3116474,9.074928,-0.060292043,1.7339485,0.02807964,1.1382054,0.005825576,0.76469207,0.01469523,0.5596837,0.03795475,0.55328363,0.025870457,0.62861073,0.028664619,0.5302144,0.0005258861,0.38555056,-0.005358457,0.3464774,0.008341565,0.39438552,-0.0047941916,0.3685257,0.0051107644,0.32680872,2226.865669433103,1222.4626474942063,1568.084426959016,818.4197449311404,4145.501592356688,2251.608267705485,0.1986153960987261,0.12022813977272258,0.019293822,0.034318533,2-106881-A-39.wav,glass_breaking,2
-161.90602,124.328354,-14.876314,19.635046,-6.5138965,9.51043,7.983482,5.9149976,2.4152799,3.6505692,3.4156938,4.761251,0.31290773,6.785596,3.3963704,4.4043136,3.8615522,5.2062426,2.9032397,3.4980378,-1.221348,4.122723,3.0503078,5.5742283,3.7264519,3.6358647,-162.62013,116.125336,-7.304453,21.60046,-7.7686276,15.778055,5.359355,5.624166,-1.6720216,6.251637,2.4401426,4.4298315,2.4260187,3.7912962,3.650632,4.7868686,1.8875648,4.8717885,2.5061693,3.1540968,-1.0204295,3.6292834,1.5599004,3.0958362,-1.1064565,4.9887104,-155.06358,118.45087,-25.23048,16.259462,0.79803294,8.453019,7.96398,6.4774075,-0.5640954,6.994939,2.394678,5.057656,2.4589946,5.2959585,3.5127506,3.9169757,2.7707727,4.7263813,2.724669,4.168703,2.2748744,4.5831313,2.0493405,3.4155111,0.57208437,5.5373015,0.73259693,20.602213,0.13782933,3.293386,0.08397925,2.3635645,0.042182997,1.0015104,0.0017534631,1.0790323,-0.084846176,0.83067167,-0.074906334,0.9787383,0.018648755,0.6218374,0.01158683,0.8181798,0.00875852,0.5408474,0.046119284,0.7247978,-0.060892124,0.6561506,-0.065970294,0.8139285,-0.08250551,9.781708,0.025646787,1.479082,-0.03253788,1.1460879,0.010799453,0.6216761,0.019859705,0.56812334,0.03064794,0.52661407,0.009722654,0.5031361,0.025562603,0.4084219,-0.020735608,0.44769427,0.013474906,0.4230414,-0.037671454,0.40015087,-0.009210802,0.4328384,-0.000782997,0.422319,3751.8105482123806,662.3146721186673,2007.2795876834325,226.94849571065768,6120.521496815287,734.6302217677564,0.4414746715764331,0.11851452412022342,0.05997711,0.059420504,2-112213-A-39.wav,glass_breaking,2
-195.98936,148.3586,-14.5990715,15.068408,5.836495,12.399939,8.584063,6.6056323,3.0945723,5.4869437,6.4823117,6.7972994,3.6862879,4.80056,3.4761484,4.12094,2.6273196,3.3880002,3.44728,4.1390123,0.8138364,3.6853144,-0.17313561,3.8587768,-1.7432408,4.569214,-186.28537,122.760635,-35.318733,22.327642,-7.4155254,9.188429,6.656764,7.791195,2.4526904,7.2649446,0.75667393,5.9776096,1.0321405,3.8528292,6.7925515,4.1034546,0.3036653,4.5329533,6.9137216,4.0529976,2.0620134,4.4605303,-0.26001585,4.3619747,-2.188938,4.6478615,-258.96957,143.5076,-29.320847,28.84765,5.518605,9.343242,6.825755,7.567952,2.4106774,6.1735578,9.166633,8.432031,3.90349,5.1193876,0.50071466,3.299985,7.8462524,6.9811754,4.299642,4.381842,1.4658114,3.556451,4.523068,4.22279,1.2279466,2.9459925,-2.012416,18.864922,0.09592999,3.4460797,0.042363312,1.576156,-0.07421718,1.1435941,-0.045062467,1.0216101,-0.10968898,0.9522293,-0.061138097,0.63384116,-0.033418648,0.62207156,-0.0057928767,0.85536104,-0.027462589,0.753566,0.016027113,0.72991437,0.030620882,0.74716276,0.07188005,0.7376493,0.075059384,8.122151,0.017195221,1.4325316,-0.0101315975,0.8392979,-0.02033148,0.744481,0.020974766,0.6974708,0.0069540907,0.5340418,-0.00499623,0.4936515,-0.012960604,0.42596108,0.0022251804,0.49120906,0.0076862914,0.40506193,0.017738424,0.5131945,-0.004675792,0.45925394,0.0004925811,0.41018268,3874.4327722513517,1055.5934198702994,1934.8766722450066,490.2261656431721,6139.53025477707,1376.5316936644333,0.45304413813694266,0.16377233888747914,0.05244447,0.062187146,2-112213-B-39.wav,glass_breaking,2
-128.59645,124.59008,-9.130526,11.596283,8.127044,9.21817,15.281099,9.570342,0.14994027,4.2375345,-2.4715497,5.3326206,-4.10863,3.3642807,0.144089,4.6299334,-3.7782195,4.2078633,0.5758997,2.8813875,0.47579446,2.6040545,-0.43834594,2.9215913,-4.914039,3.7566426,-462.30566,42.7323,0.30502743,1.5367185,0.60438496,3.3585384,0.48116276,2.463699,-0.23647012,1.5094901,0.0010691697,0.663823,0.13814002,0.73803604,0.24876294,1.2449473,-0.1318343,0.80453295,-0.15813714,1.1004063,-0.07827652,0.3950028,0.02511395,0.2155841,-0.08765824,0.7368951,-468.86932,0.0,0.0,0.0,0.0,0.0,0.0,0.0,0.0,0.0,0.0,0.0,0.0,0.0,0.0,0.0,0.0,0.0,0.0,0.0,0.0,0.0,0.0,0.0,0.0,0.0,1.0514702,17.689922,0.045640375,1.413513,0.031492475,1.1636469,0.06644198,1.277509,0.0077330717,0.5245633,0.015002096,0.50781095,-0.0024183001,0.34819573,0.015502274,0.5231515,-0.0011744803,0.3831115,-0.0016758831,0.29925254,0.0026688257,0.2025244,0.0031449036,0.2552353,-0.00398098,0.34789506,0.3033271,7.121026,0.011735163,0.8506015,0.008845895,0.5761713,0.027737169,0.59023595,0.0066278665,0.43181527,0.010457398,0.29274574,0.0010141567,0.22509408,0.0031539893,0.24274817,0.004497285,0.25325128,-0.00080158754,0.1945078,0.0045482097,0.20679058,-0.0032793505,0.18619509,-0.0046357303,0.24350715,1223.2130449409576,1802.980273649876,662.341103749897,974.7965433457852,1994.0286624203823,2924.1126151299145,0.14577527866242038,0.21984035091808135,0.019731535,0.031581152,2-141563-A-39.wav,glass_breaking,2
-105.91194,95.25388,8.102091,8.728645,-0.6933587,5.950358,2.6540334,5.0638933,-5.485081,4.397021,-3.1107013,4.3332453,-4.0161176,3.7043288,-3.7653553,4.1369343,-3.7108197,4.0317397,-1.6246904,3.5936332,-3.5680966,4.0699725,-2.5770783,3.4209154,-2.257083,3.3637607,-241.41534,77.10854,14.133876,12.791172,-2.1873944,9.912298,-0.5666948,8.46042,-1.2983247,5.5620327,-2.9815915,3.9110947,-1.4244384,4.2529707,-1.7434989,3.6214945,-4.0927625,5.4459534,-3.453854,3.2744465,-4.4192653,4.6052594,-1.8265318,3.923777,-2.8235345,3.2843952,-397.7202,19.643068,9.131727,7.5844836,4.719541,8.511283,6.9202905,3.2341218,3.6453824,3.7685473,2.8950026,3.6002018,2.262519,3.1641839,1.841548,2.2677114,0.8103966,2.1329434,1.667493,1.9989539,1.6792289,2.2576885,1.4899381,2.0739028,0.7245072,2.0492985,0.41852555,14.656363,-0.012739306,1.8768054,-0.07741341,1.4471483,0.043769922,1.1196835,-0.011343111,0.6990282,-0.053227484,0.6096403,-0.0236671,0.62553644,-0.0037210535,0.52866185,-0.024722388,0.6338741,-0.00398036,0.41576904,0.020045457,0.6512042,-0.006197398,0.52830803,-0.0049750637,0.44997627,-1.12773,5.683757,-0.07921949,1.2306647,0.08337147,0.9673727,-0.03984215,0.6880909,0.044439953,0.45834622,0.030756574,0.4775129,0.031986795,0.40446022,0.026579997,0.39024177,0.045428038,0.47926033,0.016551215,0.33762145,-0.005531071,0.40939975,-0.010552384,0.38921246,-0.008709137,0.34314612,2910.7438332935585,692.8527415629833,2198.2062786490583,181.68489132656595,5639.928343949045,751.9326875201464,0.2640015425955414,0.1699143160758306,0.022760259,0.04576083,2-173559-A-39.wav,glass_breaking,2
-121.61606,67.13225,-6.958085,15.493249,4.2645764,6.7351813,3.0152805,5.6895685,-4.1772494,4.818153,-3.5028853,4.1971045,-5.260587,3.8075774,-1.4033319,4.770724,-3.6054819,3.1996255,-2.2091105,2.7733822,-3.7427876,3.0653381,-0.9078856,3.0878441,-3.05702,3.0637786,-296.34274,80.99925,2.2489927,14.674514,9.062007,5.2517114,0.56401956,4.503927,-4.0853653,4.1853757,-3.6062179,4.195927,-2.214617,3.2559512,-1.2070853,2.8378673,-1.5806664,2.7471066,-1.7566928,2.8879104,-1.4665587,2.636465,-0.005936884,3.4747813,-0.6501166,3.2864969,-378.24506,5.8929234,7.744605,7.5054083,6.156644,5.5427895,4.111694,3.478195,2.0994947,2.1414423,0.44247207,2.0634274,-0.7011133,2.5835862,-1.316057,3.0135908,-1.471779,3.1979678,-1.2709223,3.0571086,-0.858624,2.6041205,-0.38533044,2.013048,0.09185114,1.5409768,-1.7567463,5.348542,-0.15496382,1.6176562,-0.09273892,1.0661157,-0.030417595,0.71030974,-0.029468695,0.47527328,-0.029175946,0.5495788,0.0015266857,0.5056146,0.030360386,0.561322,-0.030029345,0.5454368,-0.00992932,0.4670505,-0.0021647406,0.42775825,0.00070346694,0.3877476,0.012809076,0.44204608,-0.7336564,4.7104425,-0.025783949,1.048519,-0.002042031,0.6390094,-0.0072925407,0.44338292,-0.0015126509,0.28344515,-0.0048037963,0.33113265,0.003001799,0.33383396,0.0016370777,0.36569425,0.011084955,0.33135775,0.021466296,0.3217184,0.0081960475,0.30099025,0.011348446,0.29890648,0.0102867605,0.31387278,2882.4950232487363,1353.9442020307797,2015.5241692413204,563.0849694144595,5268.710191082802,1856.1849906070086,0.2854921377388535,0.2288976773296661,0.018685741,0.045584153,2-173607-A-39.wav,glass_breaking,2
-23.851322,43.182163,-1.0652649,9.965943,0.54262584,7.25997,1.0320728,4.457124,-4.413016,3.689107,-1.5851086,3.2411182,-3.8590624,3.6547685,-1.6475613,3.3323042,-3.0156221,3.4490294,-2.5282767,2.8280568,-2.5393903,3.1240373,-2.4058,2.4321125,-2.6659265,2.138019,-162.66794,81.65912,-9.058206,11.497404,1.1054682,8.407753,6.302357,5.5096116,-4.367222,3.482261,1.1117854,3.3465414,-2.1047273,2.6491277,-1.0648719,2.6720905,-2.1684544,2.1654778,-1.9533893,2.9773748,-2.704858,3.3305023,-0.90028155,2.9305358,-1.8260021,2.3414655,-306.49673,45.003784,3.1471834,12.700323,-2.9136326,8.092746,0.24355848,5.6714945,2.6221588,4.6849766,1.9433887,3.900443,-0.7231732,3.6129065,1.3783847,2.620741,-1.0853738,3.0351431,-1.3266463,2.3075168,-1.1941916,2.807808,0.21037318,2.5314255,-0.64323014,2.15334,-1.6014334,6.2801113,-0.08203137,2.1166012,-0.13212854,1.3214706,-0.023588251,0.80796826,-0.04162924,0.67192227,-0.0069488175,0.43107602,0.012288805,0.5273156,0.06668011,0.481506,0.015668852,0.46361235,0.0020704498,0.46124437,-0.010625138,0.4421907,0.019394325,0.34031668,0.002695042,0.3182512,-0.71777767,4.351585,0.13067926,1.1450807,0.08216976,0.9244067,0.023974935,0.5776159,0.050835405,0.42566353,0.0070953993,0.355422,0.036962066,0.39118144,-0.010334612,0.35330442,-0.034993134,0.32415578,-0.02496469,0.37196666,0.045093328,0.3609287,0.012170453,0.32746062,0.0093890885,0.27573094,3664.489291967142,550.65002359429,2112.7844365776746,151.88183044193232,6172.870222929936,624.5387468163607,0.4397765724522293,0.09908197349540884,0.06827142,0.08713133,2-173618-A-39.wav,glass_breaking,2
-188.98228,94.091576,5.2314596,24.662306,-14.806383,12.416634,0.40466478,11.247183,-8.382045,9.823161,6.8274035,9.905441,-1.7003136,4.505148,-3.2479184,6.8971796,2.618687,6.1334743,-3.8160257,4.5411706,4.8587747,3.9992604,0.7728029,3.178468,-1.5047524,4.577935,-244.069,67.66302,7.4141436,16.346827,-0.2654246,4.229354,4.161578,4.376836,0.33919856,7.49024,-6.621912,6.9305725,0.9322271,2.8618627,-5.2541246,3.900441,4.837081,3.4642675,-0.46629003,4.907782,0.68188196,3.7949877,1.4483211,2.8592193,-0.719679,2.8641865,-391.11108,6.1035156e-05,0.0,0.0,0.0,0.0,0.0,0.0,0.0,0.0,0.0,0.0,0.0,0.0,0.0,0.0,0.0,0.0,0.0,0.0,0.0,0.0,0.0,0.0,0.0,0.0,-1.1386683,9.904248,0.025415143,2.5771189,0.07689044,1.5273632,0.012591631,1.3063669,-0.0012212696,1.1562958,-0.04338974,1.0168439,-0.02396035,0.59568965,0.016538195,0.788424,0.0057705343,0.6875463,-0.017211296,0.536956,-0.01750676,0.5018012,-0.011529679,0.32843295,0.0058389357,0.56477827,-0.9803192,7.6278176,0.044063807,1.2302908,0.094605595,0.8087861,0.03749036,0.6266143,0.056933094,0.5424436,-0.017557764,0.5267674,0.018322123,0.40323117,0.035686508,0.40186673,0.011421724,0.36131343,0.008965867,0.27027974,-0.017934904,0.33854333,0.005407692,0.25289994,0.04367143,0.3997722,2111.0749670382684,1678.6753132827725,1315.935512361561,1011.0841736833949,3710.390127388535,2898.1890343131045,0.2724733777866242,0.2374091651422155,0.01774392,0.037072074,2-250710-A-39.wav,glass_breaking,2
-193.26302,135.05418,17.65346,16.65331,4.1713266,5.617872,8.843495,7.6015325,5.805573,5.52233,5.0439105,4.46455,5.575781,5.8552575,4.029351,4.320478,2.9056966,3.8012373,2.3028722,3.0885515,1.3857161,2.794921,-0.18143739,3.7296696,0.6822512,3.538192,-374.81277,3.0517578e-05,0.0,0.0,0.0,0.0,0.0,0.0,0.0,0.0,0.0,0.0,0.0,0.0,0.0,0.0,-1.2979902e-05,0.0,0.0,0.0,0.0,0.0,0.0,0.0,0.0,0.0,-374.81274,6.1035156e-05,0.0,0.0,0.0,0.0,0.0,0.0,0.0,0.0,0.0,0.0,0.0,0.0,0.0,0.0,-1.2979902e-05,0.0,0.0,0.0,0.0,0.0,0.0,0.0,0.0,0.0,-2.0297642,6.0481663,-0.23832229,1.8342799,-0.08766615,0.5305633,-0.0952634,0.6779107,-0.05271561,0.4423249,-0.047829367,0.28244072,-0.030548722,0.46230873,-0.034934856,0.33184755,0.007080338,0.2682989,-0.0162873,0.29751888,-0.02292131,0.2704606,-0.012607356,0.32624564,-0.02003441,0.35256472,-0.42280123,3.318924,0.09694282,1.1173402,0.027134111,0.3301224,0.005761461,0.41784713,-0.020599607,0.33822533,-0.009793652,0.2798738,-0.01848292,0.32961527,-0.002343764,0.19533409,-0.010304218,0.18790281,0.0049386746,0.14626758,0.010889517,0.19423118,0.019452715,0.14863436,0.0041267932,0.2175614,579.8497315583477,1094.8327864406767,564.8080509562998,974.4083027549839,1273.2882165605095,2278.3515267559183,0.036773487261146494,0.09596406057588185,0.023992104,0.064901255,3-203371-A-39.wav,glass_breaking,3
-316.8761,152.59029,-6.531041,14.500441,-1.4313738,7.140534,1.4247733,6.328942,2.6999464,4.635305,2.0036364,4.0079484,3.010773,4.717507,2.0806158,3.6152706,-0.7827297,3.0597687,2.726491,4.077564,0.71486694,2.9455206,1.5157168,2.7346127,0.062525705,2.736441,-441.51413,3.0517578e-05,0.0,0.0,0.0,0.0,0.0,0.0,0.0,0.0,0.0,0.0,0.0,0.0,0.0,0.0,0.0,0.0,0.0,0.0,0.0,0.0,0.0,0.0,0.0,0.0,-441.5141,6.1035156e-05,0.0,0.0,0.0,0.0,0.0,0.0,0.0,0.0,0.0,0.0,0.0,0.0,0.0,0.0,0.0,0.0,0.0,0.0,0.0,0.0,0.0,0.0,0.0,0.0,-2.6845498,6.244749,0.16914384,0.9749267,0.019088577,0.58645445,-0.07613979,0.76423687,-0.009594948,0.35849938,-0.033289142,0.42350405,-0.008329951,0.43031862,-0.002815482,0.26054573,-0.0080013685,0.292176,0.025543973,0.4581744,-0.060474895,0.38543335,-0.047440898,0.21377158,-0.011940875,0.31401566,0.11718022,1.6421937,0.0493799,0.531812,0.04411087,0.5669952,0.020798333,0.35310465,-0.0018025477,0.29162043,-0.0030248142,0.19774675,0.018776547,0.32704255,-0.017609255,0.17746261,-0.0011732681,0.18516216,-0.0076151895,0.14971946,-0.010245989,0.18369114,-0.004166799,0.16217759,-0.014334135,0.21866652,613.5251045889403,1418.493407684426,351.25888402296573,792.4599309911754,1026.0748407643312,2319.7533408688328,0.06921153463375797,0.17313230317118453,0.009820422,0.03770126,3-203373-A-39.wav,glass_breaking,3
-267.67236,156.06416,-5.461576,14.206081,-3.241067,4.890644,-0.27736846,3.9932182,2.338523,3.724105,1.4782395,3.627497,1.4326065,3.1765711,-0.5236692,2.5953708,0.044628996,2.2807589,-0.5905443,3.477492,0.61800444,2.8781173,0.9575609,2.5466635,-1.86177,3.266613,-411.3298,0.0,0.0,0.0,0.0,0.0,0.0,0.0,0.0,0.0,0.0,0.0,0.0,0.0,0.0,0.0,0.0,0.0,0.0,0.0,0.0,0.0,0.0,0.0,0.0,0.0,-411.32983,3.0517578e-05,0.0,0.0,0.0,0.0,0.0,0.0,0.0,0.0,0.0,0.0,0.0,0.0,0.0,0.0,0.0,0.0,0.0,0.0,0.0,0.0,0.0,0.0,0.0,0.0,-2.7555397,8.3886795,0.026483184,1.3077073,0.040410716,0.2774942,-0.0019643458,0.44724128,-0.025695853,0.27742782,-0.0051456774,0.40881273,0.027270505,0.37015498,0.009953535,0.25517204,-0.02203062,0.13448192,-0.008700648,0.33770442,-0.013338918,0.25802127,-0.03652322,0.27313024,-0.002709413,0.28498664,0.08254025,2.816497,0.028387057,0.56863785,0.018380117,0.25519052,0.0008571771,0.29239935,-0.04300888,0.3468381,-0.025717558,0.23404835,-0.015483719,0.2115499,0.027735345,0.24373323,0.006637555,0.15875031,-0.034334376,0.2541825,0.015318449,0.2102698,0.006622906,0.18827906,-0.018626248,0.20260784,677.2434010792717,1507.6161130480084,379.3106989023745,836.2619403481967,1140.9235668789809,2511.5356811792108,0.08177622412420382,0.19036752844229918,0.011994343,0.043143127,3-203374-A-39.wav,glass_breaking,3
-235.49734,147.46545,3.8264222,21.285402,-3.1710851,13.327404,2.8360972,5.561348,3.1940954,5.2322216,3.8001795,4.515543,4.494247,5.1449037,2.5361433,4.554378,2.0732899,4.0303288,0.75367546,3.908221,1.7348219,2.7472975,3.1549242,2.9420867,1.9055839,3.6139772,-425.64844,0.0,0.0,0.0,0.0,0.0,0.0,0.0,0.0,0.0,0.0,0.0,0.0,0.0,0.0,0.0,0.0,0.0,0.0,0.0,0.0,0.0,0.0,0.0,0.0,0.0,-425.64844,0.0,0.0,0.0,0.0,0.0,0.0,0.0,0.0,0.0,0.0,0.0,0.0,0.0,0.0,0.0,0.0,0.0,0.0,0.0,0.0,0.0,0.0,0.0,0.0,0.0,-2.8413363,5.116639,0.08183824,1.5881646,-0.004388525,1.2099872,-0.02014663,0.51075757,0.008901818,0.4474688,-0.032801844,0.44032556,0.021841949,0.47743496,-0.012067077,0.37041032,-0.010105361,0.3656365,-0.019946994,0.35398898,-0.013335955,0.24742313,-0.013950141,0.21775556,0.0052002124,0.34855935,-0.09780817,2.2293193,0.05663685,0.9418138,0.0037992168,0.5413785,0.0062766024,0.27249864,-0.005107005,0.35307482,0.0008166945,0.2835128,0.003986784,0.3134524,0.013673799,0.21303734,-0.011619404,0.25908878,0.031618927,0.26369697,-0.017509252,0.15919591,-0.0027162088,0.14640914,-0.00019102264,0.26613778,862.5021189727802,1494.0959038382066,610.7070178957077,956.4399846766619,1566.281847133758,2578.664717002169,0.08752985668789809,0.18388567561362112,0.015262189,0.054308265,3-203375-A-39.wav,glass_breaking,3
-310.8307,166.81708,4.1911836,11.726776,-2.1563613,8.549028,0.18132676,5.6614523,2.3410282,4.59628,-0.3641397,3.5558822,1.7123868,3.9900525,-1.249961,2.9085898,-0.21799143,2.1030614,0.35865083,2.7685874,-1.9260477,3.2501402,0.5637834,2.8610356,-1.435932,2.885284,-470.08768,3.0517578e-05,0.0,0.0,0.0,0.0,0.0,0.0,0.0,0.0,0.0,0.0,0.0,0.0,0.0,0.0,0.0,0.0,0.0,0.0,0.0,0.0,0.0,0.0,0.0,0.0,-470.08768,3.0517578e-05,0.0,0.0,0.0,0.0,0.0,0.0,0.0,0.0,0.0,0.0,0.0,0.0,0.0,0.0,0.0,0.0,0.0,0.0,0.0,0.0,0.0,0.0,0.0,0.0,-2.8020718,6.863649,0.079557374,1.1161896,0.024064917,0.8960165,0.03221766,0.5101804,-0.021125633,0.48997176,-0.009911515,0.33863133,-0.025855532,0.40486988,0.015453431,0.16935751,-0.008708849,0.17627518,-0.03438472,0.2675344,-0.0048720543,0.26008826,0.006945349,0.2282224,-0.007924983,0.2502968,0.14902996,2.5743558,0.04682383,0.9862336,0.0009988797,0.7080215,-0.019534752,0.35425758,0.0058487765,0.30999622,0.012911914,0.21842355,-0.022573141,0.35851794,0.004630993,0.110714875,0.008052289,0.17945436,-0.012941667,0.25836477,-0.016286282,0.19511193,-0.004474081,0.23818497,0.019536274,0.15983741,605.6593880554425,1330.7454028710367,402.065135240535,871.969048432297,1101.1146496815286,2397.499106809017,0.07152542794585988,0.16100507556878088,0.00630191,0.024292752,3-203377-A-39.wav,glass_breaking,3
-428.83548,111.6975,-14.847814,25.944897,1.0106051,5.8069897,6.954472,10.006825,-1.7397863,5.1701,2.235439,5.991372,1.0647999,3.700601,0.15358923,2.6354084,2.4221177,4.1713543,0.11789212,1.8936138,-1.0909412,2.925108,1.6418965,3.7418292,-1.3991479,2.8183868,-500.58313,9.1552734e-05,0.0,0.0,0.0,0.0,0.0,0.0,0.0,0.0,0.0,0.0,0.0,0.0,0.0,0.0,2.5959804e-05,0.0,0.0,0.0,0.0,0.0,0.0,0.0,0.0,0.0,-500.58313,9.1552734e-05,0.0,0.0,0.0,0.0,0.0,0.0,0.0,0.0,0.0,0.0,0.0,0.0,0.0,0.0,2.5959804e-05,0.0,0.0,0.0,0.0,0.0,0.0,0.0,0.0,0.0,0.027712192,10.929654,-0.012941813,2.5371506,-0.004757532,0.6732991,0.0129186185,0.96242005,0.01281806,0.5816153,-0.0062475605,0.6202153,0.0028461285,0.38613588,0.006398784,0.21186663,0.012961953,0.3580463,-0.0056098932,0.113358065,0.0006420658,0.26320297,0.014898977,0.322685,-0.0012337327,0.23272811,0.02519331,5.287408,-0.011765304,1.0949187,-0.0043250285,0.4641674,0.011744213,0.4262406,0.011652793,0.28433883,-0.005679604,0.28720707,0.002587393,0.22632909,0.0058170836,0.17155075,0.011783601,0.23658521,-0.005099907,0.14977795,0.0005836958,0.20512857,0.013544535,0.33341926,-0.0011215749,0.19642852,620.5394321758076,1477.9932050070247,297.053870700962,727.930988052658,969.0485668789809,2302.081475135656,0.06896272890127389,0.17282963369926405,0.0021901613,0.011859276,3-216280-A-39.wav,glass_breaking,3
-357.44412,73.12231,-10.160831,15.651838,-4.130618,7.0400367,4.3588023,7.3675027,-2.5022721,5.753425,-2.5205877,4.0905805,1.9103134,3.7571065,-0.41024473,3.243201,-0.83061475,4.5972,-0.2930851,2.7524452,0.86925304,2.4760928,-1.86526,4.153183,-1.212155,4.18357,-391.68445,6.1035156e-05,0.0,0.0,0.0,0.0,0.0,0.0,0.0,0.0,0.0,0.0,0.0,0.0,0.0,0.0,1.2979902e-05,0.0,0.0,0.0,0.0,0.0,0.0,0.0,0.0,0.0,-391.68445,6.1035156e-05,0.0,0.0,0.0,0.0,0.0,0.0,0.0,0.0,0.0,0.0,0.0,0.0,0.0,0.0,1.2979902e-05,0.0,0.0,0.0,0.0,0.0,0.0,0.0,0.0,0.0,-3.2069804e-07,7.884174,0.0,1.4539775,0.0,0.6328509,-3.0371794e-09,0.6856812,-1.5185897e-09,0.43291408,-3.7964742e-10,0.34824485,0.0,0.3967657,-1.5185897e-09,0.32818234,-3.7963843e-10,0.47920707,-7.118389e-10,0.332419,5.6947114e-10,0.1738613,0.0,0.42663497,-1.1389423e-09,0.43433276,-5.178534e-07,5.28582,0.0,0.63008755,1.5185897e-09,0.3292695,0.0,0.3670742,-6.074359e-09,0.4591093,-1.5185897e-09,0.19873975,7.5929485e-10,0.21953213,0.0,0.26394767,3.2281095e-15,0.24874881,-3.7964742e-10,0.18366182,-7.5929485e-10,0.14870611,3.0371794e-09,0.2644287,0.0,0.27220777,814.9357826086496,1589.6027360896558,439.9435408255947,871.1706279470538,1363.156847133758,2658.532412807701,0.10402567675159236,0.21432100613031668,0.0040178453,0.026604304,3-216281-A-39.wav,glass_breaking,3
-384.19543,92.00042,-13.298861,21.524595,-3.834794,8.483982,3.828155,6.0408545,-1.8881663,4.8009057,-2.9602218,5.2030735,1.8104967,4.653682,1.1909186,4.7192445,-1.208122,4.4626975,-1.0818328,4.499455,1.141981,3.513692,-1.9113036,4.384705,-0.7397985,2.9331193,-433.88434,3.0517578e-05,0.0,0.0,0.0,0.0,0.0,0.0,0.0,0.0,0.0,0.0,0.0,0.0,0.0,0.0,0.0,0.0,0.0,0.0,0.0,0.0,0.0,0.0,0.0,0.0,-433.88437,6.1035156e-05,0.0,0.0,0.0,0.0,0.0,0.0,0.0,0.0,0.0,0.0,0.0,0.0,0.0,0.0,0.0,0.0,0.0,0.0,0.0,0.0,0.0,0.0,0.0,0.0,-7.4339636e-07,9.285951,-1.3667307e-08,1.9901074,0.0,0.67013645,0.0,0.4881942,1.5185897e-09,0.31400198,-1.5185897e-09,0.42104784,0.0,0.5076753,-1.8982371e-09,0.5356236,1.5185897e-09,0.48079365,-3.7964742e-10,0.4109213,0.0,0.38933367,1.5185897e-09,0.3605254,0.0,0.28282142,-2.6675272e-07,5.817061,0.0,0.7109183,0.0,0.6041047,0.0,0.2639986,-3.0371794e-09,0.33587223,0.0,0.22193821,-3.0371794e-09,0.35976115,0.0,0.34904164,-4.555769e-09,0.35144386,0.0,0.29466376,1.5185897e-09,0.25360635,0.0,0.2575997,7.5929485e-10,0.15625367,600.7584882020275,1426.8024861930267,304.41207513309314,736.403864360207,965.9633757961783,2292.360920149515,0.07168715167197452,0.17484097793606945,0.0036062459,0.02244118,3-216284-A-39.wav,glass_breaking,3
-270.35287,132.98528,4.560366,14.173238,3.105105,5.604977,8.2967415,7.1572466,-1.5293134,4.5783834,6.1854,5.183298,-2.643854,4.3622456,3.690391,3.6273556,-1.4755563,3.6728146,1.9802941,3.2843604,0.9736812,3.1454775,3.1545587,4.789677,1.2119422,3.6822712,-560.96265,0.0,0.0,0.0,0.0,0.0,0.0,0.0,0.0,0.0,0.0,0.0,0.0,0.0,0.0,0.0,0.0,0.0,0.0,0.0,0.0,0.0,0.0,0.0,0.0,0.0,-560.96265,0.0,0.0,0.0,0.0,0.0,0.0,0.0,0.0,0.0,0.0,0.0,0.0,0.0,0.0,0.0,0.0,0.0,0.0,0.0,0.0,0.0,0.0,0.0,0.0,0.0,-2.2314792,9.578497,-0.15928857,1.7525818,-0.056826342,0.5077537,-0.018196143,0.6903864,-0.0041600885,0.51135445,-0.03493142,0.54424727,0.043618146,0.38497502,-0.030812303,0.38048092,-0.003303947,0.36168218,-0.011800003,0.25399294,0.009625873,0.31990665,0.012119606,0.48671973,0.0027346762,0.3860044,-0.57224596,4.958413,0.107188895,0.9689457,0.009924043,0.4121208,0.012686845,0.45360595,0.021880586,0.25967914,0.036070455,0.37772253,0.028749593,0.28193092,0.020440353,0.24230151,0.026763154,0.24818729,0.030519297,0.26370877,0.014866287,0.22333486,0.02338411,0.38622752,0.0268277,0.28891537,977.2956542241134,1575.8521047781087,594.0324322503386,943.341721557737,1649.3829617834394,2620.3950319263417,0.10945586186305732,0.18689586596563482,0.0021997748,0.0059598344,4-204115-A-39.wav,glass_breaking,4
-295.83987,160.31827,-16.317898,16.211578,3.0763485,5.9184628,2.5848722,3.9313648,-2.3757393,3.1979065,3.8194156,4.0119,-0.5130044,2.3337088,3.9107308,3.6104627,0.18657161,2.6594832,2.8907504,2.9976506,2.4187722,3.1315944,1.4120401,2.68937,0.8570303,2.8621833,-515.3514,0.0,0.0,0.0,0.0,0.0,0.0,0.0,0.0,0.0,0.0,0.0,0.0,0.0,0.0,0.0,-2.5959804e-05,0.0,0.0,0.0,0.0,0.0,0.0,0.0,0.0,0.0,-515.3514,0.0,0.0,0.0,0.0,0.0,0.0,0.0,0.0,0.0,0.0,0.0,0.0,0.0,0.0,0.0,-2.5959804e-05,0.0,0.0,0.0,0.0,0.0,0.0,0.0,0.0,0.0,-2.4742298,7.447683,0.13259971,1.1082577,-0.079250336,0.71745414,-0.03973304,0.4123595,0.02630003,0.2689039,-0.026322534,0.31329662,0.037125442,0.22460297,-0.022595782,0.2632484,0.017294316,0.16628838,-0.008742363,0.2364743,-0.010649707,0.30125988,0.03586335,0.352803,0.024233287,0.33775765,-0.36872423,3.9698024,0.056622166,0.49926656,0.04587763,0.34581667,0.036533814,0.26960438,0.027042655,0.23210287,0.03778286,0.31634086,-0.014506793,0.124574,0.011672933,0.1792197,0.008529256,0.15859,0.025854805,0.24791098,0.022426995,0.2486469,0.0013790297,0.14618301,-0.0033356696,0.17091258,983.183129683161,1809.1802572778258,439.561194834936,810.2104481059505,1462.7786624203823,2683.25568829147,0.12006742635350319,0.22776112527782777,0.0046050623,0.013691352,4-204119-A-39.wav,glass_breaking,4
-250.34947,70.19306,-1.2362949,31.98442,6.696736,6.016985,7.278033,7.444527,-3.1677184,5.1234636,6.9161963,4.9383245,0.6428567,4.532654,4.5284395,3.5469828,2.380559,4.1477566,3.5858548,3.1713006,2.9849489,2.2138832,2.5184445,2.482969,1.2069321,2.723757,-490.55548,90.259186,7.6867795,13.580978,2.4102633,4.349083,3.9595275,6.9333935,0.45649293,1.5759499,2.1867888,4.0519166,-0.21583888,1.182043,2.2380624,4.0534897,0.3144562,1.2066486,1.5985639,2.9768708,0.85051274,1.8566524,0.6153838,1.454827,0.2940448,1.1217432,-542.0132,6.1035156e-05,0.0,0.0,0.0,0.0,0.0,0.0,0.0,0.0,0.0,0.0,0.0,0.0,0.0,0.0,2.5959804e-05,0.0,0.0,0.0,0.0,0.0,0.0,0.0,0.0,0.0,-2.2980275,6.7935686,0.021030912,2.0223036,-0.07358241,0.6911507,-0.0039184745,0.7970646,0.027893871,0.40633103,-0.020755224,0.43809173,0.03223078,0.46551746,0.00015936232,0.46225473,0.010419854,0.36317158,0.018229842,0.38078403,0.004014575,0.22901288,0.0054435865,0.24014054,0.00424709,0.2528009,-0.49837726,4.0192566,0.15049365,0.94850194,0.049413584,0.4132465,0.042841606,0.48265544,0.038200058,0.27998865,0.01494276,0.25235423,0.015216394,0.27829638,-0.0028246448,0.24469957,0.019228583,0.24145807,0.0057913847,0.21562007,0.0052879965,0.17639714,0.009299126,0.17969993,0.016649129,0.24265532,1357.1677700356797,1732.1074588816277,871.3825557404848,1033.642461538081,2406.548566878981,2872.5165338066154,0.1360034335191083,0.20619274853940697,0.0033003087,0.009250974,4-204121-A-39.wav,glass_breaking,4
-248.81361,80.18433,-0.2680831,32.800014,9.001621,8.606286,7.974088,5.8003273,-2.1970243,4.767429,4.479788,4.0750017,-2.446979,4.2615056,5.8239946,2.961309,0.5850796,2.801463,5.497627,4.44691,4.606089,3.5711856,2.5269065,3.248209,1.371549,3.0958965,-527.6944,6.1035156e-05,0.0,0.0,0.0,0.0,0.0,0.0,0.0,0.0,0.0,0.0,0.0,0.0,0.0,0.0,0.0,0.0,0.0,0.0,0.0,0.0,0.0,0.0,0.0,0.0,-527.69446,0.00012207031,0.0,0.0,0.0,0.0,0.0,0.0,0.0,0.0,0.0,0.0,0.0,0.0,0.0,0.0,0.0,0.0,0.0,0.0,0.0,0.0,0.0,0.0,0.0,0.0,-2.466,6.265325,0.17231189,1.9701226,-0.025405223,0.95392716,-0.048954003,0.54849035,0.0066151405,0.50044715,-0.01999227,0.43082485,0.019289155,0.43168887,-0.03018289,0.2806206,-0.009396018,0.26445127,0.006572013,0.44379067,0.013613443,0.35630628,0.024122681,0.31720477,0.017875357,0.2802668,-0.33856538,3.418069,0.06289262,0.8083329,0.029477583,0.43497258,0.054981753,0.40895173,0.025820225,0.2693429,0.015061862,0.1953743,0.021532958,0.25360388,-0.005416551,0.17865863,-0.0057200855,0.20798443,-0.013490631,0.24417138,-0.0045307637,0.18703248,-0.0026151123,0.21745896,0.016965756,0.21389847,1156.955005972207,1763.318143871714,669.1431993178406,960.0328121312815,1938.59474522293,2799.7238979118047,0.1276186803343949,0.21688464077864578,0.0035557072,0.010749937,4-204123-A-39.wav,glass_breaking,4
-83.23619,86.26502,-11.246285,23.027107,-7.894683,12.961584,6.7850537,12.549336,-0.93888354,8.172949,1.8540151,6.464548,-1.302045,7.347762,0.11266776,3.4245276,-1.3379605,5.338353,-0.33213523,4.3775635,-2.2748933,3.3354206,1.745745,5.461133,-1.9091461,4.6036525,-70.0073,131.46068,-13.631736,16.602583,2.2634985,12.002745,5.4038577,6.0459604,-3.7466595,6.375373,3.1445673,6.2938156,-0.72367036,4.3503137,-0.49394342,5.882269,1.8959593,7.1684675,-1.9578397,7.0793576,3.0899632,4.3361287,-1.3141229,4.5844603,-1.1037576,3.4049244,-57.87122,92.95697,-9.056767,14.0112915,-2.5856314,8.566809,4.502742,4.4583936,0.31164852,6.3007283,2.9759738,6.1689897,-2.2143772,4.179412,5.006645,6.0014086,-1.8004395,3.814062,1.213162,4.315266,-0.5597366,4.0809846,1.5402318,4.018473,-1.2615386,3.8071868,0.09812294,19.472248,-0.054228522,3.1500719,0.006900125,1.7840279,0.08300596,1.1554184,0.030775908,1.1777161,-0.07479089,1.0897671,-0.0050212047,0.9012327,-0.00036023377,0.7999599,0.013787045,1.0058721,0.008055353,0.83692396,0.041146103,0.7109555,0.010268769,0.85575205,-0.0020964951,0.6691767,-0.11843435,9.843992,-0.0406043,1.9802105,0.026283689,1.0395905,-0.025507709,0.9004697,-0.06285741,0.82587767,-0.034939244,0.6753942,-0.03053917,0.64198095,-0.030807944,0.48728487,-0.0015927849,0.66813034,0.01916833,0.6182729,-0.00768915,0.4752689,-0.022638613,0.6137804,0.038129155,0.4612347,3738.0835772406795,569.3913994132861,1977.1842032874997,208.06534992779424,6067.675159235669,658.0375179061665,0.4712753781847134,0.09697688933696146,0.26341873,0.23173477,4-204777-A-39.wav,glass_breaking,4
-102.279915,89.11189,-8.777717,19.176147,0.15776072,7.4294724,0.3655715,6.3326693,-2.4981065,4.85787,-2.143513,5.704121,0.7417067,4.584621,1.2906812,4.1572723,2.3695505,4.229809,-1.3512543,3.608935,-0.1949549,4.025834,2.5222642,3.1347356,2.8146336,3.7649004,-148.23373,136.88377,11.586208,14.983724,2.480298,7.3987856,4.7764134,5.736119,-0.9938866,4.8663764,0.81099254,3.3003144,1.3784599,3.5416873,3.0000167,2.9378114,-0.6750178,3.8761845,0.7381192,2.8734696,1.6600152,2.9365623,2.804104,2.7769923,3.1321068,3.2343316,0.71047467,90.59548,4.4545126,11.4476595,-1.2853242,6.9015055,4.13144,5.325087,-0.40033188,5.3137674,2.232377,3.5224175,-0.6972127,3.4500642,1.8282962,3.6868334,-0.75381875,4.6164556,2.4196649,3.225119,-0.053302202,3.5486977,1.3647941,2.6725545,-0.07726983,3.1222005,0.050295886,14.982563,-0.24707586,2.752001,-0.062776305,1.1613804,0.06861203,0.9046681,0.15654673,0.91217625,0.12794943,0.68874586,-0.006333734,0.6415079,0.06551566,0.5815997,0.06781979,0.834173,0.051754344,0.4805212,-0.008185615,0.46726954,-0.0018121254,0.41290352,-0.004051913,0.5431959,0.17807865,8.200334,0.14236899,1.503234,0.003109916,0.7445481,0.025320372,0.6799014,-0.003679356,0.5003004,0.004385965,0.45316806,-0.02658988,0.52458185,-0.005588433,0.42174384,0.009726595,0.47974676,-0.024095794,0.39552376,-0.023063246,0.43038112,-0.021440411,0.36887792,-0.009801318,0.33840418,3470.754035970996,591.0014013924032,2182.64909977954,156.08542192348438,6172.372611464968,476.8586756585472,0.3977719446656051,0.1241814136617389,0.24199244,0.25487506,4-204777-B-39.wav,glass_breaking,4
-52.31519,128.35286,5.5423856,8.97619,-2.500973,9.358035,5.233436,5.8262506,2.6459818,6.304764,2.081711,6.767003,1.1077242,4.4063954,-0.083573855,3.6330996,-0.65745384,4.6011467,1.883443,3.8781505,-0.97163165,2.5890808,1.4719056,3.4895778,0.40102202,4.1711845,5.725223,73.27408,7.980468,9.546115,-4.0342226,6.8926444,3.0298886,5.2027555,-1.626526,3.8507488,0.9499234,4.233827,-2.638929,3.881757,0.3422655,3.1266112,0.49143183,3.2433734,-0.027725505,3.6849763,-0.827567,3.4832854,-0.1548492,2.8946633,-1.9515913,3.24588,-331.31226,6.1035156e-05,0.0,0.0,0.0,0.0,0.0,0.0,0.0,0.0,0.0,0.0,0.0,0.0,0.0,0.0,0.0,0.0,0.0,0.0,0.0,0.0,0.0,0.0,0.0,0.0,-2.4643855,16.835003,0.015183236,1.330893,0.006546306,1.1085548,0.0085715,0.861732,0.015253246,0.7873804,-0.030132819,0.8132884,-0.0131199835,0.5493322,0.007722894,0.4385044,-0.019688305,0.607089,-0.0061384887,0.45381325,-0.011379251,0.41185004,-0.015808702,0.46205127,0.011663097,0.56702095,-0.012753104,6.820878,0.038765226,0.9024562,-0.015456435,0.7623412,0.0010089381,0.5595444,0.0042535015,0.4779915,-0.0042737457,0.5401431,0.0065928423,0.41486397,-0.0081751775,0.34686542,-0.006983151,0.3826862,-0.0056534456,0.34084368,0.00032975833,0.33270732,-0.014037585,0.32248828,-0.018279286,0.39313743,2256.738821502381,1617.5555026023146,1456.2970977142961,1031.8769456269192,4060.609076433121,2883.653718403174,0.24983205613057324,0.1885015599638776,0.24323423,0.29032156,4-204777-C-39.wav,glass_breaking,4
-251.11911,78.29957,22.538015,20.85683,3.6106775,5.862492,-2.342617,5.1043525,1.2913789,3.070159,1.1032935,3.202996,-0.9708491,3.5412512,0.49162132,4.417095,-0.27381584,3.0131478,0.5481911,3.298855,0.52033556,2.570421,2.011699,2.7110863,1.0869342,2.23161,-366.59186,23.151674,17.756935,21.66312,5.2175326,6.674498,-0.31055072,1.5153382,-0.13657522,1.3724753,0.583882,1.4833499,1.2849272,2.2350044,1.7483442,2.381453,1.182899,1.8346367,1.0768586,1.8763494,0.66407675,1.7743503,0.66050977,1.6903782,0.72088665,1.5107986,-385.4246,9.1552734e-05,0.0,0.0,0.0,0.0,0.0,0.0,0.0,0.0,0.0,0.0,0.0,0.0,0.0,0.0,0.0,0.0,0.0,0.0,0.0,0.0,0.0,0.0,0.0,0.0,-0.24714792,7.2043242,-0.25006446,2.4268944,-0.09645615,0.67111707,-0.007578751,0.39659926,0.00017273502,0.30326596,-0.024284588,0.31072608,-0.029748492,0.38053715,-0.0492953,0.3985436,-0.027081305,0.29992607,-0.027483387,0.28642875,-0.0032016586,0.27685678,0.00073818566,0.24062656,0.001297887,0.21727397,-0.09274436,3.9240685,0.0062235813,1.29705,0.008576514,0.36879373,0.0038426935,0.2580465,0.004683134,0.17555384,-0.0030317055,0.28320348,0.005851473,0.24808921,0.00015030697,0.22683527,0.008014537,0.22231369,-0.0015004334,0.20772825,0.002304572,0.17377596,-0.010233592,0.18568355,0.005327545,0.1809908,1209.5820411881925,1437.119365660623,1050.4379640631648,1117.5297600350148,2559.812898089172,2792.2557297702433,0.10031847133757962,0.15783835040982128,0.0053694765,0.029534025,4-212698-A-39.wav,glass_breaking,4
-307.84854,110.75733,15.14096,19.16054,14.084366,8.569724,7.057027,7.713302,6.9450297,4.194286,8.000714,4.2166443,4.3677063,5.2750983,4.9208736,4.895358,4.569602,3.3249104,4.424559,3.4620037,3.406834,3.103376,2.7315557,3.142674,2.7447765,2.6560466,-406.77673,7.9113555,4.5097775,10.104132,3.4069989,7.5723267,2.2910674,5.057274,1.6090907,3.549894,1.3733044,3.0795405,1.3233335,3.0012321,1.2403576,2.7986073,1.0861582,2.4394555,0.9245018,2.1154804,0.79905933,1.8568158,0.6928485,1.5935988,0.55617374,1.3235723,-410.29495,0.0,0.0,0.0,0.0,0.0,0.0,0.0,0.0,0.0,0.0,0.0,0.0,0.0,0.0,0.0,0.0,0.0,0.0,0.0,0.0,0.0,0.0,0.0,0.0,0.0,-0.22622125,10.142138,-0.16855533,1.8219901,-0.026275622,1.006157,-0.08892861,0.7283597,-0.088427864,0.45390466,-0.01542041,0.4361007,-0.054238524,0.48642167,-0.07979851,0.47928342,-0.0006179373,0.37397683,-0.0035244704,0.34484446,-0.045440182,0.31796497,8.308356e-05,0.3124347,0.019762529,0.29297012,0.03588842,5.2962937,-0.014278084,0.9980267,-0.05342311,0.51099986,0.014876955,0.30418333,0.032015357,0.33693516,-0.00850822,0.31754297,0.0031358665,0.30508515,0.017435782,0.3039747,-0.012849632,0.22712213,-0.0015174401,0.27357137,0.021040965,0.2144701,-0.0067937314,0.22495313,-0.020736119,0.18305314,808.5672715824221,1308.732922544807,787.3422315258008,1000.9206728401435,1585.5891719745223,2358.796965660501,0.059557872213375794,0.1386568927240975,0.0069197756,0.035777934,5-221528-A-39.wav,glass_breaking,5
-278.52884,100.38325,13.797725,29.084467,2.6150515,11.778371,0.29416955,7.3816166,-3.7853773,7.0555,5.2124352,5.4435663,0.37557903,4.1472993,6.8505683,3.55338,1.789175,5.0410757,1.8742013,3.8581102,0.9635147,3.0497003,1.0312599,3.28042,0.95524514,3.6818223,-477.2039,47.46128,21.04011,27.000381,3.4897895,4.804665,3.847178,5.100597,2.404516,3.3556468,3.2698593,4.6773744,2.1520984,3.0383024,2.432635,3.3594816,1.8657907,3.1182773,1.5504066,2.5682402,0.9679064,1.8106637,0.65155,1.8320225,0.070079766,1.6826108,-513.7615,0.0,0.0,0.0,0.0,0.0,0.0,0.0,0.0,0.0,0.0,0.0,0.0,0.0,0.0,0.0,0.0,0.0,0.0,0.0,0.0,0.0,0.0,0.0,0.0,0.0,-0.092477225,10.435875,-0.43132642,2.7049255,-0.16166319,1.6549561,-0.10068768,0.9836692,-0.07494718,0.8584327,-0.109899715,0.6518228,-0.026785692,0.4138119,-0.059438426,0.44853646,-0.017005308,0.57476234,-0.010690683,0.3977129,-0.008312608,0.2535094,-0.0063899686,0.3256962,-0.028661799,0.5069183,0.13572085,4.958801,-0.03298186,1.0929873,-0.052875046,1.1875362,-0.008680383,0.55918217,-0.01907129,0.47242445,-0.010229153,0.43583938,-0.030828826,0.3235963,0.004777889,0.24881607,-0.008690914,0.3641032,-0.012196362,0.3078958,0.008157483,0.21343853,-0.003249765,0.2791378,0.012746895,0.30563757,1197.5096265150491,1541.0528746926063,934.5688372259032,1016.179715855427,2231.7874203821657,2620.8000261301067,0.11185061703821655,0.1790590973112198,0.0031003195,0.010556072,5-221529-A-39.wav,glass_breaking,5
-314.0443,146.101,-2.7937188,19.028578,3.2452085,5.92225,3.832776,4.7040977,1.2463958,3.9830103,0.54381835,3.066033,-2.2600703,5.8505993,-2.5686517,3.5948303,-2.2777574,4.219429,-3.2130837,4.3681893,-3.3290324,3.6526887,-2.1754923,3.435214,-3.3682745,3.637989,-423.51956,3.0517578e-05,0.0,0.0,0.0,0.0,0.0,0.0,0.0,0.0,0.0,0.0,0.0,0.0,0.0,0.0,0.0,0.0,0.0,0.0,0.0,0.0,0.0,0.0,0.0,0.0,-423.51956,3.0517578e-05,0.0,0.0,0.0,0.0,0.0,0.0,0.0,0.0,0.0,0.0,0.0,0.0,0.0,0.0,0.0,0.0,0.0,0.0,0.0,0.0,0.0,0.0,0.0,0.0,-0.08438352,13.4549885,-0.05977796,1.9568915,-0.047220256,0.75095916,-0.043714684,0.34021255,-0.03151703,0.452072,-0.057603303,0.2817969,-0.026021987,0.6127982,0.0035677783,0.3510417,-0.0042930953,0.32979137,0.017203713,0.36473137,0.0057134144,0.31648946,0.0049732504,0.3204889,0.038973726,0.34587336,-0.040148336,5.892606,-0.047565535,0.83460224,-0.00810201,0.35146937,-0.0027131517,0.28799123,-0.0019247698,0.25378782,0.020175772,0.1668236,0.021708306,0.2744978,0.021266248,0.2327915,0.023271443,0.29441345,0.0122277085,0.25787342,0.0057107536,0.21851267,0.007069679,0.20503996,-0.009525784,0.18763348,806.5856141273911,1579.36408017237,471.0177615704315,904.6831981698516,1375.1990445859872,2623.8439760359797,0.08972556727707007,0.19077113361617828,0.014895244,0.07113744,5-233605-A-39.wav,glass_breaking,5
-266.64825,145.63843,-4.1094894,16.972813,3.69126,6.987382,-1.678576,4.5653768,-1.2889105,5.104091,-1.4289265,3.879036,-3.0027184,4.022235,0.39037287,3.853127,-3.256382,4.5572658,-3.2663763,4.0184693,-2.0783546,3.0468826,-2.6131594,2.831658,-3.795297,3.777411,-404.668,0.0,0.0,0.0,0.0,0.0,0.0,0.0,0.0,0.0,0.0,0.0,0.0,0.0,0.0,0.0,1.2979902e-05,0.0,0.0,0.0,0.0,0.0,0.0,0.0,0.0,0.0,-404.668,0.0,0.0,0.0,0.0,0.0,0.0,0.0,0.0,0.0,0.0,0.0,0.0,0.0,0.0,0.0,1.2979902e-05,0.0,0.0,0.0,0.0,0.0,0.0,0.0,0.0,0.0,0.11024028,13.61795,-0.28306612,2.283894,-0.036914535,0.79394186,-0.06317734,0.54459226,-0.06719048,0.687578,0.022483729,0.28029802,0.00023416046,0.37993875,0.024438838,0.45059538,0.07780868,0.51471996,0.081277885,0.49302158,-0.0010417008,0.25868818,0.032466225,0.19525826,0.039754447,0.23171571,-0.56205046,3.88105,0.010480615,0.85448825,-0.0066319406,0.3760557,0.004876432,0.14586999,0.019557364,0.19992436,-0.026969448,0.24447635,0.0060228705,0.16135079,0.028186604,0.33063748,-0.0442895,0.2800481,0.0024569994,0.25309408,0.02527038,0.22305949,-0.018215785,0.15497072,-0.006810311,0.18250948,858.919828013611,1665.9214748716897,465.34503547437646,890.2999860191167,1390.4259554140128,2649.822442561199,0.10634579020700637,0.2180900353781854,0.021164432,0.084561974,5-233607-A-39.wav,glass_breaking,5
-271.787,130.71574,18.674532,17.18881,8.549251,6.4176936,3.6748552,4.6108875,1.3031787,4.3618503,0.6585692,4.0819073,1.4694833,3.2963464,0.4765305,3.867882,0.22525644,2.8285728,-0.5680531,3.1700025,0.9836732,3.0521963,-2.0170355,3.2029157,-1.7299567,2.4536955,-302.85654,110.4122,23.1839,15.511856,9.197248,7.111911,4.55029,4.407459,1.4205518,4.264506,0.80704445,3.5978177,0.06368094,4.448007,1.2845327,3.0411265,-0.5441613,3.4670854,0.34541833,2.0418885,-0.3878689,2.2322187,-0.7539529,2.5010545,-2.0137086,2.7103157,-215.74377,143.49927,11.024729,19.801691,6.3340826,7.2876754,8.806599,6.067316,0.36679646,4.790747,4.442844,5.963581,0.48491892,3.4652314,-0.18527628,4.069949,-0.19113323,3.9075968,-0.41102433,4.2113395,2.7552438,3.5801404,-2.4518085,3.5265467,-5.569605,6.5515194,2.9914238,21.620495,-0.020985767,3.794872,0.03762197,1.5209589,0.045710605,1.0033084,-0.07897772,0.8605156,-0.037016116,0.8331115,0.0044743787,0.659549,-0.045162573,0.68994725,-0.035692573,0.5115196,-0.027435934,0.54938626,0.0003100383,0.5092085,-0.056429207,0.5207255,0.0013599183,0.66994923,-0.52832806,9.328436,-0.12241431,1.7502937,-0.027703984,0.8677478,-0.02819831,0.6340604,-0.04088344,0.542261,-0.03677826,0.5112786,0.012678705,0.39497334,-0.021356696,0.37953332,-0.009690046,0.3556301,0.041645072,0.47814408,-0.0151199475,0.3782323,0.008804151,0.36945748,0.018235425,0.42701617,2425.9053077178673,1238.772446623486,1981.4643775808563,738.5060115430794,4855.493630573248,2042.1290125310145,0.22891371417197454,0.16904507339529803,0.026387418,0.045602277,5-257642-A-39.wav,glass_breaking,5
-368.71405,131.43538,-4.428423,21.520395,10.114081,15.257299,4.9851856,9.901628,0.9602689,6.203044,4.008479,6.6704307,-2.076632,5.238956,2.3607216,5.043587,0.43242344,4.4760537,-0.02405372,3.195381,2.1384413,3.8753352,-0.7871428,3.187862,1.3465283,3.671979,-480.03317,3.0517578e-05,0.0,0.0,0.0,0.0,0.0,0.0,0.0,0.0,0.0,0.0,0.0,0.0,0.0,0.0,0.0,0.0,0.0,0.0,0.0,0.0,0.0,0.0,0.0,0.0,-480.03317,3.0517578e-05,0.0,0.0,0.0,0.0,0.0,0.0,0.0,0.0,0.0,0.0,0.0,0.0,0.0,0.0,0.0,0.0,0.0,0.0,0.0,0.0,0.0,0.0,0.0,0.0,-2.5370758,6.329648,-0.0036894395,2.1577582,-0.14962173,1.2187483,0.044451915,0.9326402,-0.00782675,0.6792201,0.0042519905,0.6653358,0.07472518,0.3418108,-0.040177144,0.4325323,0.06061945,0.5526314,0.01802689,0.23453216,-0.017866459,0.30888647,0.027302554,0.2507355,-0.04396,0.33256233,0.47867563,2.5560417,0.04028918,1.1852826,-0.11383318,1.052394,-0.001378849,0.65484875,-0.0055403686,0.42515364,-0.037620008,0.3493556,0.010296785,0.32906204,-0.061037283,0.5219591,0.03959076,0.51723397,-0.009514235,0.19120237,-0.023122972,0.24635808,0.034831945,0.2889813,-0.05979513,0.45573905,678.275817471303,1555.2079765548015,350.8610294377942,782.83017658142,1078.3240445859872,2394.0761843483706,0.07186753582802548,0.17300181575849122,0.0033895338,0.014106393,5-260432-A-39.wav,glass_breaking,5
-323.29935,120.15571,-2.0070708,14.057952,2.7078168,10.243227,-5.499306,7.730415,1.8894283,6.6574287,4.63696,6.70724,1.4111006,4.434697,1.9300364,4.105116,0.024535831,2.3721392,1.9177091,3.4241765,1.9906199,3.1283853,0.7728851,2.352039,0.41952726,3.8266466,-417.2204,3.0517578e-05,0.0,0.0,0.0,0.0,0.0,0.0,0.0,0.0,0.0,0.0,0.0,0.0,0.0,0.0,0.0,0.0,0.0,0.0,0.0,0.0,0.0,0.0,0.0,0.0,-417.2204,3.0517578e-05,0.0,0.0,0.0,0.0,0.0,0.0,0.0,0.0,0.0,0.0,0.0,0.0,0.0,0.0,0.0,0.0,0.0,0.0,0.0,0.0,0.0,0.0,0.0,0.0,-2.384923,7.8860393,0.088292174,1.2074118,0.053170674,1.1671351,0.16176586,0.6099655,0.10341783,0.77293104,-0.001886257,0.5784905,-0.0029096603,0.31392774,-0.0003870642,0.4470857,0.006499465,0.20475233,0.0036434315,0.3447588,-0.027217219,0.20698583,0.0025686093,0.1887444,0.06291659,0.6081854,0.28030723,3.1632974,0.07502118,0.8071832,-0.03469545,0.8827467,-0.020742543,0.29084048,-0.050406046,0.36713108,-0.024426011,0.2533377,0.027661266,0.27697217,0.009307129,0.3235358,-0.0020622844,0.1419978,0.007987556,0.1897567,-0.011708311,0.19589582,-0.004587442,0.123265535,-0.02617588,0.23866077,596.6196227405086,1488.830571478547,316.13635898245246,773.9063787007777,931.827229299363,2295.4762878418924,0.07364649681528662,0.1940114860596802,0.0045103687,0.021752395,5-260433-A-39.wav,glass_breaking,5
-308.6602,143.9165,-15.620951,22.33788,4.9790335,13.88835,3.3465967,6.688798,-3.4059043,6.5894136,2.6373384,7.682601,-0.79332703,3.5166032,2.7027094,5.758988,-1.4274268,4.6703134,2.2164292,4.2022586,0.73279774,5.2821636,-0.7294042,5.0057893,2.0415761,4.801864,-439.17746,3.0517578e-05,0.0,0.0,0.0,0.0,0.0,0.0,0.0,0.0,0.0,0.0,0.0,0.0,0.0,0.0,1.2979902e-05,0.0,0.0,0.0,0.0,0.0,0.0,0.0,0.0,0.0,-439.1775,6.1035156e-05,0.0,0.0,0.0,0.0,0.0,0.0,0.0,0.0,0.0,0.0,0.0,0.0,0.0,0.0,1.2979902e-05,0.0,0.0,0.0,0.0,0.0,0.0,0.0,0.0,0.0,-2.4258492,6.095413,0.16540985,1.8585628,-0.05715642,1.5368577,0.02036842,0.77152604,0.06601384,0.7277572,-0.040502146,0.91859883,-0.003647862,0.31125462,-0.001371089,0.61169076,-0.017156564,0.5576797,0.016838223,0.47862607,-0.015053378,0.64368606,0.05596101,0.64583576,-0.05411916,0.58114725,0.49690416,3.067749,0.14988181,1.2204012,-0.089577295,0.95383257,-0.030456625,0.38272202,0.037815902,0.4695941,-0.021616869,0.5587403,-0.02499889,0.33984345,0.011929002,0.45264226,-0.02173801,0.43147275,0.016146565,0.375558,-0.018683556,0.2932867,0.0059529385,0.3151515,-0.008354222,0.32529256,763.3785264601037,1653.8094490330823,333.92746742589344,729.8012911244848,1127.687101910828,2436.9788419515403,0.09988928144904459,0.21759550639447292,0.010625707,0.036382385,5-260434-A-39.wav,glass_breaking,5
